deployment_mode,scenario,metric,statistic,value,run_count
cloud_only,fault_alternate,anomaly_decisions,count,5,5
cloud_only,fault_alternate,anomaly_decisions,mean,14.2,5
cloud_only,fault_alternate,anomaly_decisions,median,17.0,5
cloud_only,fault_alternate,anomaly_decisions,std,7.395944834840238,5
cloud_only,fault_alternate,anomaly_decisions,p95,18.0,5
cloud_only,fault_alternate,anomaly_decisions,min,1.0,5
cloud_only,fault_alternate,anomaly_decisions,max,18.0,5
cloud_only,fault_alternate,anomaly_events,count,5,5
cloud_only,fault_alternate,anomaly_events,mean,1317.4,5
cloud_only,fault_alternate,anomaly_events,median,1619.0,5
cloud_only,fault_alternate,anomaly_events,std,682.7959431631093,5
cloud_only,fault_alternate,anomaly_events,p95,1628.0,5
cloud_only,fault_alternate,anomaly_events,min,96.0,5
cloud_only,fault_alternate,anomaly_events,max,1629.0,5
cloud_only,fault_alternate,classifier_accuracy,count,4,5
cloud_only,fault_alternate,classifier_accuracy,mean,0.9857641902332147,5
cloud_only,fault_alternate,classifier_accuracy,median,0.9856574833800038,5
cloud_only,fault_alternate,classifier_accuracy,std,0.0017633417921867,5
cloud_only,fault_alternate,classifier_accuracy,p95,0.9874516646673666,5
cloud_only,fault_alternate,classifier_accuracy,min,0.9842171717171717,5
cloud_only,fault_alternate,classifier_accuracy,max,0.9875246224556796,5
cloud_only,fault_alternate,classifier_correct_count,count,5,5
cloud_only,fault_alternate,classifier_correct_count,mean,1230.2,5
cloud_only,fault_alternate,classifier_correct_count,median,1523.0,5
cloud_only,fault_alternate,classifier_correct_count,std,688.1661863242047,5
cloud_only,fault_alternate,classifier_correct_count,p95,1563.8,5
cloud_only,fault_alternate,classifier_correct_count,min,0.0,5
cloud_only,fault_alternate,classifier_correct_count,max,1565.0,5
cloud_only,fault_alternate,classifier_cpu_count,count,5,5
cloud_only,fault_alternate,classifier_cpu_count,mean,134.4,5
cloud_only,fault_alternate,classifier_cpu_count,median,157.0,5
cloud_only,fault_alternate,classifier_cpu_count,std,50.53513629149525,5
cloud_only,fault_alternate,classifier_cpu_count,p95,157.0,5
cloud_only,fault_alternate,classifier_cpu_count,min,44.0,5
cloud_only,fault_alternate,classifier_cpu_count,max,157.0,5
cloud_only,fault_alternate,classifier_cpu_max,count,5,5
cloud_only,fault_alternate,classifier_cpu_max,mean,2.1612,5
cloud_only,fault_alternate,classifier_cpu_max,median,2.096,5
cloud_only,fault_alternate,classifier_cpu_max,std,0.29394846487097026,5
cloud_only,fault_alternate,classifier_cpu_max,p95,2.4742,5
cloud_only,fault_alternate,classifier_cpu_max,min,1.86,5
cloud_only,fault_alternate,classifier_cpu_max,max,2.478,5
cloud_only,fault_alternate,classifier_cpu_mean,count,5,5
cloud_only,fault_alternate,classifier_cpu_mean,mean,0.46660842501447597,5
cloud_only,fault_alternate,classifier_cpu_mean,median,0.46611464968152866,5
cloud_only,fault_alternate,classifier_cpu_mean,std,0.012677832811321463,5
cloud_only,fault_alternate,classifier_cpu_mean,p95,0.4812420382165605,5
cloud_only,fault_alternate,classifier_cpu_mean,min,0.44870454545454547,5
cloud_only,fault_alternate,classifier_cpu_mean,max,0.48400636942675157,5
cloud_only,fault_alternate,classifier_cpu_median,count,5,5
cloud_only,fault_alternate,classifier_cpu_median,mean,0.0955,5
cloud_only,fault_alternate,classifier_cpu_median,median,0.095,5
cloud_only,fault_alternate,classifier_cpu_median,std,0.0014142135623730963,5
cloud_only,fault_alternate,classifier_cpu_median,p95,0.097,5
cloud_only,fault_alternate,classifier_cpu_median,min,0.094,5
cloud_only,fault_alternate,classifier_cpu_median,max,0.097,5
cloud_only,fault_alternate,classifier_cpu_min,count,5,5
cloud_only,fault_alternate,classifier_cpu_min,mean,0.0776,5
cloud_only,fault_alternate,classifier_cpu_min,median,0.078,5
cloud_only,fault_alternate,classifier_cpu_min,std,0.0015165750888103114,5
cloud_only,fault_alternate,classifier_cpu_min,p95,0.079,5
cloud_only,fault_alternate,classifier_cpu_min,min,0.076,5
cloud_only,fault_alternate,classifier_cpu_min,max,0.079,5
cloud_only,fault_alternate,classifier_cpu_p95,count,5,5
cloud_only,fault_alternate,classifier_cpu_p95,mean,1.9002700000000001,5
cloud_only,fault_alternate,classifier_cpu_p95,median,1.8422,5
cloud_only,fault_alternate,classifier_cpu_p95,std,0.13709204754470622,5
cloud_only,fault_alternate,classifier_cpu_p95,p95,2.0848,5
cloud_only,fault_alternate,classifier_cpu_p95,min,1.8323500000000001,5
cloud_only,fault_alternate,classifier_cpu_p95,max,2.1454,5
cloud_only,fault_alternate,classifier_cpu_std,count,5,5
cloud_only,fault_alternate,classifier_cpu_std,mean,0.7081786992046251,5
cloud_only,fault_alternate,classifier_cpu_std,median,0.6924245476034162,5
cloud_only,fault_alternate,classifier_cpu_std,std,0.040222177380748146,5
cloud_only,fault_alternate,classifier_cpu_std,p95,0.7633017677944219,5
cloud_only,fault_alternate,classifier_cpu_std,min,0.6759921902558866,5
cloud_only,fault_alternate,classifier_cpu_std,max,0.7766252561053554,5
cloud_only,fault_alternate,classifier_ground_truth_count,count,5,5
cloud_only,fault_alternate,classifier_ground_truth_count,mean,1248.0,5
cloud_only,fault_alternate,classifier_ground_truth_count,median,1543.0,5
cloud_only,fault_alternate,classifier_ground_truth_count,std,698.2145085860076,5
cloud_only,fault_alternate,classifier_ground_truth_count,p95,1588.8,5
cloud_only,fault_alternate,classifier_ground_truth_count,min,0.0,5
cloud_only,fault_alternate,classifier_ground_truth_count,max,1590.0,5
cloud_only,fault_alternate,classifier_memory_count,count,5,5
cloud_only,fault_alternate,classifier_memory_count,mean,134.4,5
cloud_only,fault_alternate,classifier_memory_count,median,157.0,5
cloud_only,fault_alternate,classifier_memory_count,std,50.53513629149525,5
cloud_only,fault_alternate,classifier_memory_count,p95,157.0,5
cloud_only,fault_alternate,classifier_memory_count,min,44.0,5
cloud_only,fault_alternate,classifier_memory_count,max,157.0,5
cloud_only,fault_alternate,classifier_memory_max,count,5,5
cloud_only,fault_alternate,classifier_memory_max,mean,258191360.0,5
cloud_only,fault_alternate,classifier_memory_max,median,260108288.0,5
cloud_only,fault_alternate,classifier_memory_max,std,5516071.961613264,5
cloud_only,fault_alternate,classifier_memory_max,p95,261313331.2,5
cloud_only,fault_alternate,classifier_memory_max,min,248393728.0,5
cloud_only,fault_alternate,classifier_memory_max,max,261328896.0,5
cloud_only,fault_alternate,classifier_memory_mean,count,5,5
cloud_only,fault_alternate,classifier_memory_mean,mean,257491843.83925882,5
cloud_only,fault_alternate,classifier_memory_mean,median,259851674.9044586,5
cloud_only,fault_alternate,classifier_memory_mean,std,5199288.336232568,5
cloud_only,fault_alternate,classifier_memory_mean,p95,259871607.03184712,5
cloud_only,fault_alternate,classifier_memory_mean,min,248192279.27272728,5
cloud_only,fault_alternate,classifier_memory_mean,max,259871737.477707,5
cloud_only,fault_alternate,classifier_memory_median,count,5,5
cloud_only,fault_alternate,classifier_memory_median,mean,257475379.2,5
cloud_only,fault_alternate,classifier_memory_median,median,259842048.0,5
cloud_only,fault_alternate,classifier_memory_median,std,5200994.608712761,5
cloud_only,fault_alternate,classifier_memory_median,p95,259848601.6,5
cloud_only,fault_alternate,classifier_memory_median,min,248172544.0,5
cloud_only,fault_alternate,classifier_memory_median,max,259850240.0,5
cloud_only,fault_alternate,classifier_memory_min,count,5,5
cloud_only,fault_alternate,classifier_memory_min,mean,257237811.2,5
cloud_only,fault_alternate,classifier_memory_min,median,259584000.0,5
cloud_only,fault_alternate,classifier_memory_min,std,5174090.643645432,5
cloud_only,fault_alternate,classifier_memory_min,p95,259628236.8,5
cloud_only,fault_alternate,classifier_memory_min,min,247984128.0,5
cloud_only,fault_alternate,classifier_memory_min,max,259629056.0,5
cloud_only,fault_alternate,classifier_memory_p95,count,5,5
cloud_only,fault_alternate,classifier_memory_p95,mean,257684111.36,5
cloud_only,fault_alternate,classifier_memory_p95,median,260055040.0,5
cloud_only,fault_alternate,classifier_memory_p95,std,5203513.69330921,5
cloud_only,fault_alternate,classifier_memory_p95,p95,260071260.16,5
cloud_only,fault_alternate,classifier_memory_p95,min,248377344.0,5
cloud_only,fault_alternate,classifier_memory_p95,max,260071424.0,5
cloud_only,fault_alternate,classifier_memory_std,count,5,5
cloud_only,fault_alternate,classifier_memory_std,mean,130153.43793738955,5
cloud_only,fault_alternate,classifier_memory_std,median,125067.27571896983,5
cloud_only,fault_alternate,classifier_memory_std,std,29221.602319149173,5
cloud_only,fault_alternate,classifier_memory_std,p95,165045.38573358208,5
cloud_only,fault_alternate,classifier_memory_std,min,100723.67627371973,5
cloud_only,fault_alternate,classifier_memory_std,max,168546.38731045966,5
cloud_only,fault_alternate,classifier_processing_ms_count,count,5,5
cloud_only,fault_alternate,classifier_processing_ms_count,mean,14.0,5
cloud_only,fault_alternate,classifier_processing_ms_count,median,17.0,5
cloud_only,fault_alternate,classifier_processing_ms_count,std,7.842193570679061,5
cloud_only,fault_alternate,classifier_processing_ms_count,p95,18.0,5
cloud_only,fault_alternate,classifier_processing_ms_count,min,0.0,5
cloud_only,fault_alternate,classifier_processing_ms_count,max,18.0,5
cloud_only,fault_alternate,classifier_processing_ms_max,count,4,5
cloud_only,fault_alternate,classifier_processing_ms_max,mean,6.455123424530029,5
cloud_only,fault_alternate,classifier_processing_ms_max,median,6.381869316101074,5
cloud_only,fault_alternate,classifier_processing_ms_max,std,1.603951977459113,5
cloud_only,fault_alternate,classifier_processing_ms_max,p95,8.193278312683105,5
cloud_only,fault_alternate,classifier_processing_ms_max,min,4.574298858642578,5
cloud_only,fault_alternate,classifier_processing_ms_max,max,8.48245620727539,5
cloud_only,fault_alternate,classifier_processing_ms_mean,count,4,5
cloud_only,fault_alternate,classifier_processing_ms_mean,mean,4.390825827916464,5
cloud_only,fault_alternate,classifier_processing_ms_mean,median,4.42204288407868,5
cloud_only,fault_alternate,classifier_processing_ms_mean,std,0.14044706230933193,5
cloud_only,fault_alternate,classifier_processing_ms_mean,p95,4.512451092402141,5
cloud_only,fault_alternate,classifier_processing_ms_mean,min,4.196377361522002,5
cloud_only,fault_alternate,classifier_processing_ms_mean,max,4.522840181986491,5
cloud_only,fault_alternate,classifier_processing_ms_median,count,4,5
cloud_only,fault_alternate,classifier_processing_ms_median,mean,4.2137205600738525,5
cloud_only,fault_alternate,classifier_processing_ms_median,median,4.212737083435059,5
cloud_only,fault_alternate,classifier_processing_ms_median,std,0.08389496498576104,5
cloud_only,fault_alternate,classifier_processing_ms_median,p95,4.3027520179748535,5
cloud_only,fault_alternate,classifier_processing_ms_median,min,4.115462303161621,5
cloud_only,fault_alternate,classifier_processing_ms_median,max,4.313945770263672,5
cloud_only,fault_alternate,classifier_processing_ms_min,count,4,5
cloud_only,fault_alternate,classifier_processing_ms_min,mean,3.7224292755126953,5
cloud_only,fault_alternate,classifier_processing_ms_min,median,3.7332773208618164,5
cloud_only,fault_alternate,classifier_processing_ms_min,std,0.20799603681553933,5
cloud_only,fault_alternate,classifier_processing_ms_min,p95,3.92301082611084,5
cloud_only,fault_alternate,classifier_processing_ms_min,min,3.4880638122558594,5
cloud_only,fault_alternate,classifier_processing_ms_min,max,3.935098648071289,5
cloud_only,fault_alternate,classifier_processing_ms_p95,count,4,5
cloud_only,fault_alternate,classifier_processing_ms_p95,mean,5.509963631629942,5
cloud_only,fault_alternate,classifier_processing_ms_p95,median,5.504637956619262,5
cloud_only,fault_alternate,classifier_processing_ms_p95,std,0.8364186341517444,5
cloud_only,fault_alternate,classifier_processing_ms_p95,p95,6.377269625663754,5
cloud_only,fault_alternate,classifier_processing_ms_p95,min,4.568195343017578,5
cloud_only,fault_alternate,classifier_processing_ms_p95,max,6.462383270263668,5
cloud_only,fault_alternate,classifier_processing_ms_std,count,4,5
cloud_only,fault_alternate,classifier_processing_ms_std,mean,0.6664545668986681,5
cloud_only,fault_alternate,classifier_processing_ms_std,median,0.5999968729505696,5
cloud_only,fault_alternate,classifier_processing_ms_std,std,0.3701704147027372,5
cloud_only,fault_alternate,classifier_processing_ms_std,p95,1.0957860401946289,5
cloud_only,fault_alternate,classifier_processing_ms_std,min,0.29640315172657916,5
cloud_only,fault_alternate,classifier_processing_ms_std,max,1.1694213699669542,5
cloud_only,fault_alternate,cloud_escalations,count,5,5
cloud_only,fault_alternate,cloud_escalations,mean,14.2,5
cloud_only,fault_alternate,cloud_escalations,median,17.0,5
cloud_only,fault_alternate,cloud_escalations,std,7.395944834840238,5
cloud_only,fault_alternate,cloud_escalations,p95,18.0,5
cloud_only,fault_alternate,cloud_escalations,min,1.0,5
cloud_only,fault_alternate,cloud_escalations,max,18.0,5
cloud_only,fault_alternate,decision_time_ms_count,count,5,5
cloud_only,fault_alternate,decision_time_ms_count,mean,27.0,5
cloud_only,fault_alternate,decision_time_ms_count,median,31.0,5
cloud_only,fault_alternate,decision_time_ms_count,std,10.074720839804943,5
cloud_only,fault_alternate,decision_time_ms_count,p95,32.0,5
cloud_only,fault_alternate,decision_time_ms_count,min,9.0,5
cloud_only,fault_alternate,decision_time_ms_count,max,32.0,5
cloud_only,fault_alternate,decision_time_ms_max,count,5,5
cloud_only,fault_alternate,decision_time_ms_max,mean,0.5371570587158203,5
cloud_only,fault_alternate,decision_time_ms_max,median,0.38123130798339844,5
cloud_only,fault_alternate,decision_time_ms_max,std,0.2683795353886995,5
cloud_only,fault_alternate,decision_time_ms_max,p95,0.8700847625732422,5
cloud_only,fault_alternate,decision_time_ms_max,min,0.3008842468261719,5
cloud_only,fault_alternate,decision_time_ms_max,max,0.9014606475830078,5
cloud_only,fault_alternate,decision_time_ms_mean,count,5,5
cloud_only,fault_alternate,decision_time_ms_mean,mean,0.19339966624441113,5
cloud_only,fault_alternate,decision_time_ms_mean,median,0.20429491996765137,5
cloud_only,fault_alternate,decision_time_ms_mean,std,0.046791413244093125,5
cloud_only,fault_alternate,decision_time_ms_mean,p95,0.2257870089623236,5
cloud_only,fault_alternate,decision_time_ms_mean,min,0.11168585883246528,5
cloud_only,fault_alternate,decision_time_ms_mean,max,0.22721290588378906,5
cloud_only,fault_alternate,decision_time_ms_median,count,5,5
cloud_only,fault_alternate,decision_time_ms_median,mean,0.20928382873535156,5
cloud_only,fault_alternate,decision_time_ms_median,median,0.23508071899414062,5
cloud_only,fault_alternate,decision_time_ms_median,std,0.0666292275206868,5
cloud_only,fault_alternate,decision_time_ms_median,p95,0.25000572204589844,5
cloud_only,fault_alternate,decision_time_ms_median,min,0.09131431579589844,5
cloud_only,fault_alternate,decision_time_ms_median,max,0.25200843811035156,5
cloud_only,fault_alternate,decision_time_ms_min,count,5,5
cloud_only,fault_alternate,decision_time_ms_min,mean,0.07042884826660156,5
cloud_only,fault_alternate,decision_time_ms_min,median,0.07104873657226562,5
cloud_only,fault_alternate,decision_time_ms_min,std,0.0019990228477720817,5
cloud_only,fault_alternate,decision_time_ms_min,p95,0.07214546203613281,5
cloud_only,fault_alternate,decision_time_ms_min,min,0.06723403930664062,5
cloud_only,fault_alternate,decision_time_ms_min,max,0.07224082946777344,5
cloud_only,fault_alternate,decision_time_ms_p95,count,5,5
cloud_only,fault_alternate,decision_time_ms_p95,mean,0.36124229431152344,5
cloud_only,fault_alternate,decision_time_ms_p95,median,0.3513455390930176,5
cloud_only,fault_alternate,decision_time_ms_p95,std,0.1126207400105236,5
cloud_only,fault_alternate,decision_time_ms_p95,p95,0.5013060569763184,5
cloud_only,fault_alternate,decision_time_ms_p95,min,0.22363662719726557,5
cloud_only,fault_alternate,decision_time_ms_p95,max,0.5376338958740234,5
cloud_only,fault_alternate,decision_time_ms_std,count,5,5
cloud_only,fault_alternate,decision_time_ms_std,mean,0.1261854242127259,5
cloud_only,fault_alternate,decision_time_ms_std,median,0.11231122134763816,5
cloud_only,fault_alternate,decision_time_ms_std,std,0.04126781008300072,5
cloud_only,fault_alternate,decision_time_ms_std,p95,0.1698611340538439,5
cloud_only,fault_alternate,decision_time_ms_std,min,0.07193390313053116,5
cloud_only,fault_alternate,decision_time_ms_std,max,0.17136361426181615,5
cloud_only,fault_alternate,decision_windows,count,5,5
cloud_only,fault_alternate,decision_windows,mean,27.0,5
cloud_only,fault_alternate,decision_windows,median,31.0,5
cloud_only,fault_alternate,decision_windows,std,10.074720839804943,5
cloud_only,fault_alternate,decision_windows,p95,32.0,5
cloud_only,fault_alternate,decision_windows,min,9.0,5
cloud_only,fault_alternate,decision_windows,max,32.0,5
cloud_only,fault_alternate,detection_latency_ms_count,count,5,5
cloud_only,fault_alternate,detection_latency_ms_count,mean,1317.4,5
cloud_only,fault_alternate,detection_latency_ms_count,median,1619.0,5
cloud_only,fault_alternate,detection_latency_ms_count,std,682.7959431631093,5
cloud_only,fault_alternate,detection_latency_ms_count,p95,1628.0,5
cloud_only,fault_alternate,detection_latency_ms_count,min,96.0,5
cloud_only,fault_alternate,detection_latency_ms_count,max,1629.0,5
cloud_only,fault_alternate,detection_latency_ms_max,count,5,5
cloud_only,fault_alternate,detection_latency_ms_max,mean,17.202138900756836,5
cloud_only,fault_alternate,detection_latency_ms_max,median,16.901016235351562,5
cloud_only,fault_alternate,detection_latency_ms_max,std,11.022789891150744,5
cloud_only,fault_alternate,detection_latency_ms_max,p95,31.15363121032715,5
cloud_only,fault_alternate,detection_latency_ms_max,min,4.873514175415039,5
cloud_only,fault_alternate,detection_latency_ms_max,max,34.006595611572266,5
cloud_only,fault_alternate,detection_latency_ms_mean,count,5,5
cloud_only,fault_alternate,detection_latency_ms_mean,mean,3.4327786065296535,5
cloud_only,fault_alternate,detection_latency_ms_mean,median,3.4265253278944225,5
cloud_only,fault_alternate,detection_latency_ms_mean,std,0.012168211565565053,5
cloud_only,fault_alternate,detection_latency_ms_mean,p95,3.4485124820098974,5
cloud_only,fault_alternate,detection_latency_ms_mean,min,3.4211724996566772,5
cloud_only,fault_alternate,detection_latency_ms_mean,max,3.4507183913760455,5
cloud_only,fault_alternate,detection_latency_ms_median,count,5,5
cloud_only,fault_alternate,detection_latency_ms_median,mean,3.3553361892700195,5
cloud_only,fault_alternate,detection_latency_ms_median,median,3.3516883850097656,5
cloud_only,fault_alternate,detection_latency_ms_median,std,0.02619644141636182,5
cloud_only,fault_alternate,detection_latency_ms_median,p95,3.385591506958008,5
cloud_only,fault_alternate,detection_latency_ms_median,min,3.324747085571289,5
cloud_only,fault_alternate,detection_latency_ms_median,max,3.3882856369018555,5
cloud_only,fault_alternate,detection_latency_ms_min,count,5,5
cloud_only,fault_alternate,detection_latency_ms_min,mean,2.926301956176758,5
cloud_only,fault_alternate,detection_latency_ms_min,median,2.92205810546875,5
cloud_only,fault_alternate,detection_latency_ms_min,std,0.10139048270337399,5
cloud_only,fault_alternate,detection_latency_ms_min,p95,3.048992156982422,5
cloud_only,fault_alternate,detection_latency_ms_min,min,2.8018951416015625,5
cloud_only,fault_alternate,detection_latency_ms_min,max,3.0684471130371094,5
cloud_only,fault_alternate,detection_latency_ms_p95,count,5,5
cloud_only,fault_alternate,detection_latency_ms_p95,mean,3.837356567382812,5
cloud_only,fault_alternate,detection_latency_ms_p95,median,3.8089275360107417,5
cloud_only,fault_alternate,detection_latency_ms_p95,std,0.1293842573766812,5
cloud_only,fault_alternate,detection_latency_ms_p95,p95,4.007067680358885,5
cloud_only,fault_alternate,detection_latency_ms_p95,min,3.7105679512023926,5
cloud_only,fault_alternate,detection_latency_ms_p95,max,4.056453704833983,5
cloud_only,fault_alternate,detection_latency_ms_std,count,5,5
cloud_only,fault_alternate,detection_latency_ms_std,mean,0.5634282312599909,5
cloud_only,fault_alternate,detection_latency_ms_std,median,0.5133872680206963,5
cloud_only,fault_alternate,detection_latency_ms_std,std,0.2825773089231076,5
cloud_only,fault_alternate,detection_latency_ms_std,p95,0.8781769991744257,5
cloud_only,fault_alternate,detection_latency_ms_std,min,0.22670972836850514,5
cloud_only,fault_alternate,detection_latency_ms_std,max,0.8969111390321287,5
cloud_only,fault_alternate,detector_cpu_count,count,5,5
cloud_only,fault_alternate,detector_cpu_count,mean,134.8,5
cloud_only,fault_alternate,detector_cpu_count,median,157.0,5
cloud_only,fault_alternate,detector_cpu_count,std,50.76120565944036,5
cloud_only,fault_alternate,detector_cpu_count,p95,158.0,5
cloud_only,fault_alternate,detector_cpu_count,min,44.0,5
cloud_only,fault_alternate,detector_cpu_count,max,158.0,5
cloud_only,fault_alternate,detector_cpu_max,count,5,5
cloud_only,fault_alternate,detector_cpu_max,mean,18.43,5
cloud_only,fault_alternate,detector_cpu_max,median,12.152,5
cloud_only,fault_alternate,detector_cpu_max,std,19.131803051463812,5
cloud_only,fault_alternate,detector_cpu_max,p95,44.50619999999999,5
cloud_only,fault_alternate,detector_cpu_max,min,4.227,5
cloud_only,fault_alternate,detector_cpu_max,max,51.911,5
cloud_only,fault_alternate,detector_cpu_mean,count,5,5
cloud_only,fault_alternate,detector_cpu_mean,mean,1.6802031887446587,5
cloud_only,fault_alternate,detector_cpu_mean,median,1.60756050955414,5
cloud_only,fault_alternate,detector_cpu_mean,std,0.22956542241602018,5
cloud_only,fault_alternate,detector_cpu_mean,p95,1.9867777956945902,5
cloud_only,fault_alternate,detector_cpu_mean,min,1.45675,5
cloud_only,fault_alternate,detector_cpu_mean,max,2.050607594936709,5
cloud_only,fault_alternate,detector_cpu_median,count,5,5
cloud_only,fault_alternate,detector_cpu_median,mean,1.3103,5
cloud_only,fault_alternate,detector_cpu_median,median,1.313,5
cloud_only,fault_alternate,detector_cpu_median,std,0.00685200700525036,5
cloud_only,fault_alternate,detector_cpu_median,p95,1.3164000000000002,5
cloud_only,fault_alternate,detector_cpu_median,min,1.2995,5
cloud_only,fault_alternate,detector_cpu_median,max,1.3170000000000002,5
cloud_only,fault_alternate,detector_cpu_min,count,5,5
cloud_only,fault_alternate,detector_cpu_min,mean,0.1754,5
cloud_only,fault_alternate,detector_cpu_min,median,0.109,5
cloud_only,fault_alternate,detector_cpu_min,std,0.1627983415148938,5
cloud_only,fault_alternate,detector_cpu_min,p95,0.3508,5
cloud_only,fault_alternate,detector_cpu_min,min,0.031,5
cloud_only,fault_alternate,detector_cpu_min,max,0.351,5
cloud_only,fault_alternate,detector_cpu_p95,count,5,5
cloud_only,fault_alternate,detector_cpu_p95,mean,3.56694,5
cloud_only,fault_alternate,detector_cpu_p95,median,3.7805999999999997,5
cloud_only,fault_alternate,detector_cpu_p95,std,0.9748572660907852,5
cloud_only,fault_alternate,detector_cpu_p95,p95,4.39724,5
cloud_only,fault_alternate,detector_cpu_p95,min,2.03485,5
cloud_only,fault_alternate,detector_cpu_p95,max,4.4103,5
cloud_only,fault_alternate,detector_cpu_std,count,5,5
cloud_only,fault_alternate,detector_cpu_std,mean,1.8953178551307355,5
cloud_only,fault_alternate,detector_cpu_std,median,1.4936167629712513,5
cloud_only,fault_alternate,detector_cpu_std,std,1.5260586282301305,5
cloud_only,fault_alternate,detector_cpu_std,p95,3.948137874296007,5
cloud_only,fault_alternate,detector_cpu_std,min,0.5837294341778402,5
cloud_only,fault_alternate,detector_cpu_std,max,4.529585211582462,5
cloud_only,fault_alternate,detector_memory_count,count,5,5
cloud_only,fault_alternate,detector_memory_count,mean,134.8,5
cloud_only,fault_alternate,detector_memory_count,median,157.0,5
cloud_only,fault_alternate,detector_memory_count,std,50.76120565944036,5
cloud_only,fault_alternate,detector_memory_count,p95,158.0,5
cloud_only,fault_alternate,detector_memory_count,min,44.0,5
cloud_only,fault_alternate,detector_memory_count,max,158.0,5
cloud_only,fault_alternate,detector_memory_max,count,5,5
cloud_only,fault_alternate,detector_memory_max,mean,221365043.2,5
cloud_only,fault_alternate,detector_memory_max,median,220946432.0,5
cloud_only,fault_alternate,detector_memory_max,std,735681.9659303876,5
cloud_only,fault_alternate,detector_memory_max,p95,222166220.8,5
cloud_only,fault_alternate,detector_memory_max,min,220696576.0,5
cloud_only,fault_alternate,detector_memory_max,max,222167040.0,5
cloud_only,fault_alternate,detector_memory_mean,count,5,5
cloud_only,fault_alternate,detector_memory_mean,mean,220615874.32079923,5
cloud_only,fault_alternate,detector_memory_mean,median,220662278.48101267,5
cloud_only,fault_alternate,detector_memory_mean,std,106519.13992578702,5
cloud_only,fault_alternate,detector_memory_mean,p95,220671907.59809723,5
cloud_only,fault_alternate,detector_memory_mean,min,220425960.72727272,5
cloud_only,fault_alternate,detector_memory_mean,max,220672725.87341774,5
cloud_only,fault_alternate,detector_memory_median,count,5,5
cloud_only,fault_alternate,detector_memory_median,mean,220606873.6,5
cloud_only,fault_alternate,detector_memory_median,median,220657664.0,5
cloud_only,fault_alternate,detector_memory_median,std,108798.73505147015,5
cloud_only,fault_alternate,detector_memory_median,p95,220667084.8,5
cloud_only,fault_alternate,detector_memory_median,min,220413952.0,5
cloud_only,fault_alternate,detector_memory_median,max,220667904.0,5
cloud_only,fault_alternate,detector_memory_min,count,5,5
cloud_only,fault_alternate,detector_memory_min,mean,220338585.6,5
cloud_only,fault_alternate,detector_memory_min,median,220348416.0,5
cloud_only,fault_alternate,detector_memory_min,std,44172.27887261421,5
cloud_only,fault_alternate,detector_memory_min,p95,220379545.6,5
cloud_only,fault_alternate,detector_memory_min,min,220266496.0,5
cloud_only,fault_alternate,detector_memory_min,max,220385280.0,5
cloud_only,fault_alternate,detector_memory_p95,count,5,5
cloud_only,fault_alternate,detector_memory_p95,mean,220801269.76,5
cloud_only,fault_alternate,detector_memory_p95,median,220831744.0,5
cloud_only,fault_alternate,detector_memory_p95,std,68932.0718722987,5
cloud_only,fault_alternate,detector_memory_p95,p95,220839608.32,5
cloud_only,fault_alternate,detector_memory_p95,min,220678758.4,5
cloud_only,fault_alternate,detector_memory_p95,max,220840550.4,5
cloud_only,fault_alternate,detector_memory_std,count,5,5
cloud_only,fault_alternate,detector_memory_std,mean,138682.54275515064,5
cloud_only,fault_alternate,detector_memory_std,median,129171.22389849817,5
cloud_only,fault_alternate,detector_memory_std,std,34139.19989169509,5
cloud_only,fault_alternate,detector_memory_std,p95,176578.60181415395,5
cloud_only,fault_alternate,detector_memory_std,min,102912.70816917894,5
cloud_only,fault_alternate,detector_memory_std,max,177941.65270119766,5
cloud_only,fault_alternate,detector_processing_ms_count,count,5,5
cloud_only,fault_alternate,detector_processing_ms_count,mean,70.4,5
cloud_only,fault_alternate,detector_processing_ms_count,median,77.0,5
cloud_only,fault_alternate,detector_processing_ms_count,std,17.7426040929735,5
cloud_only,fault_alternate,detector_processing_ms_count,p95,81.4,5
cloud_only,fault_alternate,detector_processing_ms_count,min,39.0,5
cloud_only,fault_alternate,detector_processing_ms_count,max,82.0,5
cloud_only,fault_alternate,detector_processing_ms_max,count,5,5
cloud_only,fault_alternate,detector_processing_ms_max,mean,101.16081237792969,5
cloud_only,fault_alternate,detector_processing_ms_max,median,101.09066963195801,5
cloud_only,fault_alternate,detector_processing_ms_max,std,0.3284118957264912,5
cloud_only,fault_alternate,detector_processing_ms_max,p95,101.50527954101562,5
cloud_only,fault_alternate,detector_processing_ms_max,min,100.70967674255371,5
cloud_only,fault_alternate,detector_processing_ms_max,max,101.52125358581543,5
cloud_only,fault_alternate,detector_processing_ms_mean,count,5,5
cloud_only,fault_alternate,detector_processing_ms_mean,mean,50.12256569543884,5
cloud_only,fault_alternate,detector_processing_ms_mean,median,51.551806131998696,5
cloud_only,fault_alternate,detector_processing_ms_mean,std,3.458911657739311,5
cloud_only,fault_alternate,detector_processing_ms_mean,p95,52.35935292294653,5
cloud_only,fault_alternate,detector_processing_ms_mean,min,44.05169982414741,5
cloud_only,fault_alternate,detector_processing_ms_mean,max,52.47326304272907,5
cloud_only,fault_alternate,detector_processing_ms_median,count,5,5
cloud_only,fault_alternate,detector_processing_ms_median,mean,51.82344913482666,5
cloud_only,fault_alternate,detector_processing_ms_median,median,54.80194091796875,5
cloud_only,fault_alternate,detector_processing_ms_median,std,5.540636036468153,5
cloud_only,fault_alternate,detector_processing_ms_median,p95,55.0614595413208,5
cloud_only,fault_alternate,detector_processing_ms_median,min,42.183637619018555,5
cloud_only,fault_alternate,detector_processing_ms_median,max,55.06181716918945,5
cloud_only,fault_alternate,detector_processing_ms_min,count,5,5
cloud_only,fault_alternate,detector_processing_ms_min,mean,2.043771743774414,5
cloud_only,fault_alternate,detector_processing_ms_min,median,1.9581317901611328,5
cloud_only,fault_alternate,detector_processing_ms_min,std,0.21798378734445598,5
cloud_only,fault_alternate,detector_processing_ms_min,p95,2.338409423828125,5
cloud_only,fault_alternate,detector_processing_ms_min,min,1.9321441650390625,5
cloud_only,fault_alternate,detector_processing_ms_min,max,2.4330615997314453,5
cloud_only,fault_alternate,detector_processing_ms_p95,count,5,5
cloud_only,fault_alternate,detector_processing_ms_p95,mean,95.96065998077393,5
cloud_only,fault_alternate,detector_processing_ms_p95,median,95.86241245269775,5
cloud_only,fault_alternate,detector_processing_ms_p95,std,2.952424065988123,5
cloud_only,fault_alternate,detector_processing_ms_p95,p95,99.12443161010742,5
cloud_only,fault_alternate,detector_processing_ms_p95,min,91.60013198852539,5
cloud_only,fault_alternate,detector_processing_ms_p95,max,99.49951171875,5
cloud_only,fault_alternate,detector_processing_ms_std,count,5,5
cloud_only,fault_alternate,detector_processing_ms_std,mean,30.62869181420698,5
cloud_only,fault_alternate,detector_processing_ms_std,median,30.910002714551823,5
cloud_only,fault_alternate,detector_processing_ms_std,std,1.3778595612881495,5
cloud_only,fault_alternate,detector_processing_ms_std,p95,31.92153596255663,5
cloud_only,fault_alternate,detector_processing_ms_std,min,28.814704427776338,5
cloud_only,fault_alternate,detector_processing_ms_std,max,31.93820722190235,5
cloud_only,fault_alternate,diagnosis_latency_ms_count,count,5,5
cloud_only,fault_alternate,diagnosis_latency_ms_count,mean,14.0,5
cloud_only,fault_alternate,diagnosis_latency_ms_count,median,17.0,5
cloud_only,fault_alternate,diagnosis_latency_ms_count,std,7.842193570679061,5
cloud_only,fault_alternate,diagnosis_latency_ms_count,p95,18.0,5
cloud_only,fault_alternate,diagnosis_latency_ms_count,min,0.0,5
cloud_only,fault_alternate,diagnosis_latency_ms_count,max,18.0,5
cloud_only,fault_alternate,diagnosis_latency_ms_max,count,4,5
cloud_only,fault_alternate,diagnosis_latency_ms_max,mean,15.882253646850586,5
cloud_only,fault_alternate,diagnosis_latency_ms_max,median,14.928579330444336,5
cloud_only,fault_alternate,diagnosis_latency_ms_max,std,2.576768802028185,5
cloud_only,fault_alternate,diagnosis_latency_ms_max,p95,18.986475467681885,5
cloud_only,fault_alternate,diagnosis_latency_ms_max,min,13.983964920043945,5
cloud_only,fault_alternate,diagnosis_latency_ms_max,max,19.687891006469727,5
cloud_only,fault_alternate,diagnosis_latency_ms_mean,count,4,5
cloud_only,fault_alternate,diagnosis_latency_ms_mean,mean,12.215765083537383,5
cloud_only,fault_alternate,diagnosis_latency_ms_mean,median,12.170714490553912,5
cloud_only,fault_alternate,diagnosis_latency_ms_mean,std,0.23409700705582828,5
cloud_only,fault_alternate,diagnosis_latency_ms_mean,p95,12.488579750061035,5
cloud_only,fault_alternate,diagnosis_latency_ms_mean,min,11.985344045302448,5
cloud_only,fault_alternate,diagnosis_latency_ms_mean,max,12.536287307739258,5
cloud_only,fault_alternate,diagnosis_latency_ms_median,count,4,5
cloud_only,fault_alternate,diagnosis_latency_ms_median,mean,12.060433626174927,5
cloud_only,fault_alternate,diagnosis_latency_ms_median,median,12.041449546813965,5
cloud_only,fault_alternate,diagnosis_latency_ms_median,std,0.10926147035344944,5
cloud_only,fault_alternate,diagnosis_latency_ms_median,p95,12.18653917312622,5
cloud_only,fault_alternate,diagnosis_latency_ms_median,min,11.948943138122559,5
cloud_only,fault_alternate,diagnosis_latency_ms_median,max,12.209892272949219,5
cloud_only,fault_alternate,diagnosis_latency_ms_min,count,4,5
cloud_only,fault_alternate,diagnosis_latency_ms_min,mean,9.837925434112549,5
cloud_only,fault_alternate,diagnosis_latency_ms_min,median,9.702801704406738,5
cloud_only,fault_alternate,diagnosis_latency_ms_min,std,0.33389687825643893,5
cloud_only,fault_alternate,diagnosis_latency_ms_min,p95,10.244059562683105,5
cloud_only,fault_alternate,diagnosis_latency_ms_min,min,9.613990783691406,5
cloud_only,fault_alternate,diagnosis_latency_ms_min,max,10.332107543945312,5
cloud_only,fault_alternate,diagnosis_latency_ms_p95,count,4,5
cloud_only,fault_alternate,diagnosis_latency_ms_p95,mean,14.948922395706175,5
cloud_only,fault_alternate,diagnosis_latency_ms_p95,median,14.351433515548706,5
cloud_only,fault_alternate,diagnosis_latency_ms_p95,std,1.9109640947495332,5
cloud_only,fault_alternate,diagnosis_latency_ms_p95,p95,17.24346339702606,5
cloud_only,fault_alternate,diagnosis_latency_ms_p95,min,13.371706008911133,5
cloud_only,fault_alternate,diagnosis_latency_ms_p95,max,17.72111654281616,5
cloud_only,fault_alternate,diagnosis_latency_ms_std,count,4,5
cloud_only,fault_alternate,diagnosis_latency_ms_std,mean,1.4919372022986674,5
cloud_only,fault_alternate,diagnosis_latency_ms_std,median,1.27465066300371,5
cloud_only,fault_alternate,diagnosis_latency_ms_std,std,0.7016821964549211,5
cloud_only,fault_alternate,diagnosis_latency_ms_std,p95,2.3318005020283366,5
cloud_only,fault_alternate,diagnosis_latency_ms_std,min,0.9078708278992457,5
cloud_only,fault_alternate,diagnosis_latency_ms_std,max,2.5105766552880038,5
cloud_only,fault_alternate,e2e_latency_ms_count,count,5,5
cloud_only,fault_alternate,e2e_latency_ms_count,mean,14.0,5
cloud_only,fault_alternate,e2e_latency_ms_count,median,17.0,5
cloud_only,fault_alternate,e2e_latency_ms_count,std,7.842193570679061,5
cloud_only,fault_alternate,e2e_latency_ms_count,p95,18.0,5
cloud_only,fault_alternate,e2e_latency_ms_count,min,0.0,5
cloud_only,fault_alternate,e2e_latency_ms_count,max,18.0,5
cloud_only,fault_alternate,e2e_latency_ms_max,count,4,5
cloud_only,fault_alternate,e2e_latency_ms_max,mean,10056.338548660278,5
cloud_only,fault_alternate,e2e_latency_ms_max,median,10048.668384552002,5
cloud_only,fault_alternate,e2e_latency_ms_max,std,18.809312275675943,5
cloud_only,fault_alternate,e2e_latency_ms_max,p95,10079.241955280304,5
cloud_only,fault_alternate,e2e_latency_ms_max,min,10043.902397155762,5
cloud_only,fault_alternate,e2e_latency_ms_max,max,10084.115028381348,5
cloud_only,fault_alternate,e2e_latency_ms_mean,count,4,5
cloud_only,fault_alternate,e2e_latency_ms_mean,mean,9761.909853204403,5
cloud_only,fault_alternate,e2e_latency_ms_mean,median,9769.29354200176,5
cloud_only,fault_alternate,e2e_latency_ms_mean,std,254.24707681105727,5
cloud_only,fault_alternate,e2e_latency_ms_mean,p95,9982.132326154147,5
cloud_only,fault_alternate,e2e_latency_ms_mean,min,9526.791161961026,5
cloud_only,fault_alternate,e2e_latency_ms_mean,max,9982.261166853063,5
cloud_only,fault_alternate,e2e_latency_ms_median,count,4,5
cloud_only,fault_alternate,e2e_latency_ms_median,mean,9987.822890281677,5
cloud_only,fault_alternate,e2e_latency_ms_median,median,9987.448692321777,5
cloud_only,fault_alternate,e2e_latency_ms_median,std,4.94255637079211,5
cloud_only,fault_alternate,e2e_latency_ms_median,p95,9993.289428949356,5
cloud_only,fault_alternate,e2e_latency_ms_median,min,9982.269525527954,5
cloud_only,fault_alternate,e2e_latency_ms_median,max,9994.1246509552,5
cloud_only,fault_alternate,e2e_latency_ms_min,count,4,5
cloud_only,fault_alternate,e2e_latency_ms_min,mean,7862.722992897034,5
cloud_only,fault_alternate,e2e_latency_ms_min,median,7912.526488304138,5
cloud_only,fault_alternate,e2e_latency_ms_min,std,2309.572229900021,5
cloud_only,fault_alternate,e2e_latency_ms_min,p95,9871.542918682098,5
cloud_only,fault_alternate,e2e_latency_ms_min,min,5749.866962432861,5
cloud_only,fault_alternate,e2e_latency_ms_min,max,9875.972032546997,5
cloud_only,fault_alternate,e2e_latency_ms_p95,count,4,5
cloud_only,fault_alternate,e2e_latency_ms_p95,mean,10045.684549212456,5
cloud_only,fault_alternate,e2e_latency_ms_p95,median,10043.76260638237,5
cloud_only,fault_alternate,e2e_latency_ms_p95,std,7.205372398929879,5
cloud_only,fault_alternate,e2e_latency_ms_p95,p95,10054.221794605255,5
cloud_only,fault_alternate,e2e_latency_ms_p95,min,10039.580011367798,5
cloud_only,fault_alternate,e2e_latency_ms_p95,max,10055.632972717285,5
cloud_only,fault_alternate,e2e_latency_ms_std,count,4,5
cloud_only,fault_alternate,e2e_latency_ms_std,mean,679.4094487344942,5
cloud_only,fault_alternate,e2e_latency_ms_std,median,650.2614375554813,5
cloud_only,fault_alternate,e2e_latency_ms_std,std,725.3648437370903,5
cloud_only,fault_alternate,e2e_latency_ms_std,p95,1350.5701581569551,5
cloud_only,fault_alternate,e2e_latency_ms_std,min,47.42782543402443,5
cloud_only,fault_alternate,e2e_latency_ms_std,max,1369.6870943929896,5
cloud_only,fault_alternate,escalated_samples,count,5,5
cloud_only,fault_alternate,escalated_samples,mean,1267.0,5
cloud_only,fault_alternate,escalated_samples,median,1543.0,5
cloud_only,fault_alternate,escalated_samples,std,655.765583116406,5
cloud_only,fault_alternate,escalated_samples,p95,1588.8,5
cloud_only,fault_alternate,escalated_samples,min,95.0,5
cloud_only,fault_alternate,escalated_samples,max,1590.0,5
cloud_only,fault_alternate,estimated_cloud_data_bytes,count,5,5
cloud_only,fault_alternate,estimated_cloud_data_bytes,mean,2933433.758749365,5
cloud_only,fault_alternate,estimated_cloud_data_bytes,median,2933734.1140103103,5
cloud_only,fault_alternate,estimated_cloud_data_bytes,std,1940.8670054228355,5
cloud_only,fault_alternate,estimated_cloud_data_bytes,p95,2935045.116760398,5
cloud_only,fault_alternate,estimated_cloud_data_bytes,min,2930224.6491274596,5
cloud_only,fault_alternate,estimated_cloud_data_bytes,max,2935106.635394926,5
cloud_only,fault_alternate,estimated_cloud_data_bytes_per_minute,count,5,5
cloud_only,fault_alternate,estimated_cloud_data_bytes_per_minute,mean,586646.16,5
cloud_only,fault_alternate,estimated_cloud_data_bytes_per_minute,median,586398.0,5
cloud_only,fault_alternate,estimated_cloud_data_bytes_per_minute,std,554.9026292963687,5
cloud_only,fault_alternate,estimated_cloud_data_bytes_per_minute,p95,587390.64,5
cloud_only,fault_alternate,estimated_cloud_data_bytes_per_minute,min,586398.0,5
cloud_only,fault_alternate,estimated_cloud_data_bytes_per_minute,max,587638.8,5
cloud_only,fault_alternate,estimated_sample_bytes,count,5,5
cloud_only,fault_alternate,estimated_sample_bytes,mean,977.7436,5
cloud_only,fault_alternate,estimated_sample_bytes,median,977.33,5
cloud_only,fault_alternate,estimated_sample_bytes,std,0.9248377154939057,5
cloud_only,fault_alternate,estimated_sample_bytes,p95,978.9844,5
cloud_only,fault_alternate,estimated_sample_bytes,min,977.33,5
cloud_only,fault_alternate,estimated_sample_bytes,max,979.398,5
cloud_only,fault_alternate,measurement_seconds,count,5,5
cloud_only,fault_alternate,measurement_seconds,mean,300.02090005874635,5
cloud_only,fault_alternate,measurement_seconds,median,300.1344840526581,5
cloud_only,fault_alternate,measurement_seconds,std,0.25610386321607836,5
cloud_only,fault_alternate,measurement_seconds,p95,300.2656274318695,5
cloud_only,fault_alternate,measurement_seconds,min,299.68476915359497,5
cloud_only,fault_alternate,measurement_seconds,max,300.28742003440857,5
cloud_only,fault_alternate,normal_decisions,count,5,5
cloud_only,fault_alternate,normal_decisions,mean,12.0,5
cloud_only,fault_alternate,normal_decisions,median,13.0,5
cloud_only,fault_alternate,normal_decisions,std,2.345207879911715,5
cloud_only,fault_alternate,normal_decisions,p95,13.8,5
cloud_only,fault_alternate,normal_decisions,min,8.0,5
cloud_only,fault_alternate,normal_decisions,max,14.0,5
cloud_only,fault_alternate,orchestrator_cpu_count,count,5,5
cloud_only,fault_alternate,orchestrator_cpu_count,mean,26.8,5
cloud_only,fault_alternate,orchestrator_cpu_count,median,31.0,5
cloud_only,fault_alternate,orchestrator_cpu_count,std,10.52140675005011,5
cloud_only,fault_alternate,orchestrator_cpu_count,p95,32.0,5
cloud_only,fault_alternate,orchestrator_cpu_count,min,8.0,5
cloud_only,fault_alternate,orchestrator_cpu_count,max,32.0,5
cloud_only,fault_alternate,orchestrator_cpu_max,count,5,5
cloud_only,fault_alternate,orchestrator_cpu_max,mean,0.0,5
cloud_only,fault_alternate,orchestrator_cpu_max,median,0.0,5
cloud_only,fault_alternate,orchestrator_cpu_max,std,0.0,5
cloud_only,fault_alternate,orchestrator_cpu_max,p95,0.0,5
cloud_only,fault_alternate,orchestrator_cpu_max,min,0.0,5
cloud_only,fault_alternate,orchestrator_cpu_max,max,0.0,5
cloud_only,fault_alternate,orchestrator_cpu_mean,count,5,5
cloud_only,fault_alternate,orchestrator_cpu_mean,mean,0.0,5
cloud_only,fault_alternate,orchestrator_cpu_mean,median,0.0,5
cloud_only,fault_alternate,orchestrator_cpu_mean,std,0.0,5
cloud_only,fault_alternate,orchestrator_cpu_mean,p95,0.0,5
cloud_only,fault_alternate,orchestrator_cpu_mean,min,0.0,5
cloud_only,fault_alternate,orchestrator_cpu_mean,max,0.0,5
cloud_only,fault_alternate,orchestrator_cpu_median,count,5,5
cloud_only,fault_alternate,orchestrator_cpu_median,mean,0.0,5
cloud_only,fault_alternate,orchestrator_cpu_median,median,0.0,5
cloud_only,fault_alternate,orchestrator_cpu_median,std,0.0,5
cloud_only,fault_alternate,orchestrator_cpu_median,p95,0.0,5
cloud_only,fault_alternate,orchestrator_cpu_median,min,0.0,5
cloud_only,fault_alternate,orchestrator_cpu_median,max,0.0,5
cloud_only,fault_alternate,orchestrator_cpu_min,count,5,5
cloud_only,fault_alternate,orchestrator_cpu_min,mean,0.0,5
cloud_only,fault_alternate,orchestrator_cpu_min,median,0.0,5
cloud_only,fault_alternate,orchestrator_cpu_min,std,0.0,5
cloud_only,fault_alternate,orchestrator_cpu_min,p95,0.0,5
cloud_only,fault_alternate,orchestrator_cpu_min,min,0.0,5
cloud_only,fault_alternate,orchestrator_cpu_min,max,0.0,5
cloud_only,fault_alternate,orchestrator_cpu_p95,count,5,5
cloud_only,fault_alternate,orchestrator_cpu_p95,mean,0.0,5
cloud_only,fault_alternate,orchestrator_cpu_p95,median,0.0,5
cloud_only,fault_alternate,orchestrator_cpu_p95,std,0.0,5
cloud_only,fault_alternate,orchestrator_cpu_p95,p95,0.0,5
cloud_only,fault_alternate,orchestrator_cpu_p95,min,0.0,5
cloud_only,fault_alternate,orchestrator_cpu_p95,max,0.0,5
cloud_only,fault_alternate,orchestrator_cpu_std,count,5,5
cloud_only,fault_alternate,orchestrator_cpu_std,mean,0.0,5
cloud_only,fault_alternate,orchestrator_cpu_std,median,0.0,5
cloud_only,fault_alternate,orchestrator_cpu_std,std,0.0,5
cloud_only,fault_alternate,orchestrator_cpu_std,p95,0.0,5
cloud_only,fault_alternate,orchestrator_cpu_std,min,0.0,5
cloud_only,fault_alternate,orchestrator_cpu_std,max,0.0,5
cloud_only,fault_alternate,orchestrator_memory_count,count,5,5
cloud_only,fault_alternate,orchestrator_memory_count,mean,26.8,5
cloud_only,fault_alternate,orchestrator_memory_count,median,31.0,5
cloud_only,fault_alternate,orchestrator_memory_count,std,10.52140675005011,5
cloud_only,fault_alternate,orchestrator_memory_count,p95,32.0,5
cloud_only,fault_alternate,orchestrator_memory_count,min,8.0,5
cloud_only,fault_alternate,orchestrator_memory_count,max,32.0,5
cloud_only,fault_alternate,orchestrator_memory_max,count,5,5
cloud_only,fault_alternate,orchestrator_memory_max,mean,27003289.6,5
cloud_only,fault_alternate,orchestrator_memory_max,median,27312128.0,5
cloud_only,fault_alternate,orchestrator_memory_max,std,771341.0760259044,5
cloud_only,fault_alternate,orchestrator_memory_max,p95,27415347.2,5
cloud_only,fault_alternate,orchestrator_memory_max,min,25628672.0,5
cloud_only,fault_alternate,orchestrator_memory_max,max,27418624.0,5
cloud_only,fault_alternate,orchestrator_memory_mean,count,5,5
cloud_only,fault_alternate,orchestrator_memory_mean,mean,26730228.438709676,5
cloud_only,fault_alternate,orchestrator_memory_mean,median,27011138.06451613,5
cloud_only,fault_alternate,orchestrator_memory_mean,std,731878.4314008254,5
cloud_only,fault_alternate,orchestrator_memory_mean,p95,27114393.6,5
cloud_only,fault_alternate,orchestrator_memory_mean,min,25423872.0,5
cloud_only,fault_alternate,orchestrator_memory_mean,max,27121664.0,5
cloud_only,fault_alternate,orchestrator_memory_median,count,5,5
cloud_only,fault_alternate,orchestrator_memory_median,mean,26731315.2,5
cloud_only,fault_alternate,orchestrator_memory_median,median,26992640.0,5
cloud_only,fault_alternate,orchestrator_memory_median,std,722142.340796605,5
cloud_only,fault_alternate,orchestrator_memory_median,p95,27115520.0,5
cloud_only,fault_alternate,orchestrator_memory_median,min,25444352.0,5
cloud_only,fault_alternate,orchestrator_memory_median,max,27115520.0,5
cloud_only,fault_alternate,orchestrator_memory_min,count,5,5
cloud_only,fault_alternate,orchestrator_memory_min,mean,26453606.4,5
cloud_only,fault_alternate,orchestrator_memory_min,median,26705920.0,5
cloud_only,fault_alternate,orchestrator_memory_min,std,690443.9503600564,5
cloud_only,fault_alternate,orchestrator_memory_min,p95,26836172.8,5
cloud_only,fault_alternate,orchestrator_memory_min,min,25223168.0,5
cloud_only,fault_alternate,orchestrator_memory_min,max,26849280.0,5
cloud_only,fault_alternate,orchestrator_memory_p95,count,5,5
cloud_only,fault_alternate,orchestrator_memory_p95,mean,26934517.76,5
cloud_only,fault_alternate,orchestrator_memory_p95,median,27230208.0,5
cloud_only,fault_alternate,orchestrator_memory_p95,std,767920.5526053644,5
cloud_only,fault_alternate,orchestrator_memory_p95,p95,27334942.720000003,5
cloud_only,fault_alternate,orchestrator_memory_p95,min,25564160.0,5
cloud_only,fault_alternate,orchestrator_memory_p95,max,27338137.6,5
cloud_only,fault_alternate,orchestrator_memory_std,count,5,5
cloud_only,fault_alternate,orchestrator_memory_std,mean,137143.6065942039,5
cloud_only,fault_alternate,orchestrator_memory_std,median,141832.37706714263,5
cloud_only,fault_alternate,orchestrator_memory_std,std,20916.96474990626,5
cloud_only,fault_alternate,orchestrator_memory_std,p95,161356.70251437812,5
cloud_only,fault_alternate,orchestrator_memory_std,min,115851.75216569823,5
cloud_only,fault_alternate,orchestrator_memory_std,max,165217.43561821213,5
cloud_only,fault_alternate,orchestrator_processing_ms_count,count,5,5
cloud_only,fault_alternate,orchestrator_processing_ms_count,mean,26.8,5
cloud_only,fault_alternate,orchestrator_processing_ms_count,median,31.0,5
cloud_only,fault_alternate,orchestrator_processing_ms_count,std,10.52140675005011,5
cloud_only,fault_alternate,orchestrator_processing_ms_count,p95,32.0,5
cloud_only,fault_alternate,orchestrator_processing_ms_count,min,8.0,5
cloud_only,fault_alternate,orchestrator_processing_ms_count,max,32.0,5
cloud_only,fault_alternate,orchestrator_processing_ms_max,count,5,5
cloud_only,fault_alternate,orchestrator_processing_ms_max,mean,12.267017364501953,5
cloud_only,fault_alternate,orchestrator_processing_ms_max,median,14.264106750488281,5
cloud_only,fault_alternate,orchestrator_processing_ms_max,std,7.108767698834529,5
cloud_only,fault_alternate,orchestrator_processing_ms_max,p95,18.013620376586914,5
cloud_only,fault_alternate,orchestrator_processing_ms_max,min,0.11777877807617188,5
cloud_only,fault_alternate,orchestrator_processing_ms_max,max,18.8901424407959,5
cloud_only,fault_alternate,orchestrator_processing_ms_mean,count,5,5
cloud_only,fault_alternate,orchestrator_processing_ms_mean,mean,5.4002944980898215,5
cloud_only,fault_alternate,orchestrator_processing_ms_mean,median,6.580591201782227,5
cloud_only,fault_alternate,orchestrator_processing_ms_mean,std,2.973244600891704,5
cloud_only,fault_alternate,orchestrator_processing_ms_mean,p95,7.0283472537994385,5
cloud_only,fault_alternate,orchestrator_processing_ms_mean,min,0.09775161743164062,5
cloud_only,fault_alternate,orchestrator_processing_ms_mean,max,7.11282342672348,5
cloud_only,fault_alternate,orchestrator_processing_ms_median,count,5,5
cloud_only,fault_alternate,orchestrator_processing_ms_median,mean,8.139419555664062,5
cloud_only,fault_alternate,orchestrator_processing_ms_median,median,10.080575942993164,5
cloud_only,fault_alternate,orchestrator_processing_ms_median,std,4.497801164678728,5
cloud_only,fault_alternate,orchestrator_processing_ms_median,p95,10.371661186218262,5
cloud_only,fault_alternate,orchestrator_processing_ms_median,min,0.09953975677490234,5
cloud_only,fault_alternate,orchestrator_processing_ms_median,max,10.43701171875,5
cloud_only,fault_alternate,orchestrator_processing_ms_min,count,5,5
cloud_only,fault_alternate,orchestrator_processing_ms_min,mean,0.07863044738769531,5
cloud_only,fault_alternate,orchestrator_processing_ms_min,median,0.07939338684082031,5
cloud_only,fault_alternate,orchestrator_processing_ms_min,std,0.0022830991019962524,5
cloud_only,fault_alternate,orchestrator_processing_ms_min,p95,0.08068084716796875,5
cloud_only,fault_alternate,orchestrator_processing_ms_min,min,0.07510185241699219,5
cloud_only,fault_alternate,orchestrator_processing_ms_min,max,0.08082389831542969,5
cloud_only,fault_alternate,orchestrator_processing_ms_p95,count,5,5
cloud_only,fault_alternate,orchestrator_processing_ms_p95,mean,11.276898384094238,5
cloud_only,fault_alternate,orchestrator_processing_ms_p95,median,13.64445686340332,5
cloud_only,fault_alternate,orchestrator_processing_ms_p95,std,6.302961349453278,5
cloud_only,fault_alternate,orchestrator_processing_ms_p95,p95,15.21595001220703,5
cloud_only,fault_alternate,orchestrator_processing_ms_p95,min,0.11485815048217773,5
cloud_only,fault_alternate,orchestrator_processing_ms_p95,max,15.576255321502684,5
cloud_only,fault_alternate,orchestrator_processing_ms_std,count,5,5
cloud_only,fault_alternate,orchestrator_processing_ms_std,mean,4.911525864959487,5
cloud_only,fault_alternate,orchestrator_processing_ms_std,median,6.001317281459687,5
cloud_only,fault_alternate,orchestrator_processing_ms_std,std,2.746940864410811,5
cloud_only,fault_alternate,orchestrator_processing_ms_std,p95,6.420062007633737,5
cloud_only,fault_alternate,orchestrator_processing_ms_std,min,0.01347976441310371,5
cloud_only,fault_alternate,orchestrator_processing_ms_std,max,6.51674659404653,5
cloud_only,fault_alternate,sensor-generator_cpu_count,count,5,5
cloud_only,fault_alternate,sensor-generator_cpu_count,mean,58.4,5
cloud_only,fault_alternate,sensor-generator_cpu_count,median,68.0,5
cloud_only,fault_alternate,sensor-generator_cpu_count,std,21.46625258399798,5
cloud_only,fault_alternate,sensor-generator_cpu_count,p95,68.0,5
cloud_only,fault_alternate,sensor-generator_cpu_count,min,20.0,5
cloud_only,fault_alternate,sensor-generator_cpu_count,max,68.0,5
cloud_only,fault_alternate,sensor-generator_cpu_max,count,5,5
cloud_only,fault_alternate,sensor-generator_cpu_max,mean,90.5626,5
cloud_only,fault_alternate,sensor-generator_cpu_max,median,90.721,5
cloud_only,fault_alternate,sensor-generator_cpu_max,std,1.2413618731055034,5
cloud_only,fault_alternate,sensor-generator_cpu_max,p95,92.0114,5
cloud_only,fault_alternate,sensor-generator_cpu_max,min,88.981,5
cloud_only,fault_alternate,sensor-generator_cpu_max,max,92.256,5
cloud_only,fault_alternate,sensor-generator_cpu_mean,count,5,5
cloud_only,fault_alternate,sensor-generator_cpu_mean,mean,29.20323294117647,5
cloud_only,fault_alternate,sensor-generator_cpu_mean,median,28.765338235294116,5
cloud_only,fault_alternate,sensor-generator_cpu_mean,std,2.276409186226752,5
cloud_only,fault_alternate,sensor-generator_cpu_mean,p95,32.15265588235294,5
cloud_only,fault_alternate,sensor-generator_cpu_mean,min,26.779176470588236,5
cloud_only,fault_alternate,sensor-generator_cpu_mean,max,32.712676470588235,5
cloud_only,fault_alternate,sensor-generator_cpu_median,count,5,5
cloud_only,fault_alternate,sensor-generator_cpu_median,mean,2.4869,5
cloud_only,fault_alternate,sensor-generator_cpu_median,median,1.3475000000000001,5
cloud_only,fault_alternate,sensor-generator_cpu_median,std,2.2357461114804607,5
cloud_only,fault_alternate,sensor-generator_cpu_median,p95,5.560799999999999,5
cloud_only,fault_alternate,sensor-generator_cpu_median,min,1.3175,5
cloud_only,fault_alternate,sensor-generator_cpu_median,max,6.4535,5
cloud_only,fault_alternate,sensor-generator_cpu_min,count,5,5
cloud_only,fault_alternate,sensor-generator_cpu_min,mean,0.3968,5
cloud_only,fault_alternate,sensor-generator_cpu_min,median,0.464,5
cloud_only,fault_alternate,sensor-generator_cpu_min,std,0.31116667559364386,5
cloud_only,fault_alternate,sensor-generator_cpu_min,p95,0.7158,5
cloud_only,fault_alternate,sensor-generator_cpu_min,min,0.068,5
cloud_only,fault_alternate,sensor-generator_cpu_min,max,0.735,5
cloud_only,fault_alternate,sensor-generator_cpu_p95,count,5,5
cloud_only,fault_alternate,sensor-generator_cpu_p95,mean,87.37113,5
cloud_only,fault_alternate,sensor-generator_cpu_p95,median,87.45054999999999,5
cloud_only,fault_alternate,sensor-generator_cpu_p95,std,1.8505249692992483,5
cloud_only,fault_alternate,sensor-generator_cpu_p95,p95,89.16238,5
cloud_only,fault_alternate,sensor-generator_cpu_p95,min,84.5584,5
cloud_only,fault_alternate,sensor-generator_cpu_p95,max,89.26559999999999,5
cloud_only,fault_alternate,sensor-generator_cpu_std,count,5,5
cloud_only,fault_alternate,sensor-generator_cpu_std,mean,35.30094080630761,5
cloud_only,fault_alternate,sensor-generator_cpu_std,median,35.11461137217867,5
cloud_only,fault_alternate,sensor-generator_cpu_std,std,1.7948910608314919,5
cloud_only,fault_alternate,sensor-generator_cpu_std,p95,37.65109695347263,5
cloud_only,fault_alternate,sensor-generator_cpu_std,min,33.4709369053642,5
cloud_only,fault_alternate,sensor-generator_cpu_std,max,38.26303016355019,5
cloud_only,fault_alternate,sensor-generator_memory_count,count,5,5
cloud_only,fault_alternate,sensor-generator_memory_count,mean,58.4,5
cloud_only,fault_alternate,sensor-generator_memory_count,median,68.0,5
cloud_only,fault_alternate,sensor-generator_memory_count,std,21.46625258399798,5
cloud_only,fault_alternate,sensor-generator_memory_count,p95,68.0,5
cloud_only,fault_alternate,sensor-generator_memory_count,min,20.0,5
cloud_only,fault_alternate,sensor-generator_memory_count,max,68.0,5
cloud_only,fault_alternate,sensor-generator_memory_max,count,5,5
cloud_only,fault_alternate,sensor-generator_memory_max,mean,101245747.2,5
cloud_only,fault_alternate,sensor-generator_memory_max,median,101699584.0,5
cloud_only,fault_alternate,sensor-generator_memory_max,std,1333326.3313394813,5
cloud_only,fault_alternate,sensor-generator_memory_max,p95,102694092.8,5
cloud_only,fault_alternate,sensor-generator_memory_max,min,99500032.0,5
cloud_only,fault_alternate,sensor-generator_memory_max,max,102936576.0,5
cloud_only,fault_alternate,sensor-generator_memory_mean,count,5,5
cloud_only,fault_alternate,sensor-generator_memory_mean,mean,100744083.57647058,5
cloud_only,fault_alternate,sensor-generator_memory_mean,median,101474605.1764706,5
cloud_only,fault_alternate,sensor-generator_memory_mean,std,1096678.2742287512,5
cloud_only,fault_alternate,sensor-generator_memory_mean,p95,101527780.89411765,5
cloud_only,fault_alternate,sensor-generator_memory_mean,min,99094528.0,5
cloud_only,fault_alternate,sensor-generator_memory_mean,max,101538936.47058824,5
cloud_only,fault_alternate,sensor-generator_memory_median,count,5,5
cloud_only,fault_alternate,sensor-generator_memory_median,mean,100744806.4,5
cloud_only,fault_alternate,sensor-generator_memory_median,median,101472256.0,5
cloud_only,fault_alternate,sensor-generator_memory_median,std,1085102.2206505707,5
cloud_only,fault_alternate,sensor-generator_memory_median,p95,101521408.0,5
cloud_only,fault_alternate,sensor-generator_memory_median,min,99117056.0,5
cloud_only,fault_alternate,sensor-generator_memory_median,max,101533696.0,5
cloud_only,fault_alternate,sensor-generator_memory_min,count,5,5
cloud_only,fault_alternate,sensor-generator_memory_min,mean,100404428.8,5
cloud_only,fault_alternate,sensor-generator_memory_min,median,101208064.0,5
cloud_only,fault_alternate,sensor-generator_memory_min,std,1222158.1351507667,5
cloud_only,fault_alternate,sensor-generator_memory_min,p95,101244928.0,5
cloud_only,fault_alternate,sensor-generator_memory_min,min,98492416.0,5
cloud_only,fault_alternate,sensor-generator_memory_min,max,101253120.0,5
cloud_only,fault_alternate,sensor-generator_memory_p95,count,5,5
cloud_only,fault_alternate,sensor-generator_memory_p95,mean,100948295.68,5
cloud_only,fault_alternate,sensor-generator_memory_p95,median,101654528.0,5
cloud_only,fault_alternate,sensor-generator_memory_p95,std,1037292.9006573381,5
cloud_only,fault_alternate,sensor-generator_memory_p95,p95,101682872.32000001,5
cloud_only,fault_alternate,sensor-generator_memory_p95,min,99422208.0,5
cloud_only,fault_alternate,sensor-generator_memory_p95,max,101685862.4,5
cloud_only,fault_alternate,sensor-generator_memory_std,count,5,5
cloud_only,fault_alternate,sensor-generator_memory_std,mean,160326.36472569246,5
cloud_only,fault_alternate,sensor-generator_memory_std,median,118074.91713413049,5
cloud_only,fault_alternate,sensor-generator_memory_std,std,65468.48184634771,5
cloud_only,fault_alternate,sensor-generator_memory_std,p95,242569.46246293277,5
cloud_only,fault_alternate,sensor-generator_memory_std,min,108170.17224038467,5
cloud_only,fault_alternate,sensor-generator_memory_std,max,250880.54994569154,5
cloud_only,fault_alternate,sensor-generator_processing_ms_count,count,5,5
cloud_only,fault_alternate,sensor-generator_processing_ms_count,mean,58.4,5
cloud_only,fault_alternate,sensor-generator_processing_ms_count,median,68.0,5
cloud_only,fault_alternate,sensor-generator_processing_ms_count,std,21.46625258399798,5
cloud_only,fault_alternate,sensor-generator_processing_ms_count,p95,68.0,5
cloud_only,fault_alternate,sensor-generator_processing_ms_count,min,20.0,5
cloud_only,fault_alternate,sensor-generator_processing_ms_count,max,68.0,5
cloud_only,fault_alternate,sensor-generator_processing_ms_max,count,5,5
cloud_only,fault_alternate,sensor-generator_processing_ms_max,mean,0.0682830810546875,5
cloud_only,fault_alternate,sensor-generator_processing_ms_max,median,0.044345855712890625,5
cloud_only,fault_alternate,sensor-generator_processing_ms_max,std,0.07624263080829259,5
cloud_only,fault_alternate,sensor-generator_processing_ms_max,p95,0.1717567443847656,5
cloud_only,fault_alternate,sensor-generator_processing_ms_max,min,0.021457672119140625,5
cloud_only,fault_alternate,sensor-generator_processing_ms_max,max,0.2033710479736328,5
cloud_only,fault_alternate,sensor-generator_processing_ms_mean,count,5,5
cloud_only,fault_alternate,sensor-generator_processing_ms_mean,mean,0.014622211456298828,5
cloud_only,fault_alternate,sensor-generator_processing_ms_mean,median,0.013566017150878906,5
cloud_only,fault_alternate,sensor-generator_processing_ms_mean,std,0.0028040777446607284,5
cloud_only,fault_alternate,sensor-generator_processing_ms_mean,p95,0.018447286942425895,5
cloud_only,fault_alternate,sensor-generator_processing_ms_mean,min,0.013018355650060317,5
cloud_only,fault_alternate,sensor-generator_processing_ms_mean,max,0.019602915819953468,5
cloud_only,fault_alternate,sensor-generator_processing_ms_median,count,5,5
cloud_only,fault_alternate,sensor-generator_processing_ms_median,mean,0.013875961303710938,5
cloud_only,fault_alternate,sensor-generator_processing_ms_median,median,0.01609325408935547,5
cloud_only,fault_alternate,sensor-generator_processing_ms_median,std,0.003897250507679472,5
cloud_only,fault_alternate,sensor-generator_processing_ms_median,p95,0.017380714416503906,5
cloud_only,fault_alternate,sensor-generator_processing_ms_median,min,0.009655952453613281,5
cloud_only,fault_alternate,sensor-generator_processing_ms_median,max,0.017642974853515625,5
cloud_only,fault_alternate,sensor-generator_processing_ms_min,count,5,5
cloud_only,fault_alternate,sensor-generator_processing_ms_min,mean,0.0066280364990234375,5
cloud_only,fault_alternate,sensor-generator_processing_ms_min,median,0.00667572021484375,5
cloud_only,fault_alternate,sensor-generator_processing_ms_min,std,0.00019947529471732987,5
cloud_only,fault_alternate,sensor-generator_processing_ms_min,p95,0.006866455078125,5
cloud_only,fault_alternate,sensor-generator_processing_ms_min,min,0.0064373016357421875,5
cloud_only,fault_alternate,sensor-generator_processing_ms_min,max,0.0069141387939453125,5
cloud_only,fault_alternate,sensor-generator_processing_ms_p95,count,5,5
cloud_only,fault_alternate,sensor-generator_processing_ms_p95,mean,0.023853778839111325,5
cloud_only,fault_alternate,sensor-generator_processing_ms_p95,median,0.021922588348388672,5
cloud_only,fault_alternate,sensor-generator_processing_ms_p95,std,0.0055558499422827924,5
cloud_only,fault_alternate,sensor-generator_processing_ms_p95,p95,0.031402111053466776,5
cloud_only,fault_alternate,sensor-generator_processing_ms_p95,min,0.019466876983642578,5
cloud_only,fault_alternate,sensor-generator_processing_ms_p95,max,0.033545494079589816,5
cloud_only,fault_alternate,sensor-generator_processing_ms_std,count,5,5
cloud_only,fault_alternate,sensor-generator_processing_ms_std,mean,0.010809958600384037,5
cloud_only,fault_alternate,sensor-generator_processing_ms_std,median,0.006532153799948292,5
cloud_only,fault_alternate,sensor-generator_processing_ms_std,std,0.009341379774627774,5
cloud_only,fault_alternate,sensor-generator_processing_ms_std,p95,0.023655061030824674,5
cloud_only,fault_alternate,sensor-generator_processing_ms_std,min,0.005261703837013797,5
cloud_only,fault_alternate,sensor-generator_processing_ms_std,max,0.027340058856585813,5
cloud_only,fault_alternate,uncertain_decisions,count,5,5
cloud_only,fault_alternate,uncertain_decisions,mean,0.8,5
cloud_only,fault_alternate,uncertain_decisions,median,1.0,5
cloud_only,fault_alternate,uncertain_decisions,std,0.8366600265340756,5
cloud_only,fault_alternate,uncertain_decisions,p95,1.7999999999999998,5
cloud_only,fault_alternate,uncertain_decisions,min,0.0,5
cloud_only,fault_alternate,uncertain_decisions,max,2.0,5
cloud_only,fault_free,anomaly_decisions,count,5,5
cloud_only,fault_free,anomaly_decisions,mean,0.0,5
cloud_only,fault_free,anomaly_decisions,median,0.0,5
cloud_only,fault_free,anomaly_decisions,std,0.0,5
cloud_only,fault_free,anomaly_decisions,p95,0.0,5
cloud_only,fault_free,anomaly_decisions,min,0.0,5
cloud_only,fault_free,anomaly_decisions,max,0.0,5
cloud_only,fault_free,anomaly_events,count,5,5
cloud_only,fault_free,anomaly_events,mean,34.0,5
cloud_only,fault_free,anomaly_events,median,34.0,5
cloud_only,fault_free,anomaly_events,std,0.0,5
cloud_only,fault_free,anomaly_events,p95,34.0,5
cloud_only,fault_free,anomaly_events,min,34.0,5
cloud_only,fault_free,anomaly_events,max,34.0,5
cloud_only,fault_free,classifier_correct_count,count,5,5
cloud_only,fault_free,classifier_correct_count,mean,0.0,5
cloud_only,fault_free,classifier_correct_count,median,0.0,5
cloud_only,fault_free,classifier_correct_count,std,0.0,5
cloud_only,fault_free,classifier_correct_count,p95,0.0,5
cloud_only,fault_free,classifier_correct_count,min,0.0,5
cloud_only,fault_free,classifier_correct_count,max,0.0,5
cloud_only,fault_free,classifier_cpu_count,count,5,5
cloud_only,fault_free,classifier_cpu_count,mean,159.0,5
cloud_only,fault_free,classifier_cpu_count,median,159.0,5
cloud_only,fault_free,classifier_cpu_count,std,0.0,5
cloud_only,fault_free,classifier_cpu_count,p95,159.0,5
cloud_only,fault_free,classifier_cpu_count,min,159.0,5
cloud_only,fault_free,classifier_cpu_count,max,159.0,5
cloud_only,fault_free,classifier_cpu_max,count,5,5
cloud_only,fault_free,classifier_cpu_max,mean,2.109,5
cloud_only,fault_free,classifier_cpu_max,median,2.131,5
cloud_only,fault_free,classifier_cpu_max,std,0.05110283749460481,5
cloud_only,fault_free,classifier_cpu_max,p95,2.1412,5
cloud_only,fault_free,classifier_cpu_max,min,2.019,5
cloud_only,fault_free,classifier_cpu_max,max,2.143,5
cloud_only,fault_free,classifier_cpu_mean,count,5,5
cloud_only,fault_free,classifier_cpu_mean,mean,0.4843823899371069,5
cloud_only,fault_free,classifier_cpu_mean,median,0.4839496855345912,5
cloud_only,fault_free,classifier_cpu_mean,std,0.008354120744425701,5
cloud_only,fault_free,classifier_cpu_mean,p95,0.49474968553459114,5
cloud_only,fault_free,classifier_cpu_mean,min,0.4739811320754717,5
cloud_only,fault_free,classifier_cpu_mean,max,0.4971006289308176,5
cloud_only,fault_free,classifier_cpu_median,count,5,5
cloud_only,fault_free,classifier_cpu_median,mean,0.1016,5
cloud_only,fault_free,classifier_cpu_median,median,0.102,5
cloud_only,fault_free,classifier_cpu_median,std,0.0011401754250991323,5
cloud_only,fault_free,classifier_cpu_median,p95,0.10279999999999999,5
cloud_only,fault_free,classifier_cpu_median,min,0.1,5
cloud_only,fault_free,classifier_cpu_median,max,0.103,5
cloud_only,fault_free,classifier_cpu_min,count,5,5
cloud_only,fault_free,classifier_cpu_min,mean,0.0882,5
cloud_only,fault_free,classifier_cpu_min,median,0.087,5
cloud_only,fault_free,classifier_cpu_min,std,0.0023874672772626667,5
cloud_only,fault_free,classifier_cpu_min,p95,0.0914,5
cloud_only,fault_free,classifier_cpu_min,min,0.086,5
cloud_only,fault_free,classifier_cpu_min,max,0.092,5
cloud_only,fault_free,classifier_cpu_p95,count,5,5
cloud_only,fault_free,classifier_cpu_p95,mean,2.0729800000000003,5
cloud_only,fault_free,classifier_cpu_p95,median,2.0916,5
cloud_only,fault_free,classifier_cpu_p95,std,0.04696016396904934,5
cloud_only,fault_free,classifier_cpu_p95,p95,2.09806,5
cloud_only,fault_free,classifier_cpu_p95,min,1.9893,5
cloud_only,fault_free,classifier_cpu_p95,max,2.0982,5
cloud_only,fault_free,classifier_cpu_std,count,5,5
cloud_only,fault_free,classifier_cpu_std,mean,0.7707484164163926,5
cloud_only,fault_free,classifier_cpu_std,median,0.7740664757272706,5
cloud_only,fault_free,classifier_cpu_std,std,0.015368189692223618,5
cloud_only,fault_free,classifier_cpu_std,p95,0.7831363729253362,5
cloud_only,fault_free,classifier_cpu_std,min,0.7444581452449124,5
cloud_only,fault_free,classifier_cpu_std,max,0.7844912097430785,5
cloud_only,fault_free,classifier_ground_truth_count,count,5,5
cloud_only,fault_free,classifier_ground_truth_count,mean,0.0,5
cloud_only,fault_free,classifier_ground_truth_count,median,0.0,5
cloud_only,fault_free,classifier_ground_truth_count,std,0.0,5
cloud_only,fault_free,classifier_ground_truth_count,p95,0.0,5
cloud_only,fault_free,classifier_ground_truth_count,min,0.0,5
cloud_only,fault_free,classifier_ground_truth_count,max,0.0,5
cloud_only,fault_free,classifier_memory_count,count,5,5
cloud_only,fault_free,classifier_memory_count,mean,159.0,5
cloud_only,fault_free,classifier_memory_count,median,159.0,5
cloud_only,fault_free,classifier_memory_count,std,0.0,5
cloud_only,fault_free,classifier_memory_count,p95,159.0,5
cloud_only,fault_free,classifier_memory_count,min,159.0,5
cloud_only,fault_free,classifier_memory_count,max,159.0,5
cloud_only,fault_free,classifier_memory_max,count,5,5
cloud_only,fault_free,classifier_memory_max,mean,247626137.6,5
cloud_only,fault_free,classifier_memory_max,median,246988800.0,5
cloud_only,fault_free,classifier_memory_max,std,2946161.146801851,5
cloud_only,fault_free,classifier_memory_max,p95,250680934.4,5
cloud_only,fault_free,classifier_memory_max,min,243494912.0,5
cloud_only,fault_free,classifier_memory_max,max,250822656.0,5
cloud_only,fault_free,classifier_memory_mean,count,5,5
cloud_only,fault_free,classifier_memory_mean,mean,241548879.21509436,5
cloud_only,fault_free,classifier_memory_mean,median,241417673.25786164,5
cloud_only,fault_free,classifier_memory_mean,std,337093.15245348297,5
cloud_only,fault_free,classifier_memory_mean,p95,242005668.2264151,5
cloud_only,fault_free,classifier_memory_mean,min,241371586.81761006,5
cloud_only,fault_free,classifier_memory_mean,max,242150342.03773585,5
cloud_only,fault_free,classifier_memory_median,count,5,5
cloud_only,fault_free,classifier_memory_median,mean,241491148.8,5
cloud_only,fault_free,classifier_memory_median,median,241344512.0,5
cloud_only,fault_free,classifier_memory_median,std,330641.3387633192,5
cloud_only,fault_free,classifier_memory_median,p95,241939251.2,5
cloud_only,fault_free,classifier_memory_median,min,241319936.0,5
cloud_only,fault_free,classifier_memory_median,max,242081792.0,5
cloud_only,fault_free,classifier_memory_min,count,5,5
cloud_only,fault_free,classifier_memory_min,mean,241244569.6,5
cloud_only,fault_free,classifier_memory_min,median,241094656.0,5
cloud_only,fault_free,classifier_memory_min,std,319049.2166371828,5
cloud_only,fault_free,classifier_memory_min,p95,241682022.4,5
cloud_only,fault_free,classifier_memory_min,min,241065984.0,5
cloud_only,fault_free,classifier_memory_min,max,241811456.0,5
cloud_only,fault_free,classifier_memory_p95,count,5,5
cloud_only,fault_free,classifier_memory_p95,mean,241720115.2,5
cloud_only,fault_free,classifier_memory_p95,median,241582080.0,5
cloud_only,fault_free,classifier_memory_p95,std,326513.3792728258,5
cloud_only,fault_free,classifier_memory_p95,p95,242162401.28,5
cloud_only,fault_free,classifier_memory_p95,min,241554227.2,5
cloud_only,fault_free,classifier_memory_p95,max,242303385.6,5
cloud_only,fault_free,classifier_memory_std,count,5,5
cloud_only,fault_free,classifier_memory_std,mean,508050.9458840573,5
cloud_only,fault_free,classifier_memory_std,median,458876.0745243528,5
cloud_only,fault_free,classifier_memory_std,std,212268.53733176965,5
cloud_only,fault_free,classifier_memory_std,p95,746148.5935486871,5
cloud_only,fault_free,classifier_memory_std,min,216359.49218692884,5
cloud_only,fault_free,classifier_memory_std,max,770318.4283376485,5
cloud_only,fault_free,classifier_processing_ms_count,count,5,5
cloud_only,fault_free,classifier_processing_ms_count,mean,0.0,5
cloud_only,fault_free,classifier_processing_ms_count,median,0.0,5
cloud_only,fault_free,classifier_processing_ms_count,std,0.0,5
cloud_only,fault_free,classifier_processing_ms_count,p95,0.0,5
cloud_only,fault_free,classifier_processing_ms_count,min,0.0,5
cloud_only,fault_free,classifier_processing_ms_count,max,0.0,5
cloud_only,fault_free,cloud_escalations,count,5,5
cloud_only,fault_free,cloud_escalations,mean,0.0,5
cloud_only,fault_free,cloud_escalations,median,0.0,5
cloud_only,fault_free,cloud_escalations,std,0.0,5
cloud_only,fault_free,cloud_escalations,p95,0.0,5
cloud_only,fault_free,cloud_escalations,min,0.0,5
cloud_only,fault_free,cloud_escalations,max,0.0,5
cloud_only,fault_free,decision_time_ms_count,count,5,5
cloud_only,fault_free,decision_time_ms_count,mean,31.6,5
cloud_only,fault_free,decision_time_ms_count,median,32.0,5
cloud_only,fault_free,decision_time_ms_count,std,0.5477225575051661,5
cloud_only,fault_free,decision_time_ms_count,p95,32.0,5
cloud_only,fault_free,decision_time_ms_count,min,31.0,5
cloud_only,fault_free,decision_time_ms_count,max,32.0,5
cloud_only,fault_free,decision_time_ms_max,count,5,5
cloud_only,fault_free,decision_time_ms_max,mean,0.3407478332519531,5
cloud_only,fault_free,decision_time_ms_max,median,0.14019012451171875,5
cloud_only,fault_free,decision_time_ms_max,std,0.44136290520712856,5
cloud_only,fault_free,decision_time_ms_max,p95,0.9359359741210935,5
cloud_only,fault_free,decision_time_ms_max,min,0.13494491577148438,5
cloud_only,fault_free,decision_time_ms_max,max,1.1301040649414062,5
cloud_only,fault_free,decision_time_ms_mean,count,5,5
cloud_only,fault_free,decision_time_ms_mean,mean,0.10103765995271743,5
cloud_only,fault_free,decision_time_ms_mean,median,0.09479830341954384,5
cloud_only,fault_free,decision_time_ms_mean,std,0.014294057745220037,5
cloud_only,fault_free,decision_time_ms_mean,p95,0.1204961730587867,5
cloud_only,fault_free,decision_time_ms_mean,min,0.09282678365707397,5
cloud_only,fault_free,decision_time_ms_mean,max,0.12650340795516968,5
cloud_only,fault_free,decision_time_ms_median,count,5,5
cloud_only,fault_free,decision_time_ms_median,mean,0.08819103240966797,5
cloud_only,fault_free,decision_time_ms_median,median,0.08869171142578125,5
cloud_only,fault_free,decision_time_ms_median,std,0.0017406189201778393,5
cloud_only,fault_free,decision_time_ms_median,p95,0.08995532989501953,5
cloud_only,fault_free,decision_time_ms_median,min,0.0858306884765625,5
cloud_only,fault_free,decision_time_ms_median,max,0.09012222290039062,5
cloud_only,fault_free,decision_time_ms_min,count,5,5
cloud_only,fault_free,decision_time_ms_min,mean,0.06885528564453125,5
cloud_only,fault_free,decision_time_ms_min,median,0.06985664367675781,5
cloud_only,fault_free,decision_time_ms_min,std,0.003763692333349441,5
cloud_only,fault_free,decision_time_ms_min,p95,0.07205009460449219,5
cloud_only,fault_free,decision_time_ms_min,min,0.06270408630371094,5
cloud_only,fault_free,decision_time_ms_min,max,0.07224082946777344,5
cloud_only,fault_free,decision_time_ms_p95,count,5,5
cloud_only,fault_free,decision_time_ms_p95,mean,0.1291370391845703,5
cloud_only,fault_free,decision_time_ms_p95,median,0.12886524200439453,5
cloud_only,fault_free,decision_time_ms_p95,std,0.006790297585895061,5
cloud_only,fault_free,decision_time_ms_p95,p95,0.13644218444824216,5
cloud_only,fault_free,decision_time_ms_p95,min,0.12230873107910156,5
cloud_only,fault_free,decision_time_ms_p95,max,0.13675689697265622,5
cloud_only,fault_free,decision_time_ms_std,count,5,5
cloud_only,fault_free,decision_time_ms_std,mean,0.052099277762335444,5
cloud_only,fault_free,decision_time_ms_std,median,0.019113149472889363,5
cloud_only,fault_free,decision_time_ms_std,std,0.07371586387860696,5
cloud_only,fault_free,decision_time_ms_std,p95,0.15159004396807907,5
cloud_only,fault_free,decision_time_ms_std,min,0.017273687327659545,5
cloud_only,fault_free,decision_time_ms_std,max,0.1839215602224593,5
cloud_only,fault_free,decision_windows,count,5,5
cloud_only,fault_free,decision_windows,mean,31.6,5
cloud_only,fault_free,decision_windows,median,32.0,5
cloud_only,fault_free,decision_windows,std,0.5477225575051661,5
cloud_only,fault_free,decision_windows,p95,32.0,5
cloud_only,fault_free,decision_windows,min,31.0,5
cloud_only,fault_free,decision_windows,max,32.0,5
cloud_only,fault_free,detection_latency_ms_count,count,5,5
cloud_only,fault_free,detection_latency_ms_count,mean,34.0,5
cloud_only,fault_free,detection_latency_ms_count,median,34.0,5
cloud_only,fault_free,detection_latency_ms_count,std,0.0,5
cloud_only,fault_free,detection_latency_ms_count,p95,34.0,5
cloud_only,fault_free,detection_latency_ms_count,min,34.0,5
cloud_only,fault_free,detection_latency_ms_count,max,34.0,5
cloud_only,fault_free,detection_latency_ms_max,count,5,5
cloud_only,fault_free,detection_latency_ms_max,mean,4.823541641235352,5
cloud_only,fault_free,detection_latency_ms_max,median,4.868984222412109,5
cloud_only,fault_free,detection_latency_ms_max,std,0.6730980146967657,5
cloud_only,fault_free,detection_latency_ms_max,p95,5.51915168762207,5
cloud_only,fault_free,detection_latency_ms_max,min,4.068613052368164,5
cloud_only,fault_free,detection_latency_ms_max,max,5.544424057006836,5
cloud_only,fault_free,detection_latency_ms_mean,count,5,5
cloud_only,fault_free,detection_latency_ms_mean,mean,3.488770653219784,5
cloud_only,fault_free,detection_latency_ms_mean,median,3.4707083421594955,5
cloud_only,fault_free,detection_latency_ms_mean,std,0.057287575477847345,5
cloud_only,fault_free,detection_latency_ms_mean,p95,3.565338078667136,5
cloud_only,fault_free,detection_latency_ms_mean,min,3.4337885239545036,5
cloud_only,fault_free,detection_latency_ms_mean,max,3.5856821957756493,5
cloud_only,fault_free,detection_latency_ms_median,count,5,5
cloud_only,fault_free,detection_latency_ms_median,mean,3.4374237060546875,5
cloud_only,fault_free,detection_latency_ms_median,median,3.418564796447754,5
cloud_only,fault_free,detection_latency_ms_median,std,0.05470423246703687,5
cloud_only,fault_free,detection_latency_ms_median,p95,3.5115480422973633,5
cloud_only,fault_free,detection_latency_ms_median,min,3.390789031982422,5
cloud_only,fault_free,detection_latency_ms_median,max,3.531813621520996,5
cloud_only,fault_free,detection_latency_ms_min,count,5,5
cloud_only,fault_free,detection_latency_ms_min,mean,3.2097816467285156,5
cloud_only,fault_free,detection_latency_ms_min,median,3.2258033752441406,5
cloud_only,fault_free,detection_latency_ms_min,std,0.0318243705755006,5
cloud_only,fault_free,detection_latency_ms_min,p95,3.2337188720703125,5
cloud_only,fault_free,detection_latency_ms_min,min,3.1585693359375,5
cloud_only,fault_free,detection_latency_ms_min,max,3.234386444091797,5
cloud_only,fault_free,detection_latency_ms_p95,count,5,5
cloud_only,fault_free,detection_latency_ms_p95,mean,3.8092660903930664,5
cloud_only,fault_free,detection_latency_ms_p95,median,3.6743402481079097,5
cloud_only,fault_free,detection_latency_ms_p95,std,0.2746264608602368,5
cloud_only,fault_free,detection_latency_ms_p95,p95,4.1756486892700195,5
cloud_only,fault_free,detection_latency_ms_p95,min,3.5637378692626953,5
cloud_only,fault_free,detection_latency_ms_p95,max,4.2395710945129395,5
cloud_only,fault_free,detection_latency_ms_std,count,5,5
cloud_only,fault_free,detection_latency_ms_std,mean,0.27952823483117534,5
cloud_only,fault_free,detection_latency_ms_std,median,0.34240595520150485,5
cloud_only,fault_free,detection_latency_ms_std,std,0.1078000260372623,5
cloud_only,fault_free,detection_latency_ms_std,p95,0.3697809388666861,5
cloud_only,fault_free,detection_latency_ms_std,min,0.14493877961771925,5
cloud_only,fault_free,detection_latency_ms_std,max,0.3731335506460018,5
cloud_only,fault_free,detector_cpu_count,count,5,5
cloud_only,fault_free,detector_cpu_count,mean,159.0,5
cloud_only,fault_free,detector_cpu_count,median,159.0,5
cloud_only,fault_free,detector_cpu_count,std,0.0,5
cloud_only,fault_free,detector_cpu_count,p95,159.0,5
cloud_only,fault_free,detector_cpu_count,min,159.0,5
cloud_only,fault_free,detector_cpu_count,max,159.0,5
cloud_only,fault_free,detector_cpu_max,count,5,5
cloud_only,fault_free,detector_cpu_max,mean,3.5614,5
cloud_only,fault_free,detector_cpu_max,median,3.699,5
cloud_only,fault_free,detector_cpu_max,std,0.7428827632944514,5
cloud_only,fault_free,detector_cpu_max,p95,4.281,5
cloud_only,fault_free,detector_cpu_max,min,2.395,5
cloud_only,fault_free,detector_cpu_max,max,4.361,5
cloud_only,fault_free,detector_cpu_mean,count,5,5
cloud_only,fault_free,detector_cpu_mean,mean,1.5693106918238993,5
cloud_only,fault_free,detector_cpu_mean,median,1.583377358490566,5
cloud_only,fault_free,detector_cpu_mean,std,0.029607979386254913,5
cloud_only,fault_free,detector_cpu_mean,p95,1.5953798742138365,5
cloud_only,fault_free,detector_cpu_mean,min,1.5294088050314465,5
cloud_only,fault_free,detector_cpu_mean,max,1.596559748427673,5
cloud_only,fault_free,detector_cpu_median,count,5,5
cloud_only,fault_free,detector_cpu_median,mean,1.4184,5
cloud_only,fault_free,detector_cpu_median,median,1.425,5
cloud_only,fault_free,detector_cpu_median,std,0.01777076250474358,5
cloud_only,fault_free,detector_cpu_median,p95,1.4298,5
cloud_only,fault_free,detector_cpu_median,min,1.387,5
cloud_only,fault_free,detector_cpu_median,max,1.431,5
cloud_only,fault_free,detector_cpu_min,count,5,5
cloud_only,fault_free,detector_cpu_min,mean,0.0306,5
cloud_only,fault_free,detector_cpu_min,median,0.031,5
cloud_only,fault_free,detector_cpu_min,std,0.0016733200530681513,5
cloud_only,fault_free,detector_cpu_min,p95,0.032,5
cloud_only,fault_free,detector_cpu_min,min,0.028,5
cloud_only,fault_free,detector_cpu_min,max,0.032,5
cloud_only,fault_free,detector_cpu_p95,count,5,5
cloud_only,fault_free,detector_cpu_p95,mean,2.29312,5
cloud_only,fault_free,detector_cpu_p95,median,2.2473,5
cloud_only,fault_free,detector_cpu_p95,std,0.1042457289292949,5
cloud_only,fault_free,detector_cpu_p95,p95,2.4331600000000004,5
cloud_only,fault_free,detector_cpu_p95,min,2.2051,5
cloud_only,fault_free,detector_cpu_p95,max,2.4589000000000003,5
cloud_only,fault_free,detector_cpu_std,count,5,5
cloud_only,fault_free,detector_cpu_std,mean,0.40839968746637834,5
cloud_only,fault_free,detector_cpu_std,median,0.39641077466300995,5
cloud_only,fault_free,detector_cpu_std,std,0.04171575936680689,5
cloud_only,fault_free,detector_cpu_std,p95,0.451949900653931,5
cloud_only,fault_free,detector_cpu_std,min,0.35281527239025917,5
cloud_only,fault_free,detector_cpu_std,max,0.4532467798232105,5
cloud_only,fault_free,detector_memory_count,count,5,5
cloud_only,fault_free,detector_memory_count,mean,159.0,5
cloud_only,fault_free,detector_memory_count,median,159.0,5
cloud_only,fault_free,detector_memory_count,std,0.0,5
cloud_only,fault_free,detector_memory_count,p95,159.0,5
cloud_only,fault_free,detector_memory_count,min,159.0,5
cloud_only,fault_free,detector_memory_count,max,159.0,5
cloud_only,fault_free,detector_memory_max,count,5,5
cloud_only,fault_free,detector_memory_max,mean,222285004.8,5
cloud_only,fault_free,detector_memory_max,median,222236672.0,5
cloud_only,fault_free,detector_memory_max,std,1275282.216391023,5
cloud_only,fault_free,detector_memory_max,p95,223587532.8,5
cloud_only,fault_free,detector_memory_max,min,220807168.0,5
cloud_only,fault_free,detector_memory_max,max,223604736.0,5
cloud_only,fault_free,detector_memory_mean,count,5,5
cloud_only,fault_free,detector_memory_mean,mean,220787141.3937107,5
cloud_only,fault_free,detector_memory_mean,median,220509370.7672956,5
cloud_only,fault_free,detector_memory_mean,std,675441.6014610893,5
cloud_only,fault_free,detector_memory_mean,p95,221696989.22264153,5
cloud_only,fault_free,detector_memory_mean,min,220421757.58490565,5
cloud_only,fault_free,detector_memory_mean,max,221993591.1446541,5
cloud_only,fault_free,detector_memory_median,count,5,5
cloud_only,fault_free,detector_memory_median,mean,220772761.6,5
cloud_only,fault_free,detector_memory_median,median,220483584.0,5
cloud_only,fault_free,detector_memory_median,std,672627.5555080984,5
cloud_only,fault_free,detector_memory_median,p95,221681254.4,5
cloud_only,fault_free,detector_memory_median,min,220418048.0,5
cloud_only,fault_free,detector_memory_median,max,221974528.0,5
cloud_only,fault_free,detector_memory_min,count,5,5
cloud_only,fault_free,detector_memory_min,mean,220508979.2,5
cloud_only,fault_free,detector_memory_min,median,220241920.0,5
cloud_only,fault_free,detector_memory_min,std,650854.2711138953,5
cloud_only,fault_free,detector_memory_min,p95,221386342.4,5
cloud_only,fault_free,detector_memory_min,min,220155904.0,5
cloud_only,fault_free,detector_memory_min,max,221671424.0,5
cloud_only,fault_free,detector_memory_p95,count,5,5
cloud_only,fault_free,detector_memory_p95,mean,220971253.76,5
cloud_only,fault_free,detector_memory_p95,median,220685107.2,5
cloud_only,fault_free,detector_memory_p95,std,689821.7083763967,5
cloud_only,fault_free,detector_memory_p95,p95,221901701.12,5
cloud_only,fault_free,detector_memory_p95,min,220610560.0,5
cloud_only,fault_free,detector_memory_p95,max,222203904.0,5
cloud_only,fault_free,detector_memory_std,count,5,5
cloud_only,fault_free,detector_memory_std,mean,184195.41280127855,5
cloud_only,fault_free,detector_memory_std,median,133740.12454415666,5
cloud_only,fault_free,detector_memory_std,std,76975.50922750805,5
cloud_only,fault_free,detector_memory_std,p95,270887.3868130413,5
cloud_only,fault_free,detector_memory_std,min,121359.7013755575,5
cloud_only,fault_free,detector_memory_std,max,272604.10613282595,5
cloud_only,fault_free,detector_processing_ms_count,count,5,5
cloud_only,fault_free,detector_processing_ms_count,mean,156.2,5
cloud_only,fault_free,detector_processing_ms_count,median,156.0,5
cloud_only,fault_free,detector_processing_ms_count,std,1.0954451150103321,5
cloud_only,fault_free,detector_processing_ms_count,p95,157.6,5
cloud_only,fault_free,detector_processing_ms_count,min,155.0,5
cloud_only,fault_free,detector_processing_ms_count,max,158.0,5
cloud_only,fault_free,detector_processing_ms_max,count,5,5
cloud_only,fault_free,detector_processing_ms_max,mean,100.64311027526855,5
cloud_only,fault_free,detector_processing_ms_max,median,100.91686248779297,5
cloud_only,fault_free,detector_processing_ms_max,std,0.6464836254790357,5
cloud_only,fault_free,detector_processing_ms_max,p95,101.20048522949219,5
cloud_only,fault_free,detector_processing_ms_max,min,99.61795806884766,5
cloud_only,fault_free,detector_processing_ms_max,max,101.24921798706055,5
cloud_only,fault_free,detector_processing_ms_mean,count,5,5
cloud_only,fault_free,detector_processing_ms_mean,mean,50.65326573717397,5
cloud_only,fault_free,detector_processing_ms_mean,median,50.414161804394844,5
cloud_only,fault_free,detector_processing_ms_mean,std,2.1670971032478605,5
cloud_only,fault_free,detector_processing_ms_mean,p95,53.41856387945322,5
cloud_only,fault_free,detector_processing_ms_mean,min,48.15113242668441,5
cloud_only,fault_free,detector_processing_ms_mean,max,54.11263001270783,5
cloud_only,fault_free,detector_processing_ms_median,count,5,5
cloud_only,fault_free,detector_processing_ms_median,mean,50.824809074401855,5
cloud_only,fault_free,detector_processing_ms_median,median,50.78685283660889,5
cloud_only,fault_free,detector_processing_ms_median,std,4.118694255541012,5
cloud_only,fault_free,detector_processing_ms_median,p95,55.93597888946533,5
cloud_only,fault_free,detector_processing_ms_median,min,45.767784118652344,5
cloud_only,fault_free,detector_processing_ms_median,max,57.15024471282959,5
cloud_only,fault_free,detector_processing_ms_min,count,5,5
cloud_only,fault_free,detector_processing_ms_min,mean,2.1193504333496094,5
cloud_only,fault_free,detector_processing_ms_min,median,2.1092891693115234,5
cloud_only,fault_free,detector_processing_ms_min,std,0.03395284823370432,5
cloud_only,fault_free,detector_processing_ms_min,p95,2.1637916564941406,5
cloud_only,fault_free,detector_processing_ms_min,min,2.0825862884521484,5
cloud_only,fault_free,detector_processing_ms_min,max,2.172708511352539,5
cloud_only,fault_free,detector_processing_ms_p95,count,5,5
cloud_only,fault_free,detector_processing_ms_p95,mean,95.53828239440917,5
cloud_only,fault_free,detector_processing_ms_p95,median,95.63999176025385,5
cloud_only,fault_free,detector_processing_ms_p95,std,2.3942024004028286,5
cloud_only,fault_free,detector_processing_ms_p95,p95,98.28025102615356,5
cloud_only,fault_free,detector_processing_ms_p95,min,92.59378910064697,5
cloud_only,fault_free,detector_processing_ms_p95,max,98.60610961914062,5
cloud_only,fault_free,detector_processing_ms_std,count,5,5
cloud_only,fault_free,detector_processing_ms_std,mean,29.689185923938204,5
cloud_only,fault_free,detector_processing_ms_std,median,29.66257132305119,5
cloud_only,fault_free,detector_processing_ms_std,std,0.3811379682609193,5
cloud_only,fault_free,detector_processing_ms_std,p95,30.159710503610114,5
cloud_only,fault_free,detector_processing_ms_std,min,29.224802616551237,5
cloud_only,fault_free,detector_processing_ms_std,max,30.24380961191961,5
cloud_only,fault_free,diagnosis_latency_ms_count,count,5,5
cloud_only,fault_free,diagnosis_latency_ms_count,mean,0.0,5
cloud_only,fault_free,diagnosis_latency_ms_count,median,0.0,5
cloud_only,fault_free,diagnosis_latency_ms_count,std,0.0,5
cloud_only,fault_free,diagnosis_latency_ms_count,p95,0.0,5
cloud_only,fault_free,diagnosis_latency_ms_count,min,0.0,5
cloud_only,fault_free,diagnosis_latency_ms_count,max,0.0,5
cloud_only,fault_free,e2e_latency_ms_count,count,5,5
cloud_only,fault_free,e2e_latency_ms_count,mean,0.0,5
cloud_only,fault_free,e2e_latency_ms_count,median,0.0,5
cloud_only,fault_free,e2e_latency_ms_count,std,0.0,5
cloud_only,fault_free,e2e_latency_ms_count,p95,0.0,5
cloud_only,fault_free,e2e_latency_ms_count,min,0.0,5
cloud_only,fault_free,e2e_latency_ms_count,max,0.0,5
cloud_only,fault_free,escalated_samples,count,5,5
cloud_only,fault_free,escalated_samples,mean,0.0,5
cloud_only,fault_free,escalated_samples,median,0.0,5
cloud_only,fault_free,escalated_samples,std,0.0,5
cloud_only,fault_free,escalated_samples,p95,0.0,5
cloud_only,fault_free,escalated_samples,min,0.0,5
cloud_only,fault_free,escalated_samples,max,0.0,5
cloud_only,fault_free,estimated_cloud_data_bytes,count,5,5
cloud_only,fault_free,estimated_cloud_data_bytes,mean,2956741.1337783793,5
cloud_only,fault_free,estimated_cloud_data_bytes,median,2955634.999564085,5
cloud_only,fault_free,estimated_cloud_data_bytes,std,7944.694067487528,5
cloud_only,fault_free,estimated_cloud_data_bytes,p95,2967328.904190279,5
cloud_only,fault_free,estimated_cloud_data_bytes,min,2949710.657855549,5
cloud_only,fault_free,estimated_cloud_data_bytes,max,2969875.704129448,5
cloud_only,fault_free,estimated_cloud_data_bytes_per_minute,count,5,5
cloud_only,fault_free,estimated_cloud_data_bytes_per_minute,mean,590186.4,5
cloud_only,fault_free,estimated_cloud_data_bytes_per_minute,median,590186.4,5
cloud_only,fault_free,estimated_cloud_data_bytes_per_minute,std,6.376329780383572e-11,5
cloud_only,fault_free,estimated_cloud_data_bytes_per_minute,p95,590186.4,5
cloud_only,fault_free,estimated_cloud_data_bytes_per_minute,min,590186.3999999999,5
cloud_only,fault_free,estimated_cloud_data_bytes_per_minute,max,590186.4,5
cloud_only,fault_free,estimated_sample_bytes,count,5,5
cloud_only,fault_free,estimated_sample_bytes,mean,983.644,5
cloud_only,fault_free,estimated_sample_bytes,median,983.644,5
cloud_only,fault_free,estimated_sample_bytes,std,0.0,5
cloud_only,fault_free,estimated_sample_bytes,p95,983.644,5
cloud_only,fault_free,estimated_sample_bytes,min,983.644,5
cloud_only,fault_free,estimated_sample_bytes,max,983.644,5
cloud_only,fault_free,measurement_seconds,count,5,5
cloud_only,fault_free,measurement_seconds,mean,300.59057278633117,5
cloud_only,fault_free,measurement_seconds,median,300.47812008857727,5
cloud_only,fault_free,measurement_seconds,std,0.8076798178494893,5
cloud_only,fault_free,measurement_seconds,p95,301.6669551372528,5
cloud_only,fault_free,measurement_seconds,min,299.875834941864,5
cloud_only,fault_free,measurement_seconds,max,301.9258699417114,5
cloud_only,fault_free,normal_decisions,count,5,5
cloud_only,fault_free,normal_decisions,mean,31.0,5
cloud_only,fault_free,normal_decisions,median,31.0,5
cloud_only,fault_free,normal_decisions,std,0.0,5
cloud_only,fault_free,normal_decisions,p95,31.0,5
cloud_only,fault_free,normal_decisions,min,31.0,5
cloud_only,fault_free,normal_decisions,max,31.0,5
cloud_only,fault_free,orchestrator_cpu_count,count,5,5
cloud_only,fault_free,orchestrator_cpu_count,mean,31.6,5
cloud_only,fault_free,orchestrator_cpu_count,median,32.0,5
cloud_only,fault_free,orchestrator_cpu_count,std,0.5477225575051661,5
cloud_only,fault_free,orchestrator_cpu_count,p95,32.0,5
cloud_only,fault_free,orchestrator_cpu_count,min,31.0,5
cloud_only,fault_free,orchestrator_cpu_count,max,32.0,5
cloud_only,fault_free,orchestrator_cpu_max,count,5,5
cloud_only,fault_free,orchestrator_cpu_max,mean,0.0,5
cloud_only,fault_free,orchestrator_cpu_max,median,0.0,5
cloud_only,fault_free,orchestrator_cpu_max,std,0.0,5
cloud_only,fault_free,orchestrator_cpu_max,p95,0.0,5
cloud_only,fault_free,orchestrator_cpu_max,min,0.0,5
cloud_only,fault_free,orchestrator_cpu_max,max,0.0,5
cloud_only,fault_free,orchestrator_cpu_mean,count,5,5
cloud_only,fault_free,orchestrator_cpu_mean,mean,0.0,5
cloud_only,fault_free,orchestrator_cpu_mean,median,0.0,5
cloud_only,fault_free,orchestrator_cpu_mean,std,0.0,5
cloud_only,fault_free,orchestrator_cpu_mean,p95,0.0,5
cloud_only,fault_free,orchestrator_cpu_mean,min,0.0,5
cloud_only,fault_free,orchestrator_cpu_mean,max,0.0,5
cloud_only,fault_free,orchestrator_cpu_median,count,5,5
cloud_only,fault_free,orchestrator_cpu_median,mean,0.0,5
cloud_only,fault_free,orchestrator_cpu_median,median,0.0,5
cloud_only,fault_free,orchestrator_cpu_median,std,0.0,5
cloud_only,fault_free,orchestrator_cpu_median,p95,0.0,5
cloud_only,fault_free,orchestrator_cpu_median,min,0.0,5
cloud_only,fault_free,orchestrator_cpu_median,max,0.0,5
cloud_only,fault_free,orchestrator_cpu_min,count,5,5
cloud_only,fault_free,orchestrator_cpu_min,mean,0.0,5
cloud_only,fault_free,orchestrator_cpu_min,median,0.0,5
cloud_only,fault_free,orchestrator_cpu_min,std,0.0,5
cloud_only,fault_free,orchestrator_cpu_min,p95,0.0,5
cloud_only,fault_free,orchestrator_cpu_min,min,0.0,5
cloud_only,fault_free,orchestrator_cpu_min,max,0.0,5
cloud_only,fault_free,orchestrator_cpu_p95,count,5,5
cloud_only,fault_free,orchestrator_cpu_p95,mean,0.0,5
cloud_only,fault_free,orchestrator_cpu_p95,median,0.0,5
cloud_only,fault_free,orchestrator_cpu_p95,std,0.0,5
cloud_only,fault_free,orchestrator_cpu_p95,p95,0.0,5
cloud_only,fault_free,orchestrator_cpu_p95,min,0.0,5
cloud_only,fault_free,orchestrator_cpu_p95,max,0.0,5
cloud_only,fault_free,orchestrator_cpu_std,count,5,5
cloud_only,fault_free,orchestrator_cpu_std,mean,0.0,5
cloud_only,fault_free,orchestrator_cpu_std,median,0.0,5
cloud_only,fault_free,orchestrator_cpu_std,std,0.0,5
cloud_only,fault_free,orchestrator_cpu_std,p95,0.0,5
cloud_only,fault_free,orchestrator_cpu_std,min,0.0,5
cloud_only,fault_free,orchestrator_cpu_std,max,0.0,5
cloud_only,fault_free,orchestrator_memory_count,count,5,5
cloud_only,fault_free,orchestrator_memory_count,mean,31.6,5
cloud_only,fault_free,orchestrator_memory_count,median,32.0,5
cloud_only,fault_free,orchestrator_memory_count,std,0.5477225575051661,5
cloud_only,fault_free,orchestrator_memory_count,p95,32.0,5
cloud_only,fault_free,orchestrator_memory_count,min,31.0,5
cloud_only,fault_free,orchestrator_memory_count,max,32.0,5
cloud_only,fault_free,orchestrator_memory_max,count,5,5
cloud_only,fault_free,orchestrator_memory_max,mean,23098982.4,5
cloud_only,fault_free,orchestrator_memory_max,median,23044096.0,5
cloud_only,fault_free,orchestrator_memory_max,std,141433.64040001234,5
cloud_only,fault_free,orchestrator_memory_max,p95,23290675.2,5
cloud_only,fault_free,orchestrator_memory_max,min,23023616.0,5
cloud_only,fault_free,orchestrator_memory_max,max,23351296.0,5
cloud_only,fault_free,orchestrator_memory_mean,count,5,5
cloud_only,fault_free,orchestrator_memory_mean,mean,22832830.761290323,5
cloud_only,fault_free,orchestrator_memory_mean,median,22808774.19354839,5
cloud_only,fault_free,orchestrator_memory_mean,std,61524.14920018173,5
cloud_only,fault_free,orchestrator_memory_mean,p95,22917143.122580644,5
cloud_only,fault_free,orchestrator_memory_mean,min,22785920.0,5
cloud_only,fault_free,orchestrator_memory_mean,max,22939776.0,5
cloud_only,fault_free,orchestrator_memory_median,count,5,5
cloud_only,fault_free,orchestrator_memory_median,mean,22817996.8,5
cloud_only,fault_free,orchestrator_memory_median,median,22794240.0,5
cloud_only,fault_free,orchestrator_memory_median,std,67624.327362274,5
cloud_only,fault_free,orchestrator_memory_median,p95,22909747.2,5
cloud_only,fault_free,orchestrator_memory_median,min,22771712.0,5
cloud_only,fault_free,orchestrator_memory_median,max,22937600.0,5
cloud_only,fault_free,orchestrator_memory_min,count,5,5
cloud_only,fault_free,orchestrator_memory_min,mean,22570598.4,5
cloud_only,fault_free,orchestrator_memory_min,median,22548480.0,5
cloud_only,fault_free,orchestrator_memory_min,std,38050.936135659,5
cloud_only,fault_free,orchestrator_memory_min,p95,22619750.4,5
cloud_only,fault_free,orchestrator_memory_min,min,22536192.0,5
cloud_only,fault_free,orchestrator_memory_min,max,22626304.0,5
cloud_only,fault_free,orchestrator_memory_p95,count,5,5
cloud_only,fault_free,orchestrator_memory_p95,mean,23047454.72,5
cloud_only,fault_free,orchestrator_memory_p95,median,23016448.0,5
cloud_only,fault_free,orchestrator_memory_p95,std,71625.6488799371,5
cloud_only,fault_free,orchestrator_memory_p95,p95,23144611.84,5
cloud_only,fault_free,orchestrator_memory_p95,min,23010508.8,5
cloud_only,fault_free,orchestrator_memory_p95,max,23175372.8,5
cloud_only,fault_free,orchestrator_memory_std,count,5,5
cloud_only,fault_free,orchestrator_memory_std,mean,123155.22576763631,5
cloud_only,fault_free,orchestrator_memory_std,median,122038.9834584068,5
cloud_only,fault_free,orchestrator_memory_std,std,21097.91941170086,5
cloud_only,fault_free,orchestrator_memory_std,p95,150844.29952204553,5
cloud_only,fault_free,orchestrator_memory_std,min,103252.56439774112,5
cloud_only,fault_free,orchestrator_memory_std,max,157734.1219107893,5
cloud_only,fault_free,orchestrator_processing_ms_count,count,5,5
cloud_only,fault_free,orchestrator_processing_ms_count,mean,31.6,5
cloud_only,fault_free,orchestrator_processing_ms_count,median,32.0,5
cloud_only,fault_free,orchestrator_processing_ms_count,std,0.5477225575051661,5
cloud_only,fault_free,orchestrator_processing_ms_count,p95,32.0,5
cloud_only,fault_free,orchestrator_processing_ms_count,min,31.0,5
cloud_only,fault_free,orchestrator_processing_ms_count,max,32.0,5
cloud_only,fault_free,orchestrator_processing_ms_max,count,5,5
cloud_only,fault_free,orchestrator_processing_ms_max,mean,0.35147666931152344,5
cloud_only,fault_free,orchestrator_processing_ms_max,median,0.14925003051757812,5
cloud_only,fault_free,orchestrator_processing_ms_max,std,0.4427238628534761,5
cloud_only,fault_free,orchestrator_processing_ms_max,p95,0.9489059448242185,5
cloud_only,fault_free,orchestrator_processing_ms_max,min,0.14448165893554688,5
cloud_only,fault_free,orchestrator_processing_ms_max,max,1.1432170867919922,5
cloud_only,fault_free,orchestrator_processing_ms_mean,count,5,5
cloud_only,fault_free,orchestrator_processing_ms_mean,mean,0.1107706658301815,5
cloud_only,fault_free,orchestrator_processing_ms_mean,median,0.10501184771137853,5
cloud_only,fault_free,orchestrator_processing_ms_mean,std,0.014457037777402112,5
cloud_only,fault_free,orchestrator_processing_ms_mean,p95,0.13040227274740895,5
cloud_only,fault_free,orchestrator_processing_ms_mean,min,0.10215491056442261,5
cloud_only,fault_free,orchestrator_processing_ms_mean,max,0.13650953769683838,5
cloud_only,fault_free,orchestrator_processing_ms_median,count,5,5
cloud_only,fault_free,orchestrator_processing_ms_median,mean,0.09827613830566406,5
cloud_only,fault_free,orchestrator_processing_ms_median,median,0.09882450103759766,5
cloud_only,fault_free,orchestrator_processing_ms_median,std,0.0018051451426951296,5
cloud_only,fault_free,orchestrator_processing_ms_median,p95,0.10023117065429688,5
cloud_only,fault_free,orchestrator_processing_ms_median,min,0.09608268737792969,5
cloud_only,fault_free,orchestrator_processing_ms_median,max,0.1004934310913086,5
cloud_only,fault_free,orchestrator_processing_ms_min,count,5,5
cloud_only,fault_free,orchestrator_processing_ms_min,mean,0.077056884765625,5
cloud_only,fault_free,orchestrator_processing_ms_min,median,0.07748603820800781,5
cloud_only,fault_free,orchestrator_processing_ms_min,std,0.004342230076369747,5
cloud_only,fault_free,orchestrator_processing_ms_min,p95,0.08096694946289062,5
cloud_only,fault_free,orchestrator_processing_ms_min,min,0.07033348083496094,5
cloud_only,fault_free,orchestrator_processing_ms_min,max,0.08106231689453125,5
cloud_only,fault_free,orchestrator_processing_ms_p95,count,5,5
cloud_only,fault_free,orchestrator_processing_ms_p95,mean,0.13880252838134766,5
cloud_only,fault_free,orchestrator_processing_ms_p95,median,0.13840198516845703,5
cloud_only,fault_free,orchestrator_processing_ms_p95,std,0.006764502748583931,5
cloud_only,fault_free,orchestrator_processing_ms_p95,p95,0.1463460922241211,5
cloud_only,fault_free,orchestrator_processing_ms_p95,min,0.13186931610107422,5
cloud_only,fault_free,orchestrator_processing_ms_p95,max,0.14684200286865234,5
cloud_only,fault_free,orchestrator_processing_ms_std,count,5,5
cloud_only,fault_free,orchestrator_processing_ms_std,mean,0.052475243612017504,5
cloud_only,fault_free,orchestrator_processing_ms_std,median,0.01990605616634992,5
cloud_only,fault_free,orchestrator_processing_ms_std,std,0.07382502828136246,5
cloud_only,fault_free,orchestrator_processing_ms_std,p95,0.15207501251577535,5
cloud_only,fault_free,orchestrator_processing_ms_std,min,0.017517911375982187,5
cloud_only,fault_free,orchestrator_processing_ms_std,max,0.18449325725071972,5
cloud_only,fault_free,sensor-generator_cpu_count,count,5,5
cloud_only,fault_free,sensor-generator_cpu_count,mean,65.8,5
cloud_only,fault_free,sensor-generator_cpu_count,median,66.0,5
cloud_only,fault_free,sensor-generator_cpu_count,std,0.4472135954999579,5
cloud_only,fault_free,sensor-generator_cpu_count,p95,66.0,5
cloud_only,fault_free,sensor-generator_cpu_count,min,65.0,5
cloud_only,fault_free,sensor-generator_cpu_count,max,66.0,5
cloud_only,fault_free,sensor-generator_cpu_max,count,5,5
cloud_only,fault_free,sensor-generator_cpu_max,mean,97.8152,5
cloud_only,fault_free,sensor-generator_cpu_max,median,98.27,5
cloud_only,fault_free,sensor-generator_cpu_max,std,3.491245007157191,5
cloud_only,fault_free,sensor-generator_cpu_max,p95,101.2574,5
cloud_only,fault_free,sensor-generator_cpu_max,min,92.544,5
cloud_only,fault_free,sensor-generator_cpu_max,max,101.537,5
cloud_only,fault_free,sensor-generator_cpu_mean,count,5,5
cloud_only,fault_free,sensor-generator_cpu_mean,mean,58.092941025641025,5
cloud_only,fault_free,sensor-generator_cpu_mean,median,58.110136363636364,5
cloud_only,fault_free,sensor-generator_cpu_mean,std,4.954366731044456,5
cloud_only,fault_free,sensor-generator_cpu_mean,p95,64.05575011655012,5
cloud_only,fault_free,sensor-generator_cpu_mean,min,51.880848484848485,5
cloud_only,fault_free,sensor-generator_cpu_mean,max,65.06680303030303,5
cloud_only,fault_free,sensor-generator_cpu_median,count,5,5
cloud_only,fault_free,sensor-generator_cpu_median,mean,65.8213,5
cloud_only,fault_free,sensor-generator_cpu_median,median,65.666,5
cloud_only,fault_free,sensor-generator_cpu_median,std,4.090084513185519,5
cloud_only,fault_free,sensor-generator_cpu_median,p95,70.9086,5
cloud_only,fault_free,sensor-generator_cpu_median,min,60.9875,5
cloud_only,fault_free,sensor-generator_cpu_median,max,71.8615,5
cloud_only,fault_free,sensor-generator_cpu_min,count,5,5
cloud_only,fault_free,sensor-generator_cpu_min,mean,0.4108,5
cloud_only,fault_free,sensor-generator_cpu_min,median,0.567,5
cloud_only,fault_free,sensor-generator_cpu_min,std,0.2605210164266983,5
cloud_only,fault_free,sensor-generator_cpu_min,p95,0.639,5
cloud_only,fault_free,sensor-generator_cpu_min,min,0.105,5
cloud_only,fault_free,sensor-generator_cpu_min,max,0.655,5
cloud_only,fault_free,sensor-generator_cpu_p95,count,5,5
cloud_only,fault_free,sensor-generator_cpu_p95,mean,90.41727,5
cloud_only,fault_free,sensor-generator_cpu_p95,median,90.70125,5
cloud_only,fault_free,sensor-generator_cpu_p95,std,2.0619295746339175,5
cloud_only,fault_free,sensor-generator_cpu_p95,p95,92.7666,5
cloud_only,fault_free,sensor-generator_cpu_p95,min,87.5606,5
cloud_only,fault_free,sensor-generator_cpu_p95,max,93.20975,5
cloud_only,fault_free,sensor-generator_cpu_std,count,5,5
cloud_only,fault_free,sensor-generator_cpu_std,mean,31.115348852110092,5
cloud_only,fault_free,sensor-generator_cpu_std,median,31.33846168909584,5
cloud_only,fault_free,sensor-generator_cpu_std,std,3.3191754729761476,5
cloud_only,fault_free,sensor-generator_cpu_std,p95,35.0900791741229,5
cloud_only,fault_free,sensor-generator_cpu_std,min,26.875107093722765,5
cloud_only,fault_free,sensor-generator_cpu_std,max,35.84798788827943,5
cloud_only,fault_free,sensor-generator_memory_count,count,5,5
cloud_only,fault_free,sensor-generator_memory_count,mean,65.8,5
cloud_only,fault_free,sensor-generator_memory_count,median,66.0,5
cloud_only,fault_free,sensor-generator_memory_count,std,0.4472135954999579,5
cloud_only,fault_free,sensor-generator_memory_count,p95,66.0,5
cloud_only,fault_free,sensor-generator_memory_count,min,65.0,5
cloud_only,fault_free,sensor-generator_memory_count,max,66.0,5
cloud_only,fault_free,sensor-generator_memory_max,count,5,5
cloud_only,fault_free,sensor-generator_memory_max,mean,103763968.0,5
cloud_only,fault_free,sensor-generator_memory_max,median,100675584.0,5
cloud_only,fault_free,sensor-generator_memory_max,std,7024265.618011893,5
cloud_only,fault_free,sensor-generator_memory_max,p95,113225728.0,5
cloud_only,fault_free,sensor-generator_memory_max,min,100401152.0,5
cloud_only,fault_free,sensor-generator_memory_max,max,116326400.0,5
cloud_only,fault_free,sensor-generator_memory_mean,count,5,5
cloud_only,fault_free,sensor-generator_memory_mean,mean,103382784.11934732,5
cloud_only,fault_free,sensor-generator_memory_mean,median,100506158.54545455,5
cloud_only,fault_free,sensor-generator_memory_mean,std,6882469.129130312,5
cloud_only,fault_free,sensor-generator_memory_mean,p95,112650289.64848484,5
cloud_only,fault_free,sensor-generator_memory_mean,min,99808807.38461539,5
cloud_only,fault_free,sensor-generator_memory_mean,max,115683452.12121212,5
cloud_only,fault_free,sensor-generator_memory_median,count,5,5
cloud_only,fault_free,sensor-generator_memory_median,mean,103384268.8,5
cloud_only,fault_free,sensor-generator_memory_median,median,100519936.0,5
cloud_only,fault_free,sensor-generator_memory_median,std,6888059.228274043,5
cloud_only,fault_free,sensor-generator_memory_median,p95,112660889.6,5
cloud_only,fault_free,sensor-generator_memory_median,min,99778560.0,5
cloud_only,fault_free,sensor-generator_memory_median,max,115693568.0,5
cloud_only,fault_free,sensor-generator_memory_min,count,5,5
cloud_only,fault_free,sensor-generator_memory_min,mean,103021772.8,5
cloud_only,fault_free,sensor-generator_memory_min,median,100188160.0,5
cloud_only,fault_free,sensor-generator_memory_min,std,6794462.405764506,5
cloud_only,fault_free,sensor-generator_memory_min,p95,112169779.2,5
cloud_only,fault_free,sensor-generator_memory_min,min,99364864.0,5
cloud_only,fault_free,sensor-generator_memory_min,max,115159040.0,5
cloud_only,fault_free,sensor-generator_memory_p95,count,5,5
cloud_only,fault_free,sensor-generator_memory_p95,mean,103689625.6,5
cloud_only,fault_free,sensor-generator_memory_p95,median,100657152.0,5
cloud_only,fault_free,sensor-generator_memory_p95,std,6983752.880792733,5
cloud_only,fault_free,sensor-generator_memory_p95,p95,113093632.0,5
cloud_only,fault_free,sensor-generator_memory_p95,min,100302848.0,5
cloud_only,fault_free,sensor-generator_memory_p95,max,116178944.0,5
cloud_only,fault_free,sensor-generator_memory_std,count,5,5
cloud_only,fault_free,sensor-generator_memory_std,mean,198703.27407380886,5
cloud_only,fault_free,sensor-generator_memory_std,median,160603.91175981896,5
cloud_only,fault_free,sensor-generator_memory_std,std,104882.02425391898,5
cloud_only,fault_free,sensor-generator_memory_std,p95,311035.16546227614,5
cloud_only,fault_free,sensor-generator_memory_std,min,103981.16520485544,5
cloud_only,fault_free,sensor-generator_memory_std,max,311112.6787903511,5
cloud_only,fault_free,sensor-generator_processing_ms_count,count,5,5
cloud_only,fault_free,sensor-generator_processing_ms_count,mean,65.8,5
cloud_only,fault_free,sensor-generator_processing_ms_count,median,66.0,5
cloud_only,fault_free,sensor-generator_processing_ms_count,std,0.4472135954999579,5
cloud_only,fault_free,sensor-generator_processing_ms_count,p95,66.0,5
cloud_only,fault_free,sensor-generator_processing_ms_count,min,65.0,5
cloud_only,fault_free,sensor-generator_processing_ms_count,max,66.0,5
cloud_only,fault_free,sensor-generator_processing_ms_max,count,5,5
cloud_only,fault_free,sensor-generator_processing_ms_max,mean,0.0377655029296875,5
cloud_only,fault_free,sensor-generator_processing_ms_max,median,0.02288818359375,5
cloud_only,fault_free,sensor-generator_processing_ms_max,std,0.032975797702610395,5
cloud_only,fault_free,sensor-generator_processing_ms_max,p95,0.08273124694824217,5
cloud_only,fault_free,sensor-generator_processing_ms_max,min,0.020265579223632812,5
cloud_only,fault_free,sensor-generator_processing_ms_max,max,0.09655952453613281,5
cloud_only,fault_free,sensor-generator_processing_ms_mean,count,5,5
cloud_only,fault_free,sensor-generator_processing_ms_mean,mean,0.010586974226233566,5
cloud_only,fault_free,sensor-generator_processing_ms_mean,median,0.010167635404146634,5
cloud_only,fault_free,sensor-generator_processing_ms_mean,std,0.0016531260764447845,5
cloud_only,fault_free,sensor-generator_processing_ms_mean,p95,0.012830531958377724,5
cloud_only,fault_free,sensor-generator_processing_ms_mean,min,0.0095006191369259,5
cloud_only,fault_free,sensor-generator_processing_ms_mean,max,0.013485099330092922,5
cloud_only,fault_free,sensor-generator_processing_ms_median,count,5,5
cloud_only,fault_free,sensor-generator_processing_ms_median,mean,0.007987022399902344,5
cloud_only,fault_free,sensor-generator_processing_ms_median,median,0.007987022399902344,5
cloud_only,fault_free,sensor-generator_processing_ms_median,std,0.00011920928955078125,5
cloud_only,fault_free,sensor-generator_processing_ms_median,p95,0.008106231689453125,5
cloud_only,fault_free,sensor-generator_processing_ms_median,min,0.007867813110351562,5
cloud_only,fault_free,sensor-generator_processing_ms_median,max,0.008106231689453125,5
cloud_only,fault_free,sensor-generator_processing_ms_min,count,5,5
cloud_only,fault_free,sensor-generator_processing_ms_min,mean,0.0067234039306640625,5
cloud_only,fault_free,sensor-generator_processing_ms_min,median,0.00667572021484375,5
cloud_only,fault_free,sensor-generator_processing_ms_min,std,0.00019947529471732987,5
cloud_only,fault_free,sensor-generator_processing_ms_min,p95,0.0069141387939453125,5
cloud_only,fault_free,sensor-generator_processing_ms_min,min,0.0064373016357421875,5
cloud_only,fault_free,sensor-generator_processing_ms_min,max,0.0069141387939453125,5
cloud_only,fault_free,sensor-generator_processing_ms_p95,count,5,5
cloud_only,fault_free,sensor-generator_processing_ms_p95,mean,0.019664764404296875,5
cloud_only,fault_free,sensor-generator_processing_ms_p95,median,0.01988410949707031,5
cloud_only,fault_free,sensor-generator_processing_ms_p95,std,0.0013834596291932594,5
cloud_only,fault_free,sensor-generator_processing_ms_p95,p95,0.021278858184814453,5
cloud_only,fault_free,sensor-generator_processing_ms_p95,min,0.017881393432617188,5
cloud_only,fault_free,sensor-generator_processing_ms_p95,max,0.021576881408691406,5
cloud_only,fault_free,sensor-generator_processing_ms_std,count,5,5
cloud_only,fault_free,sensor-generator_processing_ms_std,mean,0.006354331303961489,5
cloud_only,fault_free,sensor-generator_processing_ms_std,median,0.004535756916908902,5
cloud_only,fault_free,sensor-generator_processing_ms_std,std,0.004628407677098338,5
cloud_only,fault_free,sensor-generator_processing_ms_std,p95,0.012662226089242938,5
cloud_only,fault_free,sensor-generator_processing_ms_std,min,0.0037961385571573867,5
cloud_only,fault_free,sensor-generator_processing_ms_std,max,0.014590877137022456,5
cloud_only,fault_free,uncertain_decisions,count,5,5
cloud_only,fault_free,uncertain_decisions,mean,0.6,5
cloud_only,fault_free,uncertain_decisions,median,1.0,5
cloud_only,fault_free,uncertain_decisions,std,0.5477225575051661,5
cloud_only,fault_free,uncertain_decisions,p95,1.0,5
cloud_only,fault_free,uncertain_decisions,min,0.0,5
cloud_only,fault_free,uncertain_decisions,max,1.0,5
cloud_only,fault_sustained,anomaly_decisions,count,5,5
cloud_only,fault_sustained,anomaly_decisions,mean,23.4,5
cloud_only,fault_sustained,anomaly_decisions,median,23.0,5
cloud_only,fault_sustained,anomaly_decisions,std,0.5477225575051661,5
cloud_only,fault_sustained,anomaly_decisions,p95,24.0,5
cloud_only,fault_sustained,anomaly_decisions,min,23.0,5
cloud_only,fault_sustained,anomaly_decisions,max,24.0,5
cloud_only,fault_sustained,anomaly_events,count,5,5
cloud_only,fault_sustained,anomaly_events,mean,2220.4,5
cloud_only,fault_sustained,anomaly_events,median,2217.0,5
cloud_only,fault_sustained,anomaly_events,std,10.310189135025603,5
cloud_only,fault_sustained,anomaly_events,p95,2233.8,5
cloud_only,fault_sustained,anomaly_events,min,2210.0,5
cloud_only,fault_sustained,anomaly_events,max,2236.0,5
cloud_only,fault_sustained,classifier_accuracy,count,5,5
cloud_only,fault_sustained,classifier_accuracy,mean,0.987715061875149,5
cloud_only,fault_sustained,classifier_accuracy,median,0.9878504672897196,5
cloud_only,fault_sustained,classifier_accuracy,std,0.00043930352325381126,5
cloud_only,fault_sustained,classifier_accuracy,p95,0.988215556507523,5
cloud_only,fault_sustained,classifier_accuracy,min,0.9872029250457038,5
cloud_only,fault_sustained,classifier_accuracy,max,0.9883068288119738,5
cloud_only,fault_sustained,classifier_correct_count,count,5,5
cloud_only,fault_sustained,classifier_correct_count,mean,2137.8,5
cloud_only,fault_sustained,classifier_correct_count,median,2114.0,5
cloud_only,fault_sustained,classifier_correct_count,std,34.49927535470854,5
cloud_only,fault_sustained,classifier_correct_count,p95,2182.4,5
cloud_only,fault_sustained,classifier_correct_count,min,2113.0,5
cloud_only,fault_sustained,classifier_correct_count,max,2188.0,5
cloud_only,fault_sustained,classifier_cpu_count,count,5,5
cloud_only,fault_sustained,classifier_cpu_count,mean,160.2,5
cloud_only,fault_sustained,classifier_cpu_count,median,161.0,5
cloud_only,fault_sustained,classifier_cpu_count,std,1.6431676725154984,5
cloud_only,fault_sustained,classifier_cpu_count,p95,161.8,5
cloud_only,fault_sustained,classifier_cpu_count,min,158.0,5
cloud_only,fault_sustained,classifier_cpu_count,max,162.0,5
cloud_only,fault_sustained,classifier_cpu_max,count,5,5
cloud_only,fault_sustained,classifier_cpu_max,mean,2.2778,5
cloud_only,fault_sustained,classifier_cpu_max,median,2.162,5
cloud_only,fault_sustained,classifier_cpu_max,std,0.26349041728305794,5
cloud_only,fault_sustained,classifier_cpu_max,p95,2.5656,5
cloud_only,fault_sustained,classifier_cpu_max,min,2.04,5
cloud_only,fault_sustained,classifier_cpu_max,max,2.568,5
cloud_only,fault_sustained,classifier_cpu_mean,count,5,5
cloud_only,fault_sustained,classifier_cpu_mean,mean,0.532114801163467,5
cloud_only,fault_sustained,classifier_cpu_mean,median,0.5225802469135803,5
cloud_only,fault_sustained,classifier_cpu_mean,std,0.018160523232381855,5
cloud_only,fault_sustained,classifier_cpu_mean,p95,0.554375446182876,5
cloud_only,fault_sustained,classifier_cpu_mean,min,0.5148805031446541,5
cloud_only,fault_sustained,classifier_cpu_mean,max,0.5563664596273292,5
cloud_only,fault_sustained,classifier_cpu_median,count,5,5
cloud_only,fault_sustained,classifier_cpu_median,mean,0.1036,5
cloud_only,fault_sustained,classifier_cpu_median,median,0.103,5
cloud_only,fault_sustained,classifier_cpu_median,std,0.0018165902124584966,5
cloud_only,fault_sustained,classifier_cpu_median,p95,0.10579999999999999,5
cloud_only,fault_sustained,classifier_cpu_median,min,0.102,5
cloud_only,fault_sustained,classifier_cpu_median,max,0.106,5
cloud_only,fault_sustained,classifier_cpu_min,count,5,5
cloud_only,fault_sustained,classifier_cpu_min,mean,0.08639999999999999,5
cloud_only,fault_sustained,classifier_cpu_min,median,0.088,5
cloud_only,fault_sustained,classifier_cpu_min,std,0.005029910535983715,5
cloud_only,fault_sustained,classifier_cpu_min,p95,0.0906,5
cloud_only,fault_sustained,classifier_cpu_min,min,0.078,5
cloud_only,fault_sustained,classifier_cpu_min,max,0.091,5
cloud_only,fault_sustained,classifier_cpu_p95,count,5,5
cloud_only,fault_sustained,classifier_cpu_p95,mean,2.1828600000000002,5
cloud_only,fault_sustained,classifier_cpu_p95,median,2.11675,5
cloud_only,fault_sustained,classifier_cpu_p95,std,0.20157137507592696,5
cloud_only,fault_sustained,classifier_cpu_p95,p95,2.4273700000000002,5
cloud_only,fault_sustained,classifier_cpu_p95,min,2.0,5
cloud_only,fault_sustained,classifier_cpu_p95,max,2.45,5
cloud_only,fault_sustained,classifier_cpu_std,count,5,5
cloud_only,fault_sustained,classifier_cpu_std,mean,0.7901059227097119,5
cloud_only,fault_sustained,classifier_cpu_std,median,0.7748262277320562,5
cloud_only,fault_sustained,classifier_cpu_std,std,0.06280047527962222,5
cloud_only,fault_sustained,classifier_cpu_std,p95,0.8643736609101578,5
cloud_only,fault_sustained,classifier_cpu_std,min,0.7309152989924634,5
cloud_only,fault_sustained,classifier_cpu_std,max,0.8705032358458022,5
cloud_only,fault_sustained,classifier_ground_truth_count,count,5,5
cloud_only,fault_sustained,classifier_ground_truth_count,mean,2164.4,5
cloud_only,fault_sustained,classifier_ground_truth_count,median,2140.0,5
cloud_only,fault_sustained,classifier_ground_truth_count,std,35.73233829460367,5
cloud_only,fault_sustained,classifier_ground_truth_count,p95,2210.4,5
cloud_only,fault_sustained,classifier_ground_truth_count,min,2138.0,5
cloud_only,fault_sustained,classifier_ground_truth_count,max,2216.0,5
cloud_only,fault_sustained,classifier_memory_count,count,5,5
cloud_only,fault_sustained,classifier_memory_count,mean,160.2,5
cloud_only,fault_sustained,classifier_memory_count,median,161.0,5
cloud_only,fault_sustained,classifier_memory_count,std,1.6431676725154984,5
cloud_only,fault_sustained,classifier_memory_count,p95,161.8,5
cloud_only,fault_sustained,classifier_memory_count,min,158.0,5
cloud_only,fault_sustained,classifier_memory_count,max,162.0,5
cloud_only,fault_sustained,classifier_memory_max,count,5,5
cloud_only,fault_sustained,classifier_memory_max,mean,254656512.0,5
cloud_only,fault_sustained,classifier_memory_max,median,255528960.0,5
cloud_only,fault_sustained,classifier_memory_max,std,2273735.6804554043,5
cloud_only,fault_sustained,classifier_memory_max,p95,256756940.8,5
cloud_only,fault_sustained,classifier_memory_max,min,252026880.0,5
cloud_only,fault_sustained,classifier_memory_max,max,256827392.0,5
cloud_only,fault_sustained,classifier_memory_mean,count,5,5
cloud_only,fault_sustained,classifier_memory_mean,mean,246035579.28671744,5
cloud_only,fault_sustained,classifier_memory_mean,median,246287061.87341774,5
cloud_only,fault_sustained,classifier_memory_mean,std,692256.9178052151,5
cloud_only,fault_sustained,classifier_memory_mean,p95,246435163.6304682,5
cloud_only,fault_sustained,classifier_memory_mean,min,244805275.82608697,5
cloud_only,fault_sustained,classifier_memory_mean,max,246446505.05660376,5
cloud_only,fault_sustained,classifier_memory_median,count,5,5
cloud_only,fault_sustained,classifier_memory_median,mean,246192537.6,5
cloud_only,fault_sustained,classifier_memory_median,median,246202368.0,5
cloud_only,fault_sustained,classifier_memory_median,std,181882.69436315264,5
cloud_only,fault_sustained,classifier_memory_median,p95,246360473.6,5
cloud_only,fault_sustained,classifier_memory_median,min,245895168.0,5
cloud_only,fault_sustained,classifier_memory_median,max,246378496.0,5
cloud_only,fault_sustained,classifier_memory_min,count,5,5
cloud_only,fault_sustained,classifier_memory_min,mean,245197209.6,5
cloud_only,fault_sustained,classifier_memory_min,median,245993472.0,5
cloud_only,fault_sustained,classifier_memory_min,std,1838402.8026297174,5
cloud_only,fault_sustained,classifier_memory_min,p95,246073753.6,5
cloud_only,fault_sustained,classifier_memory_min,min,241909760.0,5
cloud_only,fault_sustained,classifier_memory_min,max,246079488.0,5
cloud_only,fault_sustained,classifier_memory_p95,count,5,5
cloud_only,fault_sustained,classifier_memory_p95,mean,246453002.24,5
cloud_only,fault_sustained,classifier_memory_p95,median,246427648.0,5
cloud_only,fault_sustained,classifier_memory_p95,std,136657.34826450952,5
cloud_only,fault_sustained,classifier_memory_p95,p95,246602096.64,5
cloud_only,fault_sustained,classifier_memory_p95,min,246259712.0,5
cloud_only,fault_sustained,classifier_memory_p95,max,246616064.0,5
cloud_only,fault_sustained,classifier_memory_std,count,5,5
cloud_only,fault_sustained,classifier_memory_std,mean,951025.5580871413,5
cloud_only,fault_sustained,classifier_memory_std,median,748690.6863959134,5
cloud_only,fault_sustained,classifier_memory_std,std,606788.0437143844,5
cloud_only,fault_sustained,classifier_memory_std,p95,1775202.2212798106,5
cloud_only,fault_sustained,classifier_memory_std,min,472040.20986388216,5
cloud_only,fault_sustained,classifier_memory_std,max,2009142.8208981236,5
cloud_only,fault_sustained,classifier_processing_ms_count,count,5,5
cloud_only,fault_sustained,classifier_processing_ms_count,mean,23.4,5
cloud_only,fault_sustained,classifier_processing_ms_count,median,23.0,5
cloud_only,fault_sustained,classifier_processing_ms_count,std,0.5477225575051661,5
cloud_only,fault_sustained,classifier_processing_ms_count,p95,24.0,5
cloud_only,fault_sustained,classifier_processing_ms_count,min,23.0,5
cloud_only,fault_sustained,classifier_processing_ms_count,max,24.0,5
cloud_only,fault_sustained,classifier_processing_ms_max,count,5,5
cloud_only,fault_sustained,classifier_processing_ms_max,mean,9.776687622070312,5
cloud_only,fault_sustained,classifier_processing_ms_max,median,6.700754165649414,5
cloud_only,fault_sustained,classifier_processing_ms_max,std,6.538690554560984,5
cloud_only,fault_sustained,classifier_processing_ms_max,p95,18.815994262695312,5
cloud_only,fault_sustained,classifier_processing_ms_max,min,5.699872970581055,5
cloud_only,fault_sustained,classifier_processing_ms_max,max,21.18849754333496,5
cloud_only,fault_sustained,classifier_processing_ms_mean,count,5,5
cloud_only,fault_sustained,classifier_processing_ms_mean,mean,5.095312388046928,5
cloud_only,fault_sustained,classifier_processing_ms_mean,median,5.033099133035411,5
cloud_only,fault_sustained,classifier_processing_ms_mean,std,0.4491463695178629,5
cloud_only,fault_sustained,classifier_processing_ms_mean,p95,5.682650165281434,5
cloud_only,fault_sustained,classifier_processing_ms_mean,min,4.636401715485946,5
cloud_only,fault_sustained,classifier_processing_ms_mean,max,5.807845488838527,5
cloud_only,fault_sustained,classifier_processing_ms_median,count,5,5
cloud_only,fault_sustained,classifier_processing_ms_median,mean,4.811215400695801,5
cloud_only,fault_sustained,classifier_processing_ms_median,median,4.792332649230957,5
cloud_only,fault_sustained,classifier_processing_ms_median,std,0.23578059996843825,5
cloud_only,fault_sustained,classifier_processing_ms_median,p95,5.052947998046875,5
cloud_only,fault_sustained,classifier_processing_ms_median,min,4.462003707885742,5
cloud_only,fault_sustained,classifier_processing_ms_median,max,5.070924758911133,5
cloud_only,fault_sustained,classifier_processing_ms_min,count,5,5
cloud_only,fault_sustained,classifier_processing_ms_min,mean,4.022645950317383,5
cloud_only,fault_sustained,classifier_processing_ms_min,median,4.027843475341797,5
cloud_only,fault_sustained,classifier_processing_ms_min,std,0.21284646895086073,5
cloud_only,fault_sustained,classifier_processing_ms_min,p95,4.23436164855957,5
cloud_only,fault_sustained,classifier_processing_ms_min,min,3.7086009979248047,5
cloud_only,fault_sustained,classifier_processing_ms_min,max,4.246711730957031,5
cloud_only,fault_sustained,classifier_processing_ms_p95,count,5,5
cloud_only,fault_sustained,classifier_processing_ms_p95,mean,6.031944751739501,5
cloud_only,fault_sustained,classifier_processing_ms_p95,median,6.18607997894287,5
cloud_only,fault_sustained,classifier_processing_ms_p95,std,0.5067535805124942,5
cloud_only,fault_sustained,classifier_processing_ms_p95,p95,6.512310504913328,5
cloud_only,fault_sustained,classifier_processing_ms_p95,min,5.319476127624512,5
cloud_only,fault_sustained,classifier_processing_ms_p95,max,6.54022693634033,5
cloud_only,fault_sustained,classifier_processing_ms_std,count,5,5
cloud_only,fault_sustained,classifier_processing_ms_std,mean,1.1988182511476426,5
cloud_only,fault_sustained,classifier_processing_ms_std,median,0.6388256679716494,5
cloud_only,fault_sustained,classifier_processing_ms_std,std,1.252618470642234,5
cloud_only,fault_sustained,classifier_processing_ms_std,p95,2.9284664559862037,5
cloud_only,fault_sustained,classifier_processing_ms_std,min,0.41916211454597735,5
cloud_only,fault_sustained,classifier_processing_ms_std,max,3.3895700356161567,5
cloud_only,fault_sustained,cloud_escalations,count,5,5
cloud_only,fault_sustained,cloud_escalations,mean,23.4,5
cloud_only,fault_sustained,cloud_escalations,median,23.0,5
cloud_only,fault_sustained,cloud_escalations,std,0.5477225575051661,5
cloud_only,fault_sustained,cloud_escalations,p95,24.0,5
cloud_only,fault_sustained,cloud_escalations,min,23.0,5
cloud_only,fault_sustained,cloud_escalations,max,24.0,5
cloud_only,fault_sustained,decision_time_ms_count,count,5,5
cloud_only,fault_sustained,decision_time_ms_count,mean,32.0,5
cloud_only,fault_sustained,decision_time_ms_count,median,32.0,5
cloud_only,fault_sustained,decision_time_ms_count,std,0.0,5
cloud_only,fault_sustained,decision_time_ms_count,p95,32.0,5
cloud_only,fault_sustained,decision_time_ms_count,min,32.0,5
cloud_only,fault_sustained,decision_time_ms_count,max,32.0,5
cloud_only,fault_sustained,decision_time_ms_max,count,5,5
cloud_only,fault_sustained,decision_time_ms_max,mean,0.8114337921142578,5
cloud_only,fault_sustained,decision_time_ms_max,median,0.8051395416259766,5
cloud_only,fault_sustained,decision_time_ms_max,std,0.026907836759125954,5
cloud_only,fault_sustained,decision_time_ms_max,p95,0.8453369140625,5
cloud_only,fault_sustained,decision_time_ms_max,min,0.7872581481933594,5
cloud_only,fault_sustained,decision_time_ms_max,max,0.8499622344970703,5
cloud_only,fault_sustained,decision_time_ms_mean,count,5,5
cloud_only,fault_sustained,decision_time_ms_mean,mean,0.29288381338119507,5
cloud_only,fault_sustained,decision_time_ms_mean,median,0.2931654453277588,5
cloud_only,fault_sustained,decision_time_ms_mean,std,0.01032976771812737,5
cloud_only,fault_sustained,decision_time_ms_mean,p95,0.30319690704345703,5
cloud_only,fault_sustained,decision_time_ms_mean,min,0.2774447202682495,5
cloud_only,fault_sustained,decision_time_ms_mean,max,0.30390918254852295,5
cloud_only,fault_sustained,decision_time_ms_median,count,5,5
cloud_only,fault_sustained,decision_time_ms_median,mean,0.3060579299926758,5
cloud_only,fault_sustained,decision_time_ms_median,median,0.31006336212158203,5
cloud_only,fault_sustained,decision_time_ms_median,std,0.00859489883977901,5
cloud_only,fault_sustained,decision_time_ms_median,p95,0.310516357421875,5
cloud_only,fault_sustained,decision_time_ms_median,min,0.29075145721435547,5
cloud_only,fault_sustained,decision_time_ms_median,max,0.31054019927978516,5
cloud_only,fault_sustained,decision_time_ms_min,count,5,5
cloud_only,fault_sustained,decision_time_ms_min,mean,0.07338523864746094,5
cloud_only,fault_sustained,decision_time_ms_min,median,0.0705718994140625,5
cloud_only,fault_sustained,decision_time_ms_min,std,0.007485356235417153,5
cloud_only,fault_sustained,decision_time_ms_min,p95,0.08268356323242188,5
cloud_only,fault_sustained,decision_time_ms_min,min,0.06651878356933594,5
cloud_only,fault_sustained,decision_time_ms_min,max,0.08368492126464844,5
cloud_only,fault_sustained,decision_time_ms_p95,count,5,5
cloud_only,fault_sustained,decision_time_ms_p95,mean,0.6442594528198242,5
cloud_only,fault_sustained,decision_time_ms_p95,median,0.7340550422668457,5
cloud_only,fault_sustained,decision_time_ms_p95,std,0.1690907638813861,5
cloud_only,fault_sustained,decision_time_ms_p95,p95,0.7756328582763672,5
cloud_only,fault_sustained,decision_time_ms_p95,min,0.38930177688598633,5
cloud_only,fault_sustained,decision_time_ms_p95,max,0.7777094841003418,5
cloud_only,fault_sustained,decision_time_ms_std,count,5,5
cloud_only,fault_sustained,decision_time_ms_std,mean,0.17399364936775452,5
cloud_only,fault_sustained,decision_time_ms_std,median,0.17881968447966293,5
cloud_only,fault_sustained,decision_time_ms_std,std,0.02309346128946189,5
cloud_only,fault_sustained,decision_time_ms_std,p95,0.1945944330492024,5
cloud_only,fault_sustained,decision_time_ms_std,min,0.13850136260514473,5
cloud_only,fault_sustained,decision_time_ms_std,max,0.19523851078463328,5
cloud_only,fault_sustained,decision_windows,count,5,5
cloud_only,fault_sustained,decision_windows,mean,32.0,5
cloud_only,fault_sustained,decision_windows,median,32.0,5
cloud_only,fault_sustained,decision_windows,std,0.0,5
cloud_only,fault_sustained,decision_windows,p95,32.0,5
cloud_only,fault_sustained,decision_windows,min,32.0,5
cloud_only,fault_sustained,decision_windows,max,32.0,5
cloud_only,fault_sustained,detection_latency_ms_count,count,5,5
cloud_only,fault_sustained,detection_latency_ms_count,mean,2220.4,5
cloud_only,fault_sustained,detection_latency_ms_count,median,2217.0,5
cloud_only,fault_sustained,detection_latency_ms_count,std,10.310189135025603,5
cloud_only,fault_sustained,detection_latency_ms_count,p95,2233.8,5
cloud_only,fault_sustained,detection_latency_ms_count,min,2210.0,5
cloud_only,fault_sustained,detection_latency_ms_count,max,2236.0,5
cloud_only,fault_sustained,detection_latency_ms_max,count,5,5
cloud_only,fault_sustained,detection_latency_ms_max,mean,32.279109954833984,5
cloud_only,fault_sustained,detection_latency_ms_max,median,26.561260223388672,5
cloud_only,fault_sustained,detection_latency_ms_max,std,14.220320819430425,5
cloud_only,fault_sustained,detection_latency_ms_max,p95,51.7573356628418,5
cloud_only,fault_sustained,detection_latency_ms_max,min,21.415233612060547,5
cloud_only,fault_sustained,detection_latency_ms_max,max,57.02805519104004,5
cloud_only,fault_sustained,detection_latency_ms_mean,count,5,5
cloud_only,fault_sustained,detection_latency_ms_mean,mean,3.585390124462024,5
cloud_only,fault_sustained,detection_latency_ms_mean,median,3.5945455987063633,5
cloud_only,fault_sustained,detection_latency_ms_mean,std,0.06503706530494668,5
cloud_only,fault_sustained,detection_latency_ms_mean,p95,3.6634554916553284,5
cloud_only,fault_sustained,detection_latency_ms_mean,min,3.5163326212246644,5
cloud_only,fault_sustained,detection_latency_ms_mean,max,3.6769628524780273,5
cloud_only,fault_sustained,detection_latency_ms_median,count,5,5
cloud_only,fault_sustained,detection_latency_ms_median,mean,3.4545421600341797,5
cloud_only,fault_sustained,detection_latency_ms_median,median,3.4487247467041016,5
cloud_only,fault_sustained,detection_latency_ms_median,std,0.03663959135350626,5
cloud_only,fault_sustained,detection_latency_ms_median,p95,3.4937381744384766,5
cloud_only,fault_sustained,detection_latency_ms_median,min,3.407716751098633,5
cloud_only,fault_sustained,detection_latency_ms_median,max,3.495454788208008,5
cloud_only,fault_sustained,detection_latency_ms_min,count,5,5
cloud_only,fault_sustained,detection_latency_ms_min,mean,3.003406524658203,5
cloud_only,fault_sustained,detection_latency_ms_min,median,3.027677536010742,5
cloud_only,fault_sustained,detection_latency_ms_min,std,0.07570482582778532,5
cloud_only,fault_sustained,detection_latency_ms_min,p95,3.0732154846191406,5
cloud_only,fault_sustained,detection_latency_ms_min,min,2.920866012573242,5
cloud_only,fault_sustained,detection_latency_ms_min,max,3.074169158935547,5
cloud_only,fault_sustained,detection_latency_ms_p95,count,5,5
cloud_only,fault_sustained,detection_latency_ms_p95,mean,3.9309406280517565,5
cloud_only,fault_sustained,detection_latency_ms_p95,median,3.9065957069396973,5
cloud_only,fault_sustained,detection_latency_ms_p95,std,0.06070240582015484,5
cloud_only,fault_sustained,detection_latency_ms_p95,p95,4.012913703918452,5
cloud_only,fault_sustained,detection_latency_ms_p95,min,3.876495361328125,5
cloud_only,fault_sustained,detection_latency_ms_p95,max,4.029715061187737,5
cloud_only,fault_sustained,detection_latency_ms_std,count,5,5
cloud_only,fault_sustained,detection_latency_ms_std,mean,1.066372163698253,5
cloud_only,fault_sustained,detection_latency_ms_std,median,0.9273861573702895,5
cloud_only,fault_sustained,detection_latency_ms_std,std,0.3718238588548509,5
cloud_only,fault_sustained,detection_latency_ms_std,p95,1.552209363638329,5
cloud_only,fault_sustained,detection_latency_ms_std,min,0.7168529919124133,5
cloud_only,fault_sustained,detection_latency_ms_std,max,1.6294699651699542,5
cloud_only,fault_sustained,detector_cpu_count,count,5,5
cloud_only,fault_sustained,detector_cpu_count,mean,160.2,5
cloud_only,fault_sustained,detector_cpu_count,median,160.0,5
cloud_only,fault_sustained,detector_cpu_count,std,1.3038404810405297,5
cloud_only,fault_sustained,detector_cpu_count,p95,161.8,5
cloud_only,fault_sustained,detector_cpu_count,min,159.0,5
cloud_only,fault_sustained,detector_cpu_count,max,162.0,5
cloud_only,fault_sustained,detector_cpu_max,count,5,5
cloud_only,fault_sustained,detector_cpu_max,mean,57.464999999999996,5
cloud_only,fault_sustained,detector_cpu_max,median,51.737,5
cloud_only,fault_sustained,detector_cpu_max,std,20.713872199567128,5
cloud_only,fault_sustained,detector_cpu_max,p95,84.24459999999999,5
cloud_only,fault_sustained,detector_cpu_max,min,37.101,5
cloud_only,fault_sustained,detector_cpu_max,max,88.556,5
cloud_only,fault_sustained,detector_cpu_mean,count,5,5
cloud_only,fault_sustained,detector_cpu_mean,mean,2.906583537052229,5
cloud_only,fault_sustained,detector_cpu_mean,median,2.9619565217391304,5
cloud_only,fault_sustained,detector_cpu_mean,std,0.4508439408743875,5
cloud_only,fault_sustained,detector_cpu_mean,p95,3.462986540880503,5
cloud_only,fault_sustained,detector_cpu_mean,min,2.4728867924528304,5
cloud_only,fault_sustained,detector_cpu_mean,max,3.572675,5
cloud_only,fault_sustained,detector_cpu_median,count,5,5
cloud_only,fault_sustained,detector_cpu_median,mean,1.4153,5
cloud_only,fault_sustained,detector_cpu_median,median,1.4035,5
cloud_only,fault_sustained,detector_cpu_median,std,0.03972656541912478,5
cloud_only,fault_sustained,detector_cpu_median,p95,1.4606000000000001,5
cloud_only,fault_sustained,detector_cpu_median,min,1.374,5
cloud_only,fault_sustained,detector_cpu_median,max,1.463,5
cloud_only,fault_sustained,detector_cpu_min,count,5,5
cloud_only,fault_sustained,detector_cpu_min,mean,0.177,5
cloud_only,fault_sustained,detector_cpu_min,median,0.113,5
cloud_only,fault_sustained,detector_cpu_min,std,0.16357414221080296,5
cloud_only,fault_sustained,detector_cpu_min,p95,0.3576,5
cloud_only,fault_sustained,detector_cpu_min,min,0.033,5
cloud_only,fault_sustained,detector_cpu_min,max,0.361,5
cloud_only,fault_sustained,detector_cpu_p95,count,5,5
cloud_only,fault_sustained,detector_cpu_p95,mean,9.602089999999992,5
cloud_only,fault_sustained,detector_cpu_p95,median,8.876499999999998,5
cloud_only,fault_sustained,detector_cpu_p95,std,3.3324238585449995,5
cloud_only,fault_sustained,detector_cpu_p95,p95,14.017879999999977,5
cloud_only,fault_sustained,detector_cpu_p95,min,6.208499999999999,5
cloud_only,fault_sustained,detector_cpu_p95,max,15.047099999999974,5
cloud_only,fault_sustained,detector_cpu_std,count,5,5
cloud_only,fault_sustained,detector_cpu_std,mean,6.4694442612154015,5
cloud_only,fault_sustained,detector_cpu_std,median,5.407763573497627,5
cloud_only,fault_sustained,detector_cpu_std,std,1.9346208108146183,5
cloud_only,fault_sustained,detector_cpu_std,p95,8.668411691630636,5
cloud_only,fault_sustained,detector_cpu_std,min,4.889345182763932,5
cloud_only,fault_sustained,detector_cpu_std,max,8.732194792474036,5
cloud_only,fault_sustained,detector_memory_count,count,5,5
cloud_only,fault_sustained,detector_memory_count,mean,160.2,5
cloud_only,fault_sustained,detector_memory_count,median,160.0,5
cloud_only,fault_sustained,detector_memory_count,std,1.3038404810405297,5
cloud_only,fault_sustained,detector_memory_count,p95,161.8,5
cloud_only,fault_sustained,detector_memory_count,min,159.0,5
cloud_only,fault_sustained,detector_memory_count,max,162.0,5
cloud_only,fault_sustained,detector_memory_max,count,5,5
cloud_only,fault_sustained,detector_memory_max,mean,224171622.4,5
cloud_only,fault_sustained,detector_memory_max,median,224464896.0,5
cloud_only,fault_sustained,detector_memory_max,std,1251696.9878228516,5
cloud_only,fault_sustained,detector_memory_max,p95,225353728.0,5
cloud_only,fault_sustained,detector_memory_max,min,222359552.0,5
cloud_only,fault_sustained,detector_memory_max,max,225411072.0,5
cloud_only,fault_sustained,detector_memory_mean,count,5,5
cloud_only,fault_sustained,detector_memory_mean,mean,222200814.25918105,5
cloud_only,fault_sustained,detector_memory_mean,median,222205721.6,5
cloud_only,fault_sustained,detector_memory_mean,std,21013.104851082728,5
cloud_only,fault_sustained,detector_memory_mean,p95,222223490.42909488,5
cloud_only,fault_sustained,detector_memory_mean,min,222170883.16049382,5
cloud_only,fault_sustained,detector_memory_mean,max,222227140.42767295,5
cloud_only,fault_sustained,detector_memory_median,count,5,5
cloud_only,fault_sustained,detector_memory_median,mean,222196531.2,5
cloud_only,fault_sustained,detector_memory_median,median,222199808.0,5
cloud_only,fault_sustained,detector_memory_median,std,8394.302067474104,5
cloud_only,fault_sustained,detector_memory_median,p95,222203904.0,5
cloud_only,fault_sustained,detector_memory_median,min,222187520.0,5
cloud_only,fault_sustained,detector_memory_median,max,222203904.0,5
cloud_only,fault_sustained,detector_memory_min,count,5,5
cloud_only,fault_sustained,detector_memory_min,mean,221873766.4,5
cloud_only,fault_sustained,detector_memory_min,median,221880320.0,5
cloud_only,fault_sustained,detector_memory_min,std,17036.602853855577,5
cloud_only,fault_sustained,detector_memory_min,p95,221888512.0,5
cloud_only,fault_sustained,detector_memory_min,min,221851648.0,5
cloud_only,fault_sustained,detector_memory_min,max,221888512.0,5
cloud_only,fault_sustained,detector_memory_p95,count,5,5
cloud_only,fault_sustained,detector_memory_p95,mean,222358732.8,5
cloud_only,fault_sustained,detector_memory_p95,median,222351360.0,5
cloud_only,fault_sustained,detector_memory_p95,std,16738.56347480273,5
cloud_only,fault_sustained,detector_memory_p95,p95,222381670.4,5
cloud_only,fault_sustained,detector_memory_p95,min,222347264.0,5
cloud_only,fault_sustained,detector_memory_p95,max,222388224.0,5
cloud_only,fault_sustained,detector_memory_std,count,5,5
cloud_only,fault_sustained,detector_memory_std,mean,213748.89105639028,5
cloud_only,fault_sustained,detector_memory_std,median,220718.7376792168,5
cloud_only,fault_sustained,detector_memory_std,std,61967.30684645702,5
cloud_only,fault_sustained,detector_memory_std,p95,278289.8902444869,5
cloud_only,fault_sustained,detector_memory_std,min,134639.7930501335,5
cloud_only,fault_sustained,detector_memory_std,max,282330.26197422546,5
cloud_only,fault_sustained,detector_processing_ms_count,count,5,5
cloud_only,fault_sustained,detector_processing_ms_count,mean,50.2,5
cloud_only,fault_sustained,detector_processing_ms_count,median,50.0,5
cloud_only,fault_sustained,detector_processing_ms_count,std,2.16794833886788,5
cloud_only,fault_sustained,detector_processing_ms_count,p95,52.6,5
cloud_only,fault_sustained,detector_processing_ms_count,min,47.0,5
cloud_only,fault_sustained,detector_processing_ms_count,max,53.0,5
cloud_only,fault_sustained,detector_processing_ms_max,count,5,5
cloud_only,fault_sustained,detector_processing_ms_max,mean,99.55854415893555,5
cloud_only,fault_sustained,detector_processing_ms_max,median,100.69799423217773,5
cloud_only,fault_sustained,detector_processing_ms_max,std,1.8281633598306333,5
cloud_only,fault_sustained,detector_processing_ms_max,p95,100.9988784790039,5
cloud_only,fault_sustained,detector_processing_ms_max,min,97.16081619262695,5
cloud_only,fault_sustained,detector_processing_ms_max,max,101.02486610412598,5
cloud_only,fault_sustained,detector_processing_ms_mean,count,5,5
cloud_only,fault_sustained,detector_processing_ms_mean,mean,47.00839416669267,5
cloud_only,fault_sustained,detector_processing_ms_mean,median,47.28302478790283,5
cloud_only,fault_sustained,detector_processing_ms_mean,std,3.8559812113590626,5
cloud_only,fault_sustained,detector_processing_ms_mean,p95,50.20336520879127,5
cloud_only,fault_sustained,detector_processing_ms_mean,min,40.67483901977539,5
cloud_only,fault_sustained,detector_processing_ms_mean,max,50.266958632559145,5
cloud_only,fault_sustained,detector_processing_ms_median,count,5,5
cloud_only,fault_sustained,detector_processing_ms_median,mean,47.279930114746094,5
cloud_only,fault_sustained,detector_processing_ms_median,median,47.56319522857666,5
cloud_only,fault_sustained,detector_processing_ms_median,std,4.711896871212981,5
cloud_only,fault_sustained,detector_processing_ms_median,p95,52.52737998962402,5
cloud_only,fault_sustained,detector_processing_ms_median,min,40.55750370025635,5
cloud_only,fault_sustained,detector_processing_ms_median,max,53.32517623901367,5
cloud_only,fault_sustained,detector_processing_ms_min,count,5,5
cloud_only,fault_sustained,detector_processing_ms_min,mean,2.0806312561035156,5
cloud_only,fault_sustained,detector_processing_ms_min,median,2.058744430541992,5
cloud_only,fault_sustained,detector_processing_ms_min,std,0.06457170095199188,5
cloud_only,fault_sustained,detector_processing_ms_min,p95,2.1674156188964844,5
cloud_only,fault_sustained,detector_processing_ms_min,min,2.023458480834961,5
cloud_only,fault_sustained,detector_processing_ms_min,max,2.1848678588867188,5
cloud_only,fault_sustained,detector_processing_ms_p95,count,5,5
cloud_only,fault_sustained,detector_processing_ms_p95,mean,90.7994270324707,5
cloud_only,fault_sustained,detector_processing_ms_p95,median,91.63137674331665,5
cloud_only,fault_sustained,detector_processing_ms_p95,std,2.902655453935345,5
cloud_only,fault_sustained,detector_processing_ms_p95,p95,93.45574378967285,5
cloud_only,fault_sustained,detector_processing_ms_p95,min,86.95570230484007,5
cloud_only,fault_sustained,detector_processing_ms_p95,max,93.49656105041504,5
cloud_only,fault_sustained,detector_processing_ms_std,count,5,5
cloud_only,fault_sustained,detector_processing_ms_std,mean,29.305104728261703,5
cloud_only,fault_sustained,detector_processing_ms_std,median,29.626516713722797,5
cloud_only,fault_sustained,detector_processing_ms_std,std,1.4357607870080407,5
cloud_only,fault_sustained,detector_processing_ms_std,p95,30.833221696400276,5
cloud_only,fault_sustained,detector_processing_ms_std,min,27.789497283848625,5
cloud_only,fault_sustained,detector_processing_ms_std,max,30.96972976556779,5
cloud_only,fault_sustained,diagnosis_latency_ms_count,count,5,5
cloud_only,fault_sustained,diagnosis_latency_ms_count,mean,23.4,5
cloud_only,fault_sustained,diagnosis_latency_ms_count,median,23.0,5
cloud_only,fault_sustained,diagnosis_latency_ms_count,std,0.5477225575051661,5
cloud_only,fault_sustained,diagnosis_latency_ms_count,p95,24.0,5
cloud_only,fault_sustained,diagnosis_latency_ms_count,min,23.0,5
cloud_only,fault_sustained,diagnosis_latency_ms_count,max,24.0,5
cloud_only,fault_sustained,diagnosis_latency_ms_max,count,5,5
cloud_only,fault_sustained,diagnosis_latency_ms_max,mean,20.26958465576172,5
cloud_only,fault_sustained,diagnosis_latency_ms_max,median,16.002178192138672,5
cloud_only,fault_sustained,diagnosis_latency_ms_max,std,7.029998228868495,5
cloud_only,fault_sustained,diagnosis_latency_ms_max,p95,29.422330856323242,5
cloud_only,fault_sustained,diagnosis_latency_ms_max,min,14.911413192749023,5
cloud_only,fault_sustained,diagnosis_latency_ms_max,max,30.64894676208496,5
cloud_only,fault_sustained,diagnosis_latency_ms_mean,count,5,5
cloud_only,fault_sustained,diagnosis_latency_ms_mean,mean,13.841822527456975,5
cloud_only,fault_sustained,diagnosis_latency_ms_mean,median,13.820233552352242,5
cloud_only,fault_sustained,diagnosis_latency_ms_mean,std,0.6709808746691944,5
cloud_only,fault_sustained,diagnosis_latency_ms_mean,p95,14.706954230432924,5
cloud_only,fault_sustained,diagnosis_latency_ms_mean,min,13.193016466887102,5
cloud_only,fault_sustained,diagnosis_latency_ms_mean,max,14.888908552086871,5
cloud_only,fault_sustained,diagnosis_latency_ms_median,count,5,5
cloud_only,fault_sustained,diagnosis_latency_ms_median,mean,13.542628288269043,5
cloud_only,fault_sustained,diagnosis_latency_ms_median,median,13.40794563293457,5
cloud_only,fault_sustained,diagnosis_latency_ms_median,std,0.3912478521817098,5
cloud_only,fault_sustained,diagnosis_latency_ms_median,p95,13.986539840698242,5
cloud_only,fault_sustained,diagnosis_latency_ms_median,min,13.129949569702148,5
cloud_only,fault_sustained,diagnosis_latency_ms_median,max,14.007210731506348,5
cloud_only,fault_sustained,diagnosis_latency_ms_min,count,5,5
cloud_only,fault_sustained,diagnosis_latency_ms_min,mean,11.540508270263672,5
cloud_only,fault_sustained,diagnosis_latency_ms_min,median,11.664390563964844,5
cloud_only,fault_sustained,diagnosis_latency_ms_min,std,0.7673409389413253,5
cloud_only,fault_sustained,diagnosis_latency_ms_min,p95,12.281322479248047,5
cloud_only,fault_sustained,diagnosis_latency_ms_min,min,10.303258895874023,5
cloud_only,fault_sustained,diagnosis_latency_ms_min,max,12.417316436767578,5
cloud_only,fault_sustained,diagnosis_latency_ms_p95,count,5,5
cloud_only,fault_sustained,diagnosis_latency_ms_p95,mean,15.623738765716553,5
cloud_only,fault_sustained,diagnosis_latency_ms_p95,median,15.486097335815428,5
cloud_only,fault_sustained,diagnosis_latency_ms_p95,std,0.9395138171295064,5
cloud_only,fault_sustained,diagnosis_latency_ms_p95,p95,16.83844566345215,5
cloud_only,fault_sustained,diagnosis_latency_ms_p95,min,14.71775770187378,5
cloud_only,fault_sustained,diagnosis_latency_ms_p95,max,17.059946060180664,5
cloud_only,fault_sustained,diagnosis_latency_ms_std,count,5,5
cloud_only,fault_sustained,diagnosis_latency_ms_std,mean,1.8525596340510304,5
cloud_only,fault_sustained,diagnosis_latency_ms_std,median,1.3284084828188967,5
cloud_only,fault_sustained,diagnosis_latency_ms_std,std,1.1765863256628972,5
cloud_only,fault_sustained,diagnosis_latency_ms_std,p95,3.384672640197979,5
cloud_only,fault_sustained,diagnosis_latency_ms_std,min,0.8893385085763507,5
cloud_only,fault_sustained,diagnosis_latency_ms_std,max,3.6047946781913276,5
cloud_only,fault_sustained,e2e_latency_ms_count,count,5,5
cloud_only,fault_sustained,e2e_latency_ms_count,mean,23.4,5
cloud_only,fault_sustained,e2e_latency_ms_count,median,23.0,5
cloud_only,fault_sustained,e2e_latency_ms_count,std,0.5477225575051661,5
cloud_only,fault_sustained,e2e_latency_ms_count,p95,24.0,5
cloud_only,fault_sustained,e2e_latency_ms_count,min,23.0,5
cloud_only,fault_sustained,e2e_latency_ms_count,max,24.0,5
cloud_only,fault_sustained,e2e_latency_ms_max,count,5,5
cloud_only,fault_sustained,e2e_latency_ms_max,mean,10049.247598648071,5
cloud_only,fault_sustained,e2e_latency_ms_max,median,10049.478769302368,5
cloud_only,fault_sustained,e2e_latency_ms_max,std,2.6222443040849535,5
cloud_only,fault_sustained,e2e_latency_ms_max,p95,10051.890707015991,5
cloud_only,fault_sustained,e2e_latency_ms_max,min,10045.66764831543,5
cloud_only,fault_sustained,e2e_latency_ms_max,max,10052.018642425537,5
cloud_only,fault_sustained,e2e_latency_ms_mean,count,5,5
cloud_only,fault_sustained,e2e_latency_ms_mean,mean,9887.767217038334,5
cloud_only,fault_sustained,e2e_latency_ms_mean,median,9994.032963462498,5
cloud_only,fault_sustained,e2e_latency_ms_mean,std,158.96677368584764,5
cloud_only,fault_sustained,e2e_latency_ms_mean,p95,10000.782363311104,5
cloud_only,fault_sustained,e2e_latency_ms_mean,min,9649.836798508963,5
cloud_only,fault_sustained,e2e_latency_ms_mean,max,10001.826846081278,5
cloud_only,fault_sustained,e2e_latency_ms_median,count,5,5
cloud_only,fault_sustained,e2e_latency_ms_median,mean,9997.176814079285,5
cloud_only,fault_sustained,e2e_latency_ms_median,median,9998.180866241455,5
cloud_only,fault_sustained,e2e_latency_ms_median,std,9.665180437727459,5
cloud_only,fault_sustained,e2e_latency_ms_median,p95,10008.669233322144,5
cloud_only,fault_sustained,e2e_latency_ms_median,min,9985.392689704895,5
cloud_only,fault_sustained,e2e_latency_ms_median,max,10010.642290115356,5
cloud_only,fault_sustained,e2e_latency_ms_min,count,5,5
cloud_only,fault_sustained,e2e_latency_ms_min,mean,8558.48617553711,5
cloud_only,fault_sustained,e2e_latency_ms_min,median,9883.97479057312,5
cloud_only,fault_sustained,e2e_latency_ms_min,std,2126.048591037238,5
cloud_only,fault_sustained,e2e_latency_ms_min,p95,9945.573663711548,5
cloud_only,fault_sustained,e2e_latency_ms_min,min,5071.563243865967,5
cloud_only,fault_sustained,e2e_latency_ms_min,max,9950.518369674683,5
cloud_only,fault_sustained,e2e_latency_ms_p95,count,5,5
cloud_only,fault_sustained,e2e_latency_ms_p95,mean,10044.632172584534,5
cloud_only,fault_sustained,e2e_latency_ms_p95,median,10043.507719039917,5
cloud_only,fault_sustained,e2e_latency_ms_p95,std,3.5924276736781127,5
cloud_only,fault_sustained,e2e_latency_ms_p95,p95,10048.949389457703,5
cloud_only,fault_sustained,e2e_latency_ms_p95,min,10040.810132026672,5
cloud_only,fault_sustained,e2e_latency_ms_p95,max,10049.352169036865,5
cloud_only,fault_sustained,e2e_latency_ms_std,count,5,5
cloud_only,fault_sustained,e2e_latency_ms_std,mean,364.99655381034097,5
cloud_only,fault_sustained,e2e_latency_ms_std,median,42.681786055511374,5
cloud_only,fault_sustained,e2e_latency_ms_std,std,464.3749470939454,5
cloud_only,fault_sustained,e2e_latency_ms_std,p95,948.5096346611468,5
cloud_only,fault_sustained,e2e_latency_ms_std,min,28.8718219814346,5
cloud_only,fault_sustained,e2e_latency_ms_std,max,1006.8893046129615,5
cloud_only,fault_sustained,escalated_samples,count,5,5
cloud_only,fault_sustained,escalated_samples,mean,2164.4,5
cloud_only,fault_sustained,escalated_samples,median,2140.0,5
cloud_only,fault_sustained,escalated_samples,std,35.73233829460367,5
cloud_only,fault_sustained,escalated_samples,p95,2210.4,5
cloud_only,fault_sustained,escalated_samples,min,2138.0,5
cloud_only,fault_sustained,escalated_samples,max,2216.0,5
cloud_only,fault_sustained,estimated_cloud_data_bytes,count,5,5
cloud_only,fault_sustained,estimated_cloud_data_bytes,mean,2950733.9104534294,5
cloud_only,fault_sustained,estimated_cloud_data_bytes,median,2940265.1109048366,5
cloud_only,fault_sustained,estimated_cloud_data_bytes,std,27697.6280283443,5
cloud_only,fault_sustained,estimated_cloud_data_bytes,p95,2986481.394966946,5
cloud_only,fault_sustained,estimated_cloud_data_bytes,min,2926718.751683283,5
cloud_only,fault_sustained,estimated_cloud_data_bytes,max,2991541.48213799,5
cloud_only,fault_sustained,estimated_cloud_data_bytes_per_minute,count,5,5
cloud_only,fault_sustained,estimated_cloud_data_bytes_per_minute,mean,586398.0,5
cloud_only,fault_sustained,estimated_cloud_data_bytes_per_minute,median,586398.0,5
cloud_only,fault_sustained,estimated_cloud_data_bytes_per_minute,std,9.740004624869623e-11,5
cloud_only,fault_sustained,estimated_cloud_data_bytes_per_minute,p95,586398.0000000001,5
cloud_only,fault_sustained,estimated_cloud_data_bytes_per_minute,min,586397.9999999999,5
cloud_only,fault_sustained,estimated_cloud_data_bytes_per_minute,max,586398.0000000001,5
cloud_only,fault_sustained,estimated_sample_bytes,count,5,5
cloud_only,fault_sustained,estimated_sample_bytes,mean,977.33,5
cloud_only,fault_sustained,estimated_sample_bytes,median,977.33,5
cloud_only,fault_sustained,estimated_sample_bytes,std,0.0,5
cloud_only,fault_sustained,estimated_sample_bytes,p95,977.33,5
cloud_only,fault_sustained,estimated_sample_bytes,min,977.33,5
cloud_only,fault_sustained,estimated_sample_bytes,max,977.33,5
cloud_only,fault_sustained,measurement_seconds,count,5,5
cloud_only,fault_sustained,measurement_seconds,mean,301.91786913871766,5
cloud_only,fault_sustained,measurement_seconds,median,300.8467059135437,5
cloud_only,fault_sustained,measurement_seconds,std,2.8340098051164233,5
cloud_only,fault_sustained,measurement_seconds,p95,305.5755369186401,5
cloud_only,fault_sustained,measurement_seconds,min,299.46064805984497,5
cloud_only,fault_sustained,measurement_seconds,max,306.09328293800354,5
cloud_only,fault_sustained,normal_decisions,count,5,5
cloud_only,fault_sustained,normal_decisions,mean,8.2,5
cloud_only,fault_sustained,normal_decisions,median,8.0,5
cloud_only,fault_sustained,normal_decisions,std,0.4472135954999579,5
cloud_only,fault_sustained,normal_decisions,p95,8.8,5
cloud_only,fault_sustained,normal_decisions,min,8.0,5
cloud_only,fault_sustained,normal_decisions,max,9.0,5
cloud_only,fault_sustained,orchestrator_cpu_count,count,5,5
cloud_only,fault_sustained,orchestrator_cpu_count,mean,32.0,5
cloud_only,fault_sustained,orchestrator_cpu_count,median,32.0,5
cloud_only,fault_sustained,orchestrator_cpu_count,std,0.0,5
cloud_only,fault_sustained,orchestrator_cpu_count,p95,32.0,5
cloud_only,fault_sustained,orchestrator_cpu_count,min,32.0,5
cloud_only,fault_sustained,orchestrator_cpu_count,max,32.0,5
cloud_only,fault_sustained,orchestrator_cpu_max,count,5,5
cloud_only,fault_sustained,orchestrator_cpu_max,mean,0.0,5
cloud_only,fault_sustained,orchestrator_cpu_max,median,0.0,5
cloud_only,fault_sustained,orchestrator_cpu_max,std,0.0,5
cloud_only,fault_sustained,orchestrator_cpu_max,p95,0.0,5
cloud_only,fault_sustained,orchestrator_cpu_max,min,0.0,5
cloud_only,fault_sustained,orchestrator_cpu_max,max,0.0,5
cloud_only,fault_sustained,orchestrator_cpu_mean,count,5,5
cloud_only,fault_sustained,orchestrator_cpu_mean,mean,0.0,5
cloud_only,fault_sustained,orchestrator_cpu_mean,median,0.0,5
cloud_only,fault_sustained,orchestrator_cpu_mean,std,0.0,5
cloud_only,fault_sustained,orchestrator_cpu_mean,p95,0.0,5
cloud_only,fault_sustained,orchestrator_cpu_mean,min,0.0,5
cloud_only,fault_sustained,orchestrator_cpu_mean,max,0.0,5
cloud_only,fault_sustained,orchestrator_cpu_median,count,5,5
cloud_only,fault_sustained,orchestrator_cpu_median,mean,0.0,5
cloud_only,fault_sustained,orchestrator_cpu_median,median,0.0,5
cloud_only,fault_sustained,orchestrator_cpu_median,std,0.0,5
cloud_only,fault_sustained,orchestrator_cpu_median,p95,0.0,5
cloud_only,fault_sustained,orchestrator_cpu_median,min,0.0,5
cloud_only,fault_sustained,orchestrator_cpu_median,max,0.0,5
cloud_only,fault_sustained,orchestrator_cpu_min,count,5,5
cloud_only,fault_sustained,orchestrator_cpu_min,mean,0.0,5
cloud_only,fault_sustained,orchestrator_cpu_min,median,0.0,5
cloud_only,fault_sustained,orchestrator_cpu_min,std,0.0,5
cloud_only,fault_sustained,orchestrator_cpu_min,p95,0.0,5
cloud_only,fault_sustained,orchestrator_cpu_min,min,0.0,5
cloud_only,fault_sustained,orchestrator_cpu_min,max,0.0,5
cloud_only,fault_sustained,orchestrator_cpu_p95,count,5,5
cloud_only,fault_sustained,orchestrator_cpu_p95,mean,0.0,5
cloud_only,fault_sustained,orchestrator_cpu_p95,median,0.0,5
cloud_only,fault_sustained,orchestrator_cpu_p95,std,0.0,5
cloud_only,fault_sustained,orchestrator_cpu_p95,p95,0.0,5
cloud_only,fault_sustained,orchestrator_cpu_p95,min,0.0,5
cloud_only,fault_sustained,orchestrator_cpu_p95,max,0.0,5
cloud_only,fault_sustained,orchestrator_cpu_std,count,5,5
cloud_only,fault_sustained,orchestrator_cpu_std,mean,0.0,5
cloud_only,fault_sustained,orchestrator_cpu_std,median,0.0,5
cloud_only,fault_sustained,orchestrator_cpu_std,std,0.0,5
cloud_only,fault_sustained,orchestrator_cpu_std,p95,0.0,5
cloud_only,fault_sustained,orchestrator_cpu_std,min,0.0,5
cloud_only,fault_sustained,orchestrator_cpu_std,max,0.0,5
cloud_only,fault_sustained,orchestrator_memory_count,count,5,5
cloud_only,fault_sustained,orchestrator_memory_count,mean,32.0,5
cloud_only,fault_sustained,orchestrator_memory_count,median,32.0,5
cloud_only,fault_sustained,orchestrator_memory_count,std,0.0,5
cloud_only,fault_sustained,orchestrator_memory_count,p95,32.0,5
cloud_only,fault_sustained,orchestrator_memory_count,min,32.0,5
cloud_only,fault_sustained,orchestrator_memory_count,max,32.0,5
cloud_only,fault_sustained,orchestrator_memory_max,count,5,5
cloud_only,fault_sustained,orchestrator_memory_max,mean,25214976.0,5
cloud_only,fault_sustained,orchestrator_memory_max,median,24813568.0,5
cloud_only,fault_sustained,orchestrator_memory_max,std,860418.3992825816,5
cloud_only,fault_sustained,orchestrator_memory_max,p95,26392166.4,5
cloud_only,fault_sustained,orchestrator_memory_max,min,24768512.0,5
cloud_only,fault_sustained,orchestrator_memory_max,max,26746880.0,5
cloud_only,fault_sustained,orchestrator_memory_mean,count,5,5
cloud_only,fault_sustained,orchestrator_memory_mean,mean,24552652.8,5
cloud_only,fault_sustained,orchestrator_memory_mean,median,24583296.0,5
cloud_only,fault_sustained,orchestrator_memory_mean,std,268481.77124564716,5
cloud_only,fault_sustained,orchestrator_memory_mean,p95,24793804.8,5
cloud_only,fault_sustained,orchestrator_memory_mean,min,24107008.0,5
cloud_only,fault_sustained,orchestrator_memory_mean,max,24823552.0,5
cloud_only,fault_sustained,orchestrator_memory_median,count,5,5
cloud_only,fault_sustained,orchestrator_memory_median,mean,24616140.8,5
cloud_only,fault_sustained,orchestrator_memory_median,median,24598528.0,5
cloud_only,fault_sustained,orchestrator_memory_median,std,97162.43843790665,5
cloud_only,fault_sustained,orchestrator_memory_median,p95,24735334.4,5
cloud_only,fault_sustained,orchestrator_memory_median,min,24492032.0,5
cloud_only,fault_sustained,orchestrator_memory_median,max,24756224.0,5
cloud_only,fault_sustained,orchestrator_memory_min,count,5,5
cloud_only,fault_sustained,orchestrator_memory_min,mean,24106598.4,5
cloud_only,fault_sustained,orchestrator_memory_min,median,24367104.0,5
cloud_only,fault_sustained,orchestrator_memory_min,std,707829.806219546,5
cloud_only,fault_sustained,orchestrator_memory_min,p95,24519475.2,5
cloud_only,fault_sustained,orchestrator_memory_min,min,22847488.0,5
cloud_only,fault_sustained,orchestrator_memory_min,max,24547328.0,5
cloud_only,fault_sustained,orchestrator_memory_p95,count,5,5
cloud_only,fault_sustained,orchestrator_memory_p95,mean,24824504.32,5
cloud_only,fault_sustained,orchestrator_memory_p95,median,24759091.2,5
cloud_only,fault_sustained,orchestrator_memory_p95,std,158912.89687382817,5
cloud_only,fault_sustained,orchestrator_memory_p95,p95,25031720.96,5
cloud_only,fault_sustained,orchestrator_memory_p95,min,24675737.6,5
cloud_only,fault_sustained,orchestrator_memory_p95,max,25063424.0,5
cloud_only,fault_sustained,orchestrator_memory_std,count,5,5
cloud_only,fault_sustained,orchestrator_memory_std,mean,279326.97186345636,5
cloud_only,fault_sustained,orchestrator_memory_std,median,128859.78284791924,5
cloud_only,fault_sustained,orchestrator_memory_std,std,254839.7270625449,5
cloud_only,fault_sustained,orchestrator_memory_std,p95,624398.3135746594,5
cloud_only,fault_sustained,orchestrator_memory_std,min,101215.80043426217,5
cloud_only,fault_sustained,orchestrator_memory_std,max,686940.9608018398,5
cloud_only,fault_sustained,orchestrator_processing_ms_count,count,5,5
cloud_only,fault_sustained,orchestrator_processing_ms_count,mean,32.0,5
cloud_only,fault_sustained,orchestrator_processing_ms_count,median,32.0,5
cloud_only,fault_sustained,orchestrator_processing_ms_count,std,0.0,5
cloud_only,fault_sustained,orchestrator_processing_ms_count,p95,32.0,5
cloud_only,fault_sustained,orchestrator_processing_ms_count,min,32.0,5
cloud_only,fault_sustained,orchestrator_processing_ms_count,max,32.0,5
cloud_only,fault_sustained,orchestrator_processing_ms_max,count,5,5
cloud_only,fault_sustained,orchestrator_processing_ms_max,mean,16.571950912475586,5
cloud_only,fault_sustained,orchestrator_processing_ms_max,median,16.13926887512207,5
cloud_only,fault_sustained,orchestrator_processing_ms_max,std,2.4982072936825706,5
cloud_only,fault_sustained,orchestrator_processing_ms_max,p95,19.90509033203125,5
cloud_only,fault_sustained,orchestrator_processing_ms_max,min,14.26076889038086,5
cloud_only,fault_sustained,orchestrator_processing_ms_max,max,20.69711685180664,5
cloud_only,fault_sustained,orchestrator_processing_ms_mean,count,5,5
cloud_only,fault_sustained,orchestrator_processing_ms_mean,mean,9.756454825401306,5
cloud_only,fault_sustained,orchestrator_processing_ms_mean,median,9.775280952453613,5
cloud_only,fault_sustained,orchestrator_processing_ms_mean,std,0.2105136139195007,5
cloud_only,fault_sustained,orchestrator_processing_ms_mean,p95,9.971672296524048,5
cloud_only,fault_sustained,orchestrator_processing_ms_mean,min,9.47263091802597,5
cloud_only,fault_sustained,orchestrator_processing_ms_mean,max,9.983666241168976,5
cloud_only,fault_sustained,orchestrator_processing_ms_median,count,5,5
cloud_only,fault_sustained,orchestrator_processing_ms_median,mean,12.87386417388916,5
cloud_only,fault_sustained,orchestrator_processing_ms_median,median,12.626409530639648,5
cloud_only,fault_sustained,orchestrator_processing_ms_median,std,0.4302186907790736,5
cloud_only,fault_sustained,orchestrator_processing_ms_median,p95,13.410639762878418,5
cloud_only,fault_sustained,orchestrator_processing_ms_median,min,12.46345043182373,5
cloud_only,fault_sustained,orchestrator_processing_ms_median,max,13.466596603393555,5
cloud_only,fault_sustained,orchestrator_processing_ms_min,count,5,5
cloud_only,fault_sustained,orchestrator_processing_ms_min,mean,0.08196830749511719,5
cloud_only,fault_sustained,orchestrator_processing_ms_min,median,0.07891654968261719,5
cloud_only,fault_sustained,orchestrator_processing_ms_min,std,0.008091141174271562,5
cloud_only,fault_sustained,orchestrator_processing_ms_min,p95,0.09207725524902344,5
cloud_only,fault_sustained,orchestrator_processing_ms_min,min,0.0743865966796875,5
cloud_only,fault_sustained,orchestrator_processing_ms_min,max,0.09322166442871094,5
cloud_only,fault_sustained,orchestrator_processing_ms_p95,count,5,5
cloud_only,fault_sustained,orchestrator_processing_ms_p95,mean,15.307698249816895,5
cloud_only,fault_sustained,orchestrator_processing_ms_p95,median,14.871621131896973,5
cloud_only,fault_sustained,orchestrator_processing_ms_p95,std,1.1643405295330902,5
cloud_only,fault_sustained,orchestrator_processing_ms_p95,p95,16.882631778717037,5
cloud_only,fault_sustained,orchestrator_processing_ms_p95,min,14.229178428649902,5
cloud_only,fault_sustained,orchestrator_processing_ms_p95,max,17.261135578155514,5
cloud_only,fault_sustained,orchestrator_processing_ms_std,count,5,5
cloud_only,fault_sustained,orchestrator_processing_ms_std,mean,6.064033856777041,5
cloud_only,fault_sustained,orchestrator_processing_ms_std,median,6.0085354030395575,5
cloud_only,fault_sustained,orchestrator_processing_ms_std,std,0.3096637032480412,5
cloud_only,fault_sustained,orchestrator_processing_ms_std,p95,6.412260357508758,5
cloud_only,fault_sustained,orchestrator_processing_ms_std,min,5.6759419743694055,5
cloud_only,fault_sustained,orchestrator_processing_ms_std,max,6.438437233790977,5
cloud_only,fault_sustained,sensor-generator_cpu_count,count,5,5
cloud_only,fault_sustained,sensor-generator_cpu_count,mean,67.0,5
cloud_only,fault_sustained,sensor-generator_cpu_count,median,67.0,5
cloud_only,fault_sustained,sensor-generator_cpu_count,std,1.0,5
cloud_only,fault_sustained,sensor-generator_cpu_count,p95,68.0,5
cloud_only,fault_sustained,sensor-generator_cpu_count,min,66.0,5
cloud_only,fault_sustained,sensor-generator_cpu_count,max,68.0,5
cloud_only,fault_sustained,sensor-generator_cpu_max,count,5,5
cloud_only,fault_sustained,sensor-generator_cpu_max,mean,105.8278,5
cloud_only,fault_sustained,sensor-generator_cpu_max,median,92.759,5
cloud_only,fault_sustained,sensor-generator_cpu_max,std,28.792617433988184,5
cloud_only,fault_sustained,sensor-generator_cpu_max,p95,145.392,5
cloud_only,fault_sustained,sensor-generator_cpu_max,min,89.723,5
cloud_only,fault_sustained,sensor-generator_cpu_max,max,156.86,5
cloud_only,fault_sustained,sensor-generator_cpu_mean,count,5,5
cloud_only,fault_sustained,sensor-generator_cpu_mean,mean,18.481337931997764,5
cloud_only,fault_sustained,sensor-generator_cpu_mean,median,19.194939393939393,5
cloud_only,fault_sustained,sensor-generator_cpu_mean,std,2.923986776626589,5
cloud_only,fault_sustained,sensor-generator_cpu_mean,p95,20.617831782265146,5
cloud_only,fault_sustained,sensor-generator_cpu_mean,min,13.47325,5
cloud_only,fault_sustained,sensor-generator_cpu_mean,max,20.66308823529412,5
cloud_only,fault_sustained,sensor-generator_cpu_median,count,5,5
cloud_only,fault_sustained,sensor-generator_cpu_median,mean,1.3226,5
cloud_only,fault_sustained,sensor-generator_cpu_median,median,1.319,5
cloud_only,fault_sustained,sensor-generator_cpu_median,std,0.015895754150086806,5
cloud_only,fault_sustained,sensor-generator_cpu_median,p95,1.3434000000000001,5
cloud_only,fault_sustained,sensor-generator_cpu_median,min,1.306,5
cloud_only,fault_sustained,sensor-generator_cpu_median,max,1.3475000000000001,5
cloud_only,fault_sustained,sensor-generator_cpu_min,count,5,5
cloud_only,fault_sustained,sensor-generator_cpu_min,mean,0.2896,5
cloud_only,fault_sustained,sensor-generator_cpu_min,median,0.068,5
cloud_only,fault_sustained,sensor-generator_cpu_min,std,0.32421027127467755,5
cloud_only,fault_sustained,sensor-generator_cpu_min,p95,0.7178,5
cloud_only,fault_sustained,sensor-generator_cpu_min,min,0.066,5
cloud_only,fault_sustained,sensor-generator_cpu_min,max,0.781,5
cloud_only,fault_sustained,sensor-generator_cpu_p95,count,5,5
cloud_only,fault_sustained,sensor-generator_cpu_p95,mean,82.37619000000001,5
cloud_only,fault_sustained,sensor-generator_cpu_p95,median,85.30375000000001,5
cloud_only,fault_sustained,sensor-generator_cpu_p95,std,5.49001779475714,5
cloud_only,fault_sustained,sensor-generator_cpu_p95,p95,86.9158,5
cloud_only,fault_sustained,sensor-generator_cpu_p95,min,73.79084999999999,5
cloud_only,fault_sustained,sensor-generator_cpu_p95,max,87.30455,5
cloud_only,fault_sustained,sensor-generator_cpu_std,count,5,5
cloud_only,fault_sustained,sensor-generator_cpu_std,mean,30.022264901184762,5
cloud_only,fault_sustained,sensor-generator_cpu_std,median,29.84877397450163,5
cloud_only,fault_sustained,sensor-generator_cpu_std,std,3.4472477012796214,5
cloud_only,fault_sustained,sensor-generator_cpu_std,p95,33.87893625621304,5
cloud_only,fault_sustained,sensor-generator_cpu_std,min,25.124687863732756,5
cloud_only,fault_sustained,sensor-generator_cpu_std,max,34.39606180890841,5
cloud_only,fault_sustained,sensor-generator_memory_count,count,5,5
cloud_only,fault_sustained,sensor-generator_memory_count,mean,67.0,5
cloud_only,fault_sustained,sensor-generator_memory_count,median,67.0,5
cloud_only,fault_sustained,sensor-generator_memory_count,std,1.0,5
cloud_only,fault_sustained,sensor-generator_memory_count,p95,68.0,5
cloud_only,fault_sustained,sensor-generator_memory_count,min,66.0,5
cloud_only,fault_sustained,sensor-generator_memory_count,max,68.0,5
cloud_only,fault_sustained,sensor-generator_memory_max,count,5,5
cloud_only,fault_sustained,sensor-generator_memory_max,mean,119394304.0,5
cloud_only,fault_sustained,sensor-generator_memory_max,median,119291904.0,5
cloud_only,fault_sustained,sensor-generator_memory_max,std,683074.7793441067,5
cloud_only,fault_sustained,sensor-generator_memory_max,p95,120276582.4,5
cloud_only,fault_sustained,sensor-generator_memory_max,min,118624256.0,5
cloud_only,fault_sustained,sensor-generator_memory_max,max,120479744.0,5
cloud_only,fault_sustained,sensor-generator_memory_mean,count,5,5
cloud_only,fault_sustained,sensor-generator_memory_mean,mean,118155200.49004176,5
cloud_only,fault_sustained,sensor-generator_memory_mean,median,118395935.03030303,5
cloud_only,fault_sustained,sensor-generator_memory_mean,std,841124.1548496069,5
cloud_only,fault_sustained,sensor-generator_memory_mean,p95,118799337.00106952,5
cloud_only,fault_sustained,sensor-generator_memory_mean,min,116702987.46268657,5
cloud_only,fault_sustained,sensor-generator_memory_mean,max,118899246.54545455,5
cloud_only,fault_sustained,sensor-generator_memory_median,count,5,5
cloud_only,fault_sustained,sensor-generator_memory_median,mean,118143795.2,5
cloud_only,fault_sustained,sensor-generator_memory_median,median,118380544.0,5
cloud_only,fault_sustained,sensor-generator_memory_median,std,842122.309588815,5
cloud_only,fault_sustained,sensor-generator_memory_median,p95,118790144.0,5
cloud_only,fault_sustained,sensor-generator_memory_median,min,116690944.0,5
cloud_only,fault_sustained,sensor-generator_memory_median,max,118892544.0,5
cloud_only,fault_sustained,sensor-generator_memory_min,count,5,5
cloud_only,fault_sustained,sensor-generator_memory_min,mean,117804236.8,5
cloud_only,fault_sustained,sensor-generator_memory_min,median,118120448.0,5
cloud_only,fault_sustained,sensor-generator_memory_min,std,1014611.5276238488,5
cloud_only,fault_sustained,sensor-generator_memory_min,p95,118537420.8,5
cloud_only,fault_sustained,sensor-generator_memory_min,min,116035584.0,5
cloud_only,fault_sustained,sensor-generator_memory_min,max,118640640.0,5
cloud_only,fault_sustained,sensor-generator_memory_p95,count,5,5
cloud_only,fault_sustained,sensor-generator_memory_p95,mean,118396026.88,5
cloud_only,fault_sustained,sensor-generator_memory_p95,median,118554624.0,5
cloud_only,fault_sustained,sensor-generator_memory_p95,std,703401.8207243058,5
cloud_only,fault_sustained,sensor-generator_memory_p95,p95,118984908.8,5
cloud_only,fault_sustained,sensor-generator_memory_p95,min,117204582.4,5
cloud_only,fault_sustained,sensor-generator_memory_p95,max,119085056.0,5
cloud_only,fault_sustained,sensor-generator_memory_std,count,5,5
cloud_only,fault_sustained,sensor-generator_memory_std,mean,229467.54740898218,5
cloud_only,fault_sustained,sensor-generator_memory_std,median,176694.98432440357,5
cloud_only,fault_sustained,sensor-generator_memory_std,std,149832.6304583785,5
cloud_only,fault_sustained,sensor-generator_memory_std,p95,429319.4816812442,5
cloud_only,fault_sustained,sensor-generator_memory_std,min,109204.86570311949,5
cloud_only,fault_sustained,sensor-generator_memory_std,max,465728.3600450507,5
cloud_only,fault_sustained,sensor-generator_processing_ms_count,count,5,5
cloud_only,fault_sustained,sensor-generator_processing_ms_count,mean,67.0,5
cloud_only,fault_sustained,sensor-generator_processing_ms_count,median,67.0,5
cloud_only,fault_sustained,sensor-generator_processing_ms_count,std,1.0,5
cloud_only,fault_sustained,sensor-generator_processing_ms_count,p95,68.0,5
cloud_only,fault_sustained,sensor-generator_processing_ms_count,min,66.0,5
cloud_only,fault_sustained,sensor-generator_processing_ms_count,max,68.0,5
cloud_only,fault_sustained,sensor-generator_processing_ms_max,count,5,5
cloud_only,fault_sustained,sensor-generator_processing_ms_max,mean,0.047779083251953125,5
cloud_only,fault_sustained,sensor-generator_processing_ms_max,median,0.04673004150390625,5
cloud_only,fault_sustained,sensor-generator_processing_ms_max,std,0.020558401500500124,5
cloud_only,fault_sustained,sensor-generator_processing_ms_max,p95,0.07276535034179688,5
cloud_only,fault_sustained,sensor-generator_processing_ms_max,min,0.0209808349609375,5
cloud_only,fault_sustained,sensor-generator_processing_ms_max,max,0.07843971252441406,5
cloud_only,fault_sustained,sensor-generator_processing_ms_mean,count,5,5
cloud_only,fault_sustained,sensor-generator_processing_ms_mean,mean,0.015718047869482353,5
cloud_only,fault_sustained,sensor-generator_processing_ms_mean,median,0.015666990569143585,5
cloud_only,fault_sustained,sensor-generator_processing_ms_mean,std,0.00046633659268132446,5
cloud_only,fault_sustained,sensor-generator_processing_ms_mean,p95,0.016297333593249533,5
cloud_only,fault_sustained,sensor-generator_processing_ms_mean,min,0.015136073617374195,5
cloud_only,fault_sustained,sensor-generator_processing_ms_mean,max,0.01643685733570772,5
cloud_only,fault_sustained,sensor-generator_processing_ms_median,count,5,5
cloud_only,fault_sustained,sensor-generator_processing_ms_median,mean,0.017642974853515625,5
cloud_only,fault_sustained,sensor-generator_processing_ms_median,median,0.017642974853515625,5
cloud_only,fault_sustained,sensor-generator_processing_ms_median,std,0.00032646808475563893,5
cloud_only,fault_sustained,sensor-generator_processing_ms_median,p95,0.01804828643798828,5
cloud_only,fault_sustained,sensor-generator_processing_ms_median,min,0.01728534698486328,5
cloud_only,fault_sustained,sensor-generator_processing_ms_median,max,0.01811981201171875,5
cloud_only,fault_sustained,sensor-generator_processing_ms_min,count,5,5
cloud_only,fault_sustained,sensor-generator_processing_ms_min,mean,0.00667572021484375,5
cloud_only,fault_sustained,sensor-generator_processing_ms_min,median,0.00667572021484375,5
cloud_only,fault_sustained,sensor-generator_processing_ms_min,std,0.00016858739404357613,5
cloud_only,fault_sustained,sensor-generator_processing_ms_min,p95,0.006866455078125,5
cloud_only,fault_sustained,sensor-generator_processing_ms_min,min,0.0064373016357421875,5
cloud_only,fault_sustained,sensor-generator_processing_ms_min,max,0.0069141387939453125,5
cloud_only,fault_sustained,sensor-generator_processing_ms_p95,count,5,5
cloud_only,fault_sustained,sensor-generator_processing_ms_p95,mean,0.02056121826171875,5
cloud_only,fault_sustained,sensor-generator_processing_ms_p95,median,0.02002716064453125,5
cloud_only,fault_sustained,sensor-generator_processing_ms_p95,std,0.00085088213941497,5
cloud_only,fault_sustained,sensor-generator_processing_ms_p95,p95,0.021679401397705078,5
cloud_only,fault_sustained,sensor-generator_processing_ms_p95,min,0.019943714141845703,5
cloud_only,fault_sustained,sensor-generator_processing_ms_p95,max,0.021839141845703125,5
cloud_only,fault_sustained,sensor-generator_processing_ms_std,count,5,5
cloud_only,fault_sustained,sensor-generator_processing_ms_std,mean,0.006807128351442283,5
cloud_only,fault_sustained,sensor-generator_processing_ms_std,median,0.006608770404547409,5
cloud_only,fault_sustained,sensor-generator_processing_ms_std,std,0.0016209567592073671,5
cloud_only,fault_sustained,sensor-generator_processing_ms_std,p95,0.008872487488155579,5
cloud_only,fault_sustained,sensor-generator_processing_ms_std,min,0.004906831284292446,5
cloud_only,fault_sustained,sensor-generator_processing_ms_std,max,0.009325302941944207,5
cloud_only,fault_sustained,uncertain_decisions,count,5,5
cloud_only,fault_sustained,uncertain_decisions,mean,0.4,5
cloud_only,fault_sustained,uncertain_decisions,median,0.0,5
cloud_only,fault_sustained,uncertain_decisions,std,0.5477225575051661,5
cloud_only,fault_sustained,uncertain_decisions,p95,1.0,5
cloud_only,fault_sustained,uncertain_decisions,min,0.0,5
cloud_only,fault_sustained,uncertain_decisions,max,1.0,5
edge_only,fault_alternate,anomaly_decisions,count,5,5
edge_only,fault_alternate,anomaly_decisions,mean,17.2,5
edge_only,fault_alternate,anomaly_decisions,median,17.0,5
edge_only,fault_alternate,anomaly_decisions,std,0.8366600265340756,5
edge_only,fault_alternate,anomaly_decisions,p95,18.0,5
edge_only,fault_alternate,anomaly_decisions,min,16.0,5
edge_only,fault_alternate,anomaly_decisions,max,18.0,5
edge_only,fault_alternate,anomaly_events,count,5,5
edge_only,fault_alternate,anomaly_events,mean,1618.6,5
edge_only,fault_alternate,anomaly_events,median,1616.0,5
edge_only,fault_alternate,anomaly_events,std,5.9413803110051795,5
edge_only,fault_alternate,anomaly_events,p95,1626.8,5
edge_only,fault_alternate,anomaly_events,min,1615.0,5
edge_only,fault_alternate,anomaly_events,max,1629.0,5
edge_only,fault_alternate,classifier_accuracy,count,5,5
edge_only,fault_alternate,classifier_accuracy,mean,0.9849195939752398,5
edge_only,fault_alternate,classifier_accuracy,median,0.9843945068664169,5
edge_only,fault_alternate,classifier_accuracy,std,0.001224632954103059,5
edge_only,fault_alternate,classifier_accuracy,p95,0.9865668253895656,5
edge_only,fault_alternate,classifier_accuracy,min,0.9843444227005871,5
edge_only,fault_alternate,classifier_accuracy,max,0.9871099050203528,5
edge_only,fault_alternate,classifier_correct_count,count,5,5
edge_only,fault_alternate,classifier_correct_count,mean,1525.6,5
edge_only,fault_alternate,classifier_correct_count,median,1510.0,5
edge_only,fault_alternate,classifier_correct_count,std,51.93072308373917,5
edge_only,fault_alternate,classifier_correct_count,p95,1577.0,5
edge_only,fault_alternate,classifier_correct_count,min,1455.0,5
edge_only,fault_alternate,classifier_correct_count,max,1577.0,5
edge_only,fault_alternate,classifier_cpu_count,count,5,5
edge_only,fault_alternate,classifier_cpu_count,mean,157.4,5
edge_only,fault_alternate,classifier_cpu_count,median,157.0,5
edge_only,fault_alternate,classifier_cpu_count,std,0.5477225575051661,5
edge_only,fault_alternate,classifier_cpu_count,p95,158.0,5
edge_only,fault_alternate,classifier_cpu_count,min,157.0,5
edge_only,fault_alternate,classifier_cpu_count,max,158.0,5
edge_only,fault_alternate,classifier_cpu_max,count,5,5
edge_only,fault_alternate,classifier_cpu_max,mean,13.4988,5
edge_only,fault_alternate,classifier_cpu_max,median,9.642,5
edge_only,fault_alternate,classifier_cpu_max,std,6.932517702826297,5
edge_only,fault_alternate,classifier_cpu_max,p95,21.5306,5
edge_only,fault_alternate,classifier_cpu_max,min,6.922,5
edge_only,fault_alternate,classifier_cpu_max,max,21.898,5
edge_only,fault_alternate,classifier_cpu_mean,count,5,5
edge_only,fault_alternate,classifier_cpu_mean,mean,1.5617843666854794,5
edge_only,fault_alternate,classifier_cpu_mean,median,1.5449050632911392,5
edge_only,fault_alternate,classifier_cpu_mean,std,0.07188642821237833,5
edge_only,fault_alternate,classifier_cpu_mean,p95,1.6528160928807547,5
edge_only,fault_alternate,classifier_cpu_mean,min,1.488044585987261,5
edge_only,fault_alternate,classifier_cpu_mean,max,1.6661783439490445,5
edge_only,fault_alternate,classifier_cpu_median,count,5,5
edge_only,fault_alternate,classifier_cpu_median,mean,0.19640000000000002,5
edge_only,fault_alternate,classifier_cpu_median,median,0.197,5
edge_only,fault_alternate,classifier_cpu_median,std,0.0008944271909999167,5
edge_only,fault_alternate,classifier_cpu_median,p95,0.197,5
edge_only,fault_alternate,classifier_cpu_median,min,0.195,5
edge_only,fault_alternate,classifier_cpu_median,max,0.197,5
edge_only,fault_alternate,classifier_cpu_min,count,5,5
edge_only,fault_alternate,classifier_cpu_min,mean,0.1694,5
edge_only,fault_alternate,classifier_cpu_min,median,0.17,5
edge_only,fault_alternate,classifier_cpu_min,std,0.004827007354458859,5
edge_only,fault_alternate,classifier_cpu_min,p95,0.17459999999999998,5
edge_only,fault_alternate,classifier_cpu_min,min,0.164,5
edge_only,fault_alternate,classifier_cpu_min,max,0.175,5
edge_only,fault_alternate,classifier_cpu_p95,count,5,5
edge_only,fault_alternate,classifier_cpu_p95,mean,6.15213,5
edge_only,fault_alternate,classifier_cpu_p95,median,6.107550000000001,5
edge_only,fault_alternate,classifier_cpu_p95,std,0.13073282678806986,5
edge_only,fault_alternate,classifier_cpu_p95,p95,6.327359999999996,5
edge_only,fault_alternate,classifier_cpu_p95,min,6.035100000000001,5
edge_only,fault_alternate,classifier_cpu_p95,max,6.361799999999995,5
edge_only,fault_alternate,classifier_cpu_std,count,5,5
edge_only,fault_alternate,classifier_cpu_std,mean,2.540589051466625,5
edge_only,fault_alternate,classifier_cpu_std,median,2.444665632329941,5
edge_only,fault_alternate,classifier_cpu_std,std,0.2508981127919953,5
edge_only,fault_alternate,classifier_cpu_std,p95,2.8234381594201743,5
edge_only,fault_alternate,classifier_cpu_std,min,2.278500548167445,5
edge_only,fault_alternate,classifier_cpu_std,max,2.834439732327127,5
edge_only,fault_alternate,classifier_ground_truth_count,count,5,5
edge_only,fault_alternate,classifier_ground_truth_count,mean,1549.0,5
edge_only,fault_alternate,classifier_ground_truth_count,median,1534.0,5
edge_only,fault_alternate,classifier_ground_truth_count,std,54.13871073455665,5
edge_only,fault_alternate,classifier_ground_truth_count,p95,1602.0,5
edge_only,fault_alternate,classifier_ground_truth_count,min,1474.0,5
edge_only,fault_alternate,classifier_ground_truth_count,max,1602.0,5
edge_only,fault_alternate,classifier_memory_count,count,5,5
edge_only,fault_alternate,classifier_memory_count,mean,157.4,5
edge_only,fault_alternate,classifier_memory_count,median,157.0,5
edge_only,fault_alternate,classifier_memory_count,std,0.5477225575051661,5
edge_only,fault_alternate,classifier_memory_count,p95,158.0,5
edge_only,fault_alternate,classifier_memory_count,min,157.0,5
edge_only,fault_alternate,classifier_memory_count,max,158.0,5
edge_only,fault_alternate,classifier_memory_max,count,5,5
edge_only,fault_alternate,classifier_memory_max,mean,272007168.0,5
edge_only,fault_alternate,classifier_memory_max,median,272207872.0,5
edge_only,fault_alternate,classifier_memory_max,std,3931227.6227926565,5
edge_only,fault_alternate,classifier_memory_max,p95,276384972.8,5
edge_only,fault_alternate,classifier_memory_max,min,267948032.0,5
edge_only,fault_alternate,classifier_memory_max,max,276754432.0,5
edge_only,fault_alternate,classifier_memory_mean,count,5,5
edge_only,fault_alternate,classifier_memory_mean,mean,265246318.78816414,5
edge_only,fault_alternate,classifier_memory_mean,median,265977908.17834395,5
edge_only,fault_alternate,classifier_memory_mean,std,1793369.7801019244,5
edge_only,fault_alternate,classifier_memory_mean,p95,266199368.09610578,5
edge_only,fault_alternate,classifier_memory_mean,min,262047887.49044585,5
edge_only,fault_alternate,classifier_memory_mean,max,266215710.98089173,5
edge_only,fault_alternate,classifier_memory_median,count,5,5
edge_only,fault_alternate,classifier_memory_median,mean,265845964.8,5
edge_only,fault_alternate,classifier_memory_median,median,265945088.0,5
edge_only,fault_alternate,classifier_memory_median,std,291498.8265417204,5
edge_only,fault_alternate,classifier_memory_median,p95,266076979.2,5
edge_only,fault_alternate,classifier_memory_median,min,265375744.0,5
edge_only,fault_alternate,classifier_memory_median,max,266080256.0,5
edge_only,fault_alternate,classifier_memory_min,count,5,5
edge_only,fault_alternate,classifier_memory_min,mean,263061504.0,5
edge_only,fault_alternate,classifier_memory_min,median,265707520.0,5
edge_only,fault_alternate,classifier_memory_min,std,5881174.9577865815,5
edge_only,fault_alternate,classifier_memory_min,p95,265805824.0,5
edge_only,fault_alternate,classifier_memory_min,min,252542976.0,5
edge_only,fault_alternate,classifier_memory_min,max,265826304.0,5
edge_only,fault_alternate,classifier_memory_p95,count,5,5
edge_only,fault_alternate,classifier_memory_p95,mean,266162585.6,5
edge_only,fault_alternate,classifier_memory_p95,median,266113843.2,5
edge_only,fault_alternate,classifier_memory_p95,std,156444.68110204182,5
edge_only,fault_alternate,classifier_memory_p95,p95,266334208.0,5
edge_only,fault_alternate,classifier_memory_p95,min,266002432.0,5
edge_only,fault_alternate,classifier_memory_p95,max,266338304.0,5
edge_only,fault_alternate,classifier_memory_std,count,5,5
edge_only,fault_alternate,classifier_memory_std,mean,1627482.6493239934,5
edge_only,fault_alternate,classifier_memory_std,median,747269.7497424176,5
edge_only,fault_alternate,classifier_memory_std,std,2279915.2557602013,5
edge_only,fault_alternate,classifier_memory_std,p95,4734777.699057329,5
edge_only,fault_alternate,classifier_memory_std,min,200112.62060859575,5
edge_only,fault_alternate,classifier_memory_std,max,5673548.634930956,5
edge_only,fault_alternate,classifier_processing_ms_count,count,5,5
edge_only,fault_alternate,classifier_processing_ms_count,mean,17.2,5
edge_only,fault_alternate,classifier_processing_ms_count,median,17.0,5
edge_only,fault_alternate,classifier_processing_ms_count,std,0.8366600265340756,5
edge_only,fault_alternate,classifier_processing_ms_count,p95,18.0,5
edge_only,fault_alternate,classifier_processing_ms_count,min,16.0,5
edge_only,fault_alternate,classifier_processing_ms_count,max,18.0,5
edge_only,fault_alternate,classifier_processing_ms_max,count,5,5
edge_only,fault_alternate,classifier_processing_ms_max,mean,59.32416915893555,5
edge_only,fault_alternate,classifier_processing_ms_max,median,14.331579208374023,5
edge_only,fault_alternate,classifier_processing_ms_max,std,64.1129168894213,5
edge_only,fault_alternate,classifier_processing_ms_max,p95,129.66341972351074,5
edge_only,fault_alternate,classifier_processing_ms_max,min,9.742975234985352,5
edge_only,fault_alternate,classifier_processing_ms_max,max,129.75192070007324,5
edge_only,fault_alternate,classifier_processing_ms_mean,count,5,5
edge_only,fault_alternate,classifier_processing_ms_mean,mean,11.40068899961858,5
edge_only,fault_alternate,classifier_processing_ms_mean,median,7.919535040855408,5
edge_only,fault_alternate,classifier_processing_ms_mean,std,5.379021984183285,5
edge_only,fault_alternate,classifier_processing_ms_mean,p95,18.36110283346737,5
edge_only,fault_alternate,classifier_processing_ms_mean,min,7.400486204359266,5
edge_only,fault_alternate,classifier_processing_ms_mean,max,19.244839163387525,5
edge_only,fault_alternate,classifier_processing_ms_median,count,5,5
edge_only,fault_alternate,classifier_processing_ms_median,mean,7.375359535217285,5
edge_only,fault_alternate,classifier_processing_ms_median,median,7.20369815826416,5
edge_only,fault_alternate,classifier_processing_ms_median,std,0.34859528716588617,5
edge_only,fault_alternate,classifier_processing_ms_median,p95,7.857489585876465,5
edge_only,fault_alternate,classifier_processing_ms_median,min,7.148981094360352,5
edge_only,fault_alternate,classifier_processing_ms_median,max,7.975101470947266,5
edge_only,fault_alternate,classifier_processing_ms_min,count,5,5
edge_only,fault_alternate,classifier_processing_ms_min,mean,6.015777587890625,5
edge_only,fault_alternate,classifier_processing_ms_min,median,6.060123443603516,5
edge_only,fault_alternate,classifier_processing_ms_min,std,0.38972953578903785,5
edge_only,fault_alternate,classifier_processing_ms_min,p95,6.440210342407227,5
edge_only,fault_alternate,classifier_processing_ms_min,min,5.446910858154297,5
edge_only,fault_alternate,classifier_processing_ms_min,max,6.506443023681641,5
edge_only,fault_alternate,classifier_processing_ms_p95,count,5,5
edge_only,fault_alternate,classifier_processing_ms_p95,mean,31.007788181304907,5
edge_only,fault_alternate,classifier_processing_ms_p95,median,10.755789279937739,5
edge_only,fault_alternate,classifier_processing_ms_p95,std,34.42503389567595,5
edge_only,fault_alternate,classifier_processing_ms_p95,p95,78.57657432556147,5
edge_only,fault_alternate,classifier_processing_ms_p95,min,8.98686647415161,5
edge_only,fault_alternate,classifier_processing_ms_p95,max,89.36533927917478,5
edge_only,fault_alternate,classifier_processing_ms_std,count,5,5
edge_only,fault_alternate,classifier_processing_ms_std,mean,13.517009394150316,5
edge_only,fault_alternate,classifier_processing_ms_std,median,1.9491197791494932,5
edge_only,fault_alternate,classifier_processing_ms_std,std,16.415747464026882,5
edge_only,fault_alternate,classifier_processing_ms_std,p95,32.57562220767905,5
edge_only,fault_alternate,classifier_processing_ms_std,min,0.9762728804081653,5
edge_only,fault_alternate,classifier_processing_ms_std,max,33.336330355181666,5
edge_only,fault_alternate,cloud_escalations,count,5,5
edge_only,fault_alternate,cloud_escalations,mean,17.2,5
edge_only,fault_alternate,cloud_escalations,median,17.0,5
edge_only,fault_alternate,cloud_escalations,std,0.8366600265340756,5
edge_only,fault_alternate,cloud_escalations,p95,18.0,5
edge_only,fault_alternate,cloud_escalations,min,16.0,5
edge_only,fault_alternate,cloud_escalations,max,18.0,5
edge_only,fault_alternate,decision_time_ms_count,count,5,5
edge_only,fault_alternate,decision_time_ms_count,mean,31.4,5
edge_only,fault_alternate,decision_time_ms_count,median,31.0,5
edge_only,fault_alternate,decision_time_ms_count,std,0.5477225575051661,5
edge_only,fault_alternate,decision_time_ms_count,p95,32.0,5
edge_only,fault_alternate,decision_time_ms_count,min,31.0,5
edge_only,fault_alternate,decision_time_ms_count,max,32.0,5
edge_only,fault_alternate,decision_time_ms_max,count,5,5
edge_only,fault_alternate,decision_time_ms_max,mean,0.9488105773925781,5
edge_only,fault_alternate,decision_time_ms_max,median,0.9212493896484375,5
edge_only,fault_alternate,decision_time_ms_max,std,0.2795585993369031,5
edge_only,fault_alternate,decision_time_ms_max,p95,1.3015270233154297,5
edge_only,fault_alternate,decision_time_ms_max,min,0.6225109100341797,5
edge_only,fault_alternate,decision_time_ms_max,max,1.39617919921875,5
edge_only,fault_alternate,decision_time_ms_mean,count,5,5
edge_only,fault_alternate,decision_time_ms_mean,mean,0.27520512380907614,5
edge_only,fault_alternate,decision_time_ms_mean,median,0.2666264772415161,5
edge_only,fault_alternate,decision_time_ms_mean,std,0.022630943301095875,5
edge_only,fault_alternate,decision_time_ms_mean,p95,0.30484507160802043,5
edge_only,fault_alternate,decision_time_ms_mean,min,0.2512008913101689,5
edge_only,fault_alternate,decision_time_ms_mean,max,0.31031331708354337,5
edge_only,fault_alternate,decision_time_ms_median,count,5,5
edge_only,fault_alternate,decision_time_ms_median,mean,0.31130313873291016,5
edge_only,fault_alternate,decision_time_ms_median,median,0.3075599670410156,5
edge_only,fault_alternate,decision_time_ms_median,std,0.011288307758927967,5
edge_only,fault_alternate,decision_time_ms_median,p95,0.32384395599365234,5
edge_only,fault_alternate,decision_time_ms_median,min,0.2994537353515625,5
edge_only,fault_alternate,decision_time_ms_median,max,0.324249267578125,5
edge_only,fault_alternate,decision_time_ms_min,count,5,5
edge_only,fault_alternate,decision_time_ms_min,mean,0.06699562072753906,5
edge_only,fault_alternate,decision_time_ms_min,median,0.06794929504394531,5
edge_only,fault_alternate,decision_time_ms_min,std,0.0018313278550788421,5
edge_only,fault_alternate,decision_time_ms_min,p95,0.06856918334960938,5
edge_only,fault_alternate,decision_time_ms_min,min,0.06437301635742188,5
edge_only,fault_alternate,decision_time_ms_min,max,0.06866455078125,5
edge_only,fault_alternate,decision_time_ms_p95,count,5,5
edge_only,fault_alternate,decision_time_ms_p95,mean,0.6361222267150879,5
edge_only,fault_alternate,decision_time_ms_p95,median,0.5140185356140134,5
edge_only,fault_alternate,decision_time_ms_p95,std,0.21888153029682267,5
edge_only,fault_alternate,decision_time_ms_p95,p95,0.9343862533569336,5
edge_only,fault_alternate,decision_time_ms_p95,min,0.4805326461791992,5
edge_only,fault_alternate,decision_time_ms_p95,max,0.9920597076416016,5
edge_only,fault_alternate,decision_time_ms_std,count,5,5
edge_only,fault_alternate,decision_time_ms_std,mean,0.2154836498205146,5
edge_only,fault_alternate,decision_time_ms_std,median,0.19422741319771117,5
edge_only,fault_alternate,decision_time_ms_std,std,0.0592565845751461,5
edge_only,fault_alternate,decision_time_ms_std,p95,0.2946340014707324,5
edge_only,fault_alternate,decision_time_ms_std,min,0.1562489174964883,5
edge_only,fault_alternate,decision_time_ms_std,max,0.3116907148473186,5
edge_only,fault_alternate,decision_windows,count,5,5
edge_only,fault_alternate,decision_windows,mean,31.4,5
edge_only,fault_alternate,decision_windows,median,31.0,5
edge_only,fault_alternate,decision_windows,std,0.5477225575051661,5
edge_only,fault_alternate,decision_windows,p95,32.0,5
edge_only,fault_alternate,decision_windows,min,31.0,5
edge_only,fault_alternate,decision_windows,max,32.0,5
edge_only,fault_alternate,detection_latency_ms_count,count,5,5
edge_only,fault_alternate,detection_latency_ms_count,mean,1618.6,5
edge_only,fault_alternate,detection_latency_ms_count,median,1616.0,5
edge_only,fault_alternate,detection_latency_ms_count,std,5.9413803110051795,5
edge_only,fault_alternate,detection_latency_ms_count,p95,1626.8,5
edge_only,fault_alternate,detection_latency_ms_count,min,1615.0,5
edge_only,fault_alternate,detection_latency_ms_count,max,1629.0,5
edge_only,fault_alternate,detection_latency_ms_max,count,5,5
edge_only,fault_alternate,detection_latency_ms_max,mean,86.90929412841797,5
edge_only,fault_alternate,detection_latency_ms_max,median,71.08330726623535,5
edge_only,fault_alternate,detection_latency_ms_max,std,39.706773632243,5
edge_only,fault_alternate,detection_latency_ms_max,p95,141.61906242370605,5
edge_only,fault_alternate,detection_latency_ms_max,min,60.373544692993164,5
edge_only,fault_alternate,detection_latency_ms_max,max,155.43889999389648,5
edge_only,fault_alternate,detection_latency_ms_mean,count,5,5
edge_only,fault_alternate,detection_latency_ms_mean,mean,4.647314450672417,5
edge_only,fault_alternate,detection_latency_ms_mean,median,4.572155158217108,5
edge_only,fault_alternate,detection_latency_ms_mean,std,0.1900500336293859,5
edge_only,fault_alternate,detection_latency_ms_mean,p95,4.9052572191188295,5
edge_only,fault_alternate,detection_latency_ms_mean,min,4.519067529694849,5
edge_only,fault_alternate,detection_latency_ms_mean,max,4.983934761923175,5
edge_only,fault_alternate,detection_latency_ms_median,count,5,5
edge_only,fault_alternate,detection_latency_ms_median,mean,4.016351699829102,5
edge_only,fault_alternate,detection_latency_ms_median,median,4.012823104858398,5
edge_only,fault_alternate,detection_latency_ms_median,std,0.0066295800367124885,5
edge_only,fault_alternate,detection_latency_ms_median,p95,4.025506973266602,5
edge_only,fault_alternate,detection_latency_ms_median,min,4.011869430541992,5
edge_only,fault_alternate,detection_latency_ms_median,max,4.027605056762695,5
edge_only,fault_alternate,detection_latency_ms_min,count,5,5
edge_only,fault_alternate,detection_latency_ms_min,mean,3.744649887084961,5
edge_only,fault_alternate,detection_latency_ms_min,median,3.7429332733154297,5
edge_only,fault_alternate,detection_latency_ms_min,std,0.030822644729232053,5
edge_only,fault_alternate,detection_latency_ms_min,p95,3.778696060180664,5
edge_only,fault_alternate,detection_latency_ms_min,min,3.699064254760742,5
edge_only,fault_alternate,detection_latency_ms_min,max,3.7844181060791016,5
edge_only,fault_alternate,detection_latency_ms_p95,count,5,5
edge_only,fault_alternate,detection_latency_ms_p95,mean,6.174843311309813,5
edge_only,fault_alternate,detection_latency_ms_p95,median,6.169366836547851,5
edge_only,fault_alternate,detection_latency_ms_p95,std,0.1612766572814762,5
edge_only,fault_alternate,detection_latency_ms_p95,p95,6.353425979614257,5
edge_only,fault_alternate,detection_latency_ms_p95,min,5.9616804122924805,5
edge_only,fault_alternate,detection_latency_ms_p95,max,6.3700079917907715,5
edge_only,fault_alternate,detection_latency_ms_std,count,5,5
edge_only,fault_alternate,detection_latency_ms_std,mean,4.058762450673637,5
edge_only,fault_alternate,detection_latency_ms_std,median,3.4203383055577845,5
edge_only,fault_alternate,detection_latency_ms_std,std,1.6680564019645767,5
edge_only,fault_alternate,detection_latency_ms_std,p95,6.320622677966015,5
edge_only,fault_alternate,detection_latency_ms_std,min,2.975242213431867,5
edge_only,fault_alternate,detection_latency_ms_std,max,7.019511875688018,5
edge_only,fault_alternate,detector_cpu_count,count,5,5
edge_only,fault_alternate,detector_cpu_count,mean,157.6,5
edge_only,fault_alternate,detector_cpu_count,median,158.0,5
edge_only,fault_alternate,detector_cpu_count,std,0.5477225575051661,5
edge_only,fault_alternate,detector_cpu_count,p95,158.0,5
edge_only,fault_alternate,detector_cpu_count,min,157.0,5
edge_only,fault_alternate,detector_cpu_count,max,158.0,5
edge_only,fault_alternate,detector_cpu_max,count,5,5
edge_only,fault_alternate,detector_cpu_max,mean,196.509,5
edge_only,fault_alternate,detector_cpu_max,median,186.897,5
edge_only,fault_alternate,detector_cpu_max,std,148.69218509222333,5
edge_only,fault_alternate,detector_cpu_max,p95,378.2962,5
edge_only,fault_alternate,detector_cpu_max,min,51.11,5
edge_only,fault_alternate,detector_cpu_max,max,403.378,5
edge_only,fault_alternate,detector_cpu_mean,count,5,5
edge_only,fault_alternate,detector_cpu_mean,mean,7.309773312908168,5
edge_only,fault_alternate,detector_cpu_mean,median,8.267012658227848,5
edge_only,fault_alternate,detector_cpu_mean,std,1.9427611928793085,5
edge_only,fault_alternate,detector_cpu_mean,p95,9.166659493670885,5
edge_only,fault_alternate,detector_cpu_mean,min,5.090573248407643,5
edge_only,fault_alternate,detector_cpu_mean,max,9.337120253164557,5
edge_only,fault_alternate,detector_cpu_median,count,5,5
edge_only,fault_alternate,detector_cpu_median,mean,3.7609000000000004,5
edge_only,fault_alternate,detector_cpu_median,median,3.773,5
edge_only,fault_alternate,detector_cpu_median,std,0.041222566635278894,5
edge_only,fault_alternate,detector_cpu_median,p95,3.8068000000000004,5
edge_only,fault_alternate,detector_cpu_median,min,3.717,5
edge_only,fault_alternate,detector_cpu_median,max,3.8135000000000003,5
edge_only,fault_alternate,detector_cpu_min,count,5,5
edge_only,fault_alternate,detector_cpu_min,mean,0.11320000000000001,5
edge_only,fault_alternate,detector_cpu_min,median,0.073,5
edge_only,fault_alternate,detector_cpu_min,std,0.0899427595751876,5
edge_only,fault_alternate,detector_cpu_min,p95,0.23479999999999995,5
edge_only,fault_alternate,detector_cpu_min,min,0.07,5
edge_only,fault_alternate,detector_cpu_min,max,0.274,5
edge_only,fault_alternate,detector_cpu_p95,count,5,5
edge_only,fault_alternate,detector_cpu_p95,mean,17.182589999999998,5
edge_only,fault_alternate,detector_cpu_p95,median,15.98430000000001,5
edge_only,fault_alternate,detector_cpu_p95,std,4.272602283503586,5
edge_only,fault_alternate,detector_cpu_p95,p95,22.841010000000004,5
edge_only,fault_alternate,detector_cpu_p95,min,12.803199999999984,5
edge_only,fault_alternate,detector_cpu_p95,max,24.032200000000003,5
edge_only,fault_alternate,detector_cpu_std,count,5,5
edge_only,fault_alternate,detector_cpu_std,mean,19.93163331249989,5
edge_only,fault_alternate,detector_cpu_std,median,21.253041366120893,5
edge_only,fault_alternate,detector_cpu_std,std,13.633149388101456,5
edge_only,fault_alternate,detector_cpu_std,p95,36.172420788061125,5
edge_only,fault_alternate,detector_cpu_std,min,6.407249424058679,5
edge_only,fault_alternate,detector_cpu_std,max,38.61352425337141,5
edge_only,fault_alternate,detector_memory_count,count,5,5
edge_only,fault_alternate,detector_memory_count,mean,157.6,5
edge_only,fault_alternate,detector_memory_count,median,158.0,5
edge_only,fault_alternate,detector_memory_count,std,0.5477225575051661,5
edge_only,fault_alternate,detector_memory_count,p95,158.0,5
edge_only,fault_alternate,detector_memory_count,min,157.0,5
edge_only,fault_alternate,detector_memory_count,max,158.0,5
edge_only,fault_alternate,detector_memory_max,count,5,5
edge_only,fault_alternate,detector_memory_max,mean,244834304.0,5
edge_only,fault_alternate,detector_memory_max,median,244310016.0,5
edge_only,fault_alternate,detector_memory_max,std,914220.4100106276,5
edge_only,fault_alternate,detector_memory_max,p95,246013132.8,5
edge_only,fault_alternate,detector_memory_max,min,244137984.0,5
edge_only,fault_alternate,detector_memory_max,max,246161408.0,5
edge_only,fault_alternate,detector_memory_mean,count,5,5
edge_only,fault_alternate,detector_memory_mean,mean,243912999.93046844,5
edge_only,fault_alternate,detector_memory_mean,median,243955072.81528664,5
edge_only,fault_alternate,detector_memory_mean,std,107760.28247917494,5
edge_only,fault_alternate,detector_memory_mean,p95,243976249.0329114,5
edge_only,fault_alternate,detector_memory_mean,min,243721954.83544305,5
edge_only,fault_alternate,detector_memory_mean,max,243977851.1392405,5
edge_only,fault_alternate,detector_memory_median,count,5,5
edge_only,fault_alternate,detector_memory_median,mean,243964723.2,5
edge_only,fault_alternate,detector_memory_median,median,243978240.0,5
edge_only,fault_alternate,detector_memory_median,std,31846.23536934939,5
edge_only,fault_alternate,detector_memory_median,p95,243997081.6,5
edge_only,fault_alternate,detector_memory_median,min,243929088.0,5
edge_only,fault_alternate,detector_memory_median,max,244000768.0,5
edge_only,fault_alternate,detector_memory_min,count,5,5
edge_only,fault_alternate,detector_memory_min,mean,241181491.2,5
edge_only,fault_alternate,detector_memory_min,median,243638272.0,5
edge_only,fault_alternate,detector_memory_min,std,5498110.248991666,5
edge_only,fault_alternate,detector_memory_min,p95,243645644.8,5
edge_only,fault_alternate,detector_memory_min,min,231346176.0,5
edge_only,fault_alternate,detector_memory_min,max,243646464.0,5
edge_only,fault_alternate,detector_memory_p95,count,5,5
edge_only,fault_alternate,detector_memory_p95,mean,244123361.28,5
edge_only,fault_alternate,detector_memory_p95,median,244122214.4,5
edge_only,fault_alternate,detector_memory_p95,std,6822.637744450205,5
edge_only,fault_alternate,detector_memory_p95,p95,244132249.6,5
edge_only,fault_alternate,detector_memory_p95,min,244117504.0,5
edge_only,fault_alternate,detector_memory_p95,max,244133888.0,5
edge_only,fault_alternate,detector_memory_std,count,5,5
edge_only,fault_alternate,detector_memory_std,mean,464998.85794159817,5
edge_only,fault_alternate,detector_memory_std,median,127902.81264166663,5
edge_only,fault_alternate,detector_memory_std,std,710486.137722887,5
edge_only,fault_alternate,detector_memory_std,p95,1430277.6051999994,5
edge_only,fault_alternate,detector_memory_std,min,122384.84110059025,5
edge_only,fault_alternate,detector_memory_std,max,1734036.817903252,5
edge_only,fault_alternate,detector_processing_ms_count,count,5,5
edge_only,fault_alternate,detector_processing_ms_count,mean,78.4,5
edge_only,fault_alternate,detector_processing_ms_count,median,77.0,5
edge_only,fault_alternate,detector_processing_ms_count,std,3.4351128074635335,5
edge_only,fault_alternate,detector_processing_ms_count,p95,82.6,5
edge_only,fault_alternate,detector_processing_ms_count,min,75.0,5
edge_only,fault_alternate,detector_processing_ms_count,max,83.0,5
edge_only,fault_alternate,detector_processing_ms_max,count,5,5
edge_only,fault_alternate,detector_processing_ms_max,mean,101.97491645812988,5
edge_only,fault_alternate,detector_processing_ms_max,median,101.35054588317871,5
edge_only,fault_alternate,detector_processing_ms_max,std,3.153138734447351,5
edge_only,fault_alternate,detector_processing_ms_max,p95,106.13813400268555,5
edge_only,fault_alternate,detector_processing_ms_max,min,98.7551212310791,5
edge_only,fault_alternate,detector_processing_ms_max,max,107.20634460449219,5
edge_only,fault_alternate,detector_processing_ms_mean,count,5,5
edge_only,fault_alternate,detector_processing_ms_mean,mean,49.01090523710018,5
edge_only,fault_alternate,detector_processing_ms_mean,median,46.931827223146115,5
edge_only,fault_alternate,detector_processing_ms_mean,std,4.23286982805113,5
edge_only,fault_alternate,detector_processing_ms_mean,p95,54.814346760879324,5
edge_only,fault_alternate,detector_processing_ms_mean,min,45.84946115332914,5
edge_only,fault_alternate,detector_processing_ms_mean,max,56.05124155680338,5
edge_only,fault_alternate,detector_processing_ms_median,count,5,5
edge_only,fault_alternate,detector_processing_ms_median,mean,48.297810554504395,5
edge_only,fault_alternate,detector_processing_ms_median,median,45.17865180969238,5
edge_only,fault_alternate,detector_processing_ms_median,std,9.345980211898137,5
edge_only,fault_alternate,detector_processing_ms_median,p95,60.95576286315918,5
edge_only,fault_alternate,detector_processing_ms_median,min,41.831016540527344,5
edge_only,fault_alternate,detector_processing_ms_median,max,64.81695175170898,5
edge_only,fault_alternate,detector_processing_ms_min,count,5,5
edge_only,fault_alternate,detector_processing_ms_min,mean,2.872037887573242,5
edge_only,fault_alternate,detector_processing_ms_min,median,2.9096603393554688,5
edge_only,fault_alternate,detector_processing_ms_min,std,0.09678948652037038,5
edge_only,fault_alternate,detector_processing_ms_min,p95,2.9600143432617188,5
edge_only,fault_alternate,detector_processing_ms_min,min,2.721071243286133,5
edge_only,fault_alternate,detector_processing_ms_min,max,2.9692649841308594,5
edge_only,fault_alternate,detector_processing_ms_p95,count,5,5
edge_only,fault_alternate,detector_processing_ms_p95,mean,96.94481134414673,5
edge_only,fault_alternate,detector_processing_ms_p95,median,96.63434028625487,5
edge_only,fault_alternate,detector_processing_ms_p95,std,2.2672948946881295,5
edge_only,fault_alternate,detector_processing_ms_p95,p95,99.38618659973145,5
edge_only,fault_alternate,detector_processing_ms_p95,min,94.05642747879028,5
edge_only,fault_alternate,detector_processing_ms_p95,max,99.5081901550293,5
edge_only,fault_alternate,detector_processing_ms_std,count,5,5
edge_only,fault_alternate,detector_processing_ms_std,mean,30.299768456926955,5
edge_only,fault_alternate,detector_processing_ms_std,median,29.896307589363534,5
edge_only,fault_alternate,detector_processing_ms_std,std,1.4619084177020487,5
edge_only,fault_alternate,detector_processing_ms_std,p95,32.201736752482915,5
edge_only,fault_alternate,detector_processing_ms_std,min,28.67307235117825,5
edge_only,fault_alternate,detector_processing_ms_std,max,32.588936346219576,5
edge_only,fault_alternate,diagnosis_latency_ms_count,count,5,5
edge_only,fault_alternate,diagnosis_latency_ms_count,mean,17.2,5
edge_only,fault_alternate,diagnosis_latency_ms_count,median,17.0,5
edge_only,fault_alternate,diagnosis_latency_ms_count,std,0.8366600265340756,5
edge_only,fault_alternate,diagnosis_latency_ms_count,p95,18.0,5
edge_only,fault_alternate,diagnosis_latency_ms_count,min,16.0,5
edge_only,fault_alternate,diagnosis_latency_ms_count,max,18.0,5
edge_only,fault_alternate,diagnosis_latency_ms_max,count,5,5
edge_only,fault_alternate,diagnosis_latency_ms_max,mean,154.8508644104004,5
edge_only,fault_alternate,diagnosis_latency_ms_max,median,35.3546142578125,5
edge_only,fault_alternate,diagnosis_latency_ms_max,std,213.158877205244,5
edge_only,fault_alternate,diagnosis_latency_ms_max,p95,450.17371177673334,5
edge_only,fault_alternate,diagnosis_latency_ms_max,min,26.13377571105957,5
edge_only,fault_alternate,diagnosis_latency_ms_max,max,523.72145652771,5
edge_only,fault_alternate,diagnosis_latency_ms_mean,count,5,5
edge_only,fault_alternate,diagnosis_latency_ms_mean,mean,30.182578497462803,5
edge_only,fault_alternate,diagnosis_latency_ms_mean,median,22.18244969844818,5
edge_only,fault_alternate,diagnosis_latency_ms_mean,std,16.216874858760182,5
edge_only,fault_alternate,diagnosis_latency_ms_mean,p95,52.599730211145726,5
edge_only,fault_alternate,diagnosis_latency_ms_mean,min,20.21148469712999,5
edge_only,fault_alternate,diagnosis_latency_ms_mean,max,58.59536283156451,5
edge_only,fault_alternate,diagnosis_latency_ms_median,count,5,5
edge_only,fault_alternate,diagnosis_latency_ms_median,mean,20.444536209106445,5
edge_only,fault_alternate,diagnosis_latency_ms_median,median,20.47860622406006,5
edge_only,fault_alternate,diagnosis_latency_ms_median,std,0.3472578615553487,5
edge_only,fault_alternate,diagnosis_latency_ms_median,p95,20.81160545349121,5
edge_only,fault_alternate,diagnosis_latency_ms_median,min,19.951939582824707,5
edge_only,fault_alternate,diagnosis_latency_ms_median,max,20.848512649536133,5
edge_only,fault_alternate,diagnosis_latency_ms_min,count,5,5
edge_only,fault_alternate,diagnosis_latency_ms_min,mean,17.509794235229492,5
edge_only,fault_alternate,diagnosis_latency_ms_min,median,17.752647399902344,5
edge_only,fault_alternate,diagnosis_latency_ms_min,std,0.6011982150534093,5
edge_only,fault_alternate,diagnosis_latency_ms_min,p95,17.985820770263672,5
edge_only,fault_alternate,diagnosis_latency_ms_min,min,16.55125617980957,5
edge_only,fault_alternate,diagnosis_latency_ms_min,max,17.99607276916504,5
edge_only,fault_alternate,diagnosis_latency_ms_p95,count,5,5
edge_only,fault_alternate,diagnosis_latency_ms_p95,mean,72.12975263595574,5
edge_only,fault_alternate,diagnosis_latency_ms_p95,median,27.445673942565918,5
edge_only,fault_alternate,diagnosis_latency_ms_p95,std,87.52745615958808,5
edge_only,fault_alternate,diagnosis_latency_ms_p95,p95,192.62885093688936,5
edge_only,fault_alternate,diagnosis_latency_ms_p95,min,25.22871494293213,5
edge_only,fault_alternate,diagnosis_latency_ms_p95,max,227.17909812927218,5
edge_only,fault_alternate,diagnosis_latency_ms_std,count,5,5
edge_only,fault_alternate,diagnosis_latency_ms_std,mean,33.390337813377336,5
edge_only,fault_alternate,diagnosis_latency_ms_std,median,4.138785822289851,5
edge_only,fault_alternate,diagnosis_latency_ms_std,std,52.28366385773782,5
edge_only,fault_alternate,diagnosis_latency_ms_std,p95,105.83104928191204,5
edge_only,fault_alternate,diagnosis_latency_ms_std,min,2.4552955538047665,5
edge_only,fault_alternate,diagnosis_latency_ms_std,max,124.06075971703798,5
edge_only,fault_alternate,e2e_latency_ms_count,count,5,5
edge_only,fault_alternate,e2e_latency_ms_count,mean,17.2,5
edge_only,fault_alternate,e2e_latency_ms_count,median,17.0,5
edge_only,fault_alternate,e2e_latency_ms_count,std,0.8366600265340756,5
edge_only,fault_alternate,e2e_latency_ms_count,p95,18.0,5
edge_only,fault_alternate,e2e_latency_ms_count,min,16.0,5
edge_only,fault_alternate,e2e_latency_ms_count,max,18.0,5
edge_only,fault_alternate,e2e_latency_ms_max,count,5,5
edge_only,fault_alternate,e2e_latency_ms_max,mean,10173.04482460022,5
edge_only,fault_alternate,e2e_latency_ms_max,median,10083.117961883545,5
edge_only,fault_alternate,e2e_latency_ms_max,std,216.8941965409155,5
edge_only,fault_alternate,e2e_latency_ms_max,p95,10467.4955368042,5
edge_only,fault_alternate,e2e_latency_ms_max,min,10062.178134918213,5
edge_only,fault_alternate,e2e_latency_ms_max,max,10560.164451599121,5
edge_only,fault_alternate,e2e_latency_ms_mean,count,5,5
edge_only,fault_alternate,e2e_latency_ms_mean,mean,9775.048485125591,5
edge_only,fault_alternate,e2e_latency_ms_mean,median,9655.66106637319,5
edge_only,fault_alternate,e2e_latency_ms_mean,std,192.0324717822164,5
edge_only,fault_alternate,e2e_latency_ms_mean,p95,10003.391040773953,5
edge_only,fault_alternate,e2e_latency_ms_mean,min,9600.203303729786,5
edge_only,fault_alternate,e2e_latency_ms_mean,max,10017.551645636559,5
edge_only,fault_alternate,e2e_latency_ms_median,count,5,5
edge_only,fault_alternate,e2e_latency_ms_median,mean,10013.146352767944,5
edge_only,fault_alternate,e2e_latency_ms_median,median,10014.878153800964,5
edge_only,fault_alternate,e2e_latency_ms_median,std,10.272676569099723,5
edge_only,fault_alternate,e2e_latency_ms_median,p95,10025.36928653717,5
edge_only,fault_alternate,e2e_latency_ms_median,min,10000.375986099243,5
edge_only,fault_alternate,e2e_latency_ms_median,max,10027.894020080566,5
edge_only,fault_alternate,e2e_latency_ms_min,count,5,5
edge_only,fault_alternate,e2e_latency_ms_min,mean,8174.520301818848,5
edge_only,fault_alternate,e2e_latency_ms_min,median,8197.150945663452,5
edge_only,fault_alternate,e2e_latency_ms_min,std,1535.6950860930128,5
edge_only,fault_alternate,e2e_latency_ms_min,p95,9857.032823562622,5
edge_only,fault_alternate,e2e_latency_ms_min,min,6624.2194175720215,5
edge_only,fault_alternate,e2e_latency_ms_min,max,9967.004537582397,5
edge_only,fault_alternate,e2e_latency_ms_p95,count,5,5
edge_only,fault_alternate,e2e_latency_ms_p95,mean,10098.55414390564,5
edge_only,fault_alternate,e2e_latency_ms_p95,median,10071.043109893799,5
edge_only,fault_alternate,e2e_latency_ms_p95,std,71.41418614410247,5
edge_only,fault_alternate,e2e_latency_ms_p95,p95,10195.658168792725,5
edge_only,fault_alternate,e2e_latency_ms_p95,min,10058.680498600006,5
edge_only,fault_alternate,e2e_latency_ms_p95,max,10225.738525390625,5
edge_only,fault_alternate,e2e_latency_ms_std,count,5,5
edge_only,fault_alternate,e2e_latency_ms_std,mean,631.7481005201835,5
edge_only,fault_alternate,e2e_latency_ms_std,median,792.1227037132887,5
edge_only,fault_alternate,e2e_latency_ms_std,std,492.44454841754845,5
edge_only,fault_alternate,e2e_latency_ms_std,p95,1072.7628083494023,5
edge_only,fault_alternate,e2e_latency_ms_std,min,31.348557591347074,5
edge_only,fault_alternate,e2e_latency_ms_std,max,1072.866481571647,5
edge_only,fault_alternate,escalated_samples,count,5,5
edge_only,fault_alternate,escalated_samples,mean,1549.0,5
edge_only,fault_alternate,escalated_samples,median,1534.0,5
edge_only,fault_alternate,escalated_samples,std,54.13871073455665,5
edge_only,fault_alternate,escalated_samples,p95,1602.0,5
edge_only,fault_alternate,escalated_samples,min,1474.0,5
edge_only,fault_alternate,escalated_samples,max,1602.0,5
edge_only,fault_alternate,estimated_cloud_data_bytes,count,5,5
edge_only,fault_alternate,estimated_cloud_data_bytes,mean,0.0,5
edge_only,fault_alternate,estimated_cloud_data_bytes,median,0.0,5
edge_only,fault_alternate,estimated_cloud_data_bytes,std,0.0,5
edge_only,fault_alternate,estimated_cloud_data_bytes,p95,0.0,5
edge_only,fault_alternate,estimated_cloud_data_bytes,min,0.0,5
edge_only,fault_alternate,estimated_cloud_data_bytes,max,0.0,5
edge_only,fault_alternate,estimated_cloud_data_bytes_per_minute,count,5,5
edge_only,fault_alternate,estimated_cloud_data_bytes_per_minute,mean,0.0,5
edge_only,fault_alternate,estimated_cloud_data_bytes_per_minute,median,0.0,5
edge_only,fault_alternate,estimated_cloud_data_bytes_per_minute,std,0.0,5
edge_only,fault_alternate,estimated_cloud_data_bytes_per_minute,p95,0.0,5
edge_only,fault_alternate,estimated_cloud_data_bytes_per_minute,min,0.0,5
edge_only,fault_alternate,estimated_cloud_data_bytes_per_minute,max,0.0,5
edge_only,fault_alternate,estimated_sample_bytes,count,5,5
edge_only,fault_alternate,estimated_sample_bytes,mean,977.33,5
edge_only,fault_alternate,estimated_sample_bytes,median,977.33,5
edge_only,fault_alternate,estimated_sample_bytes,std,0.0,5
edge_only,fault_alternate,estimated_sample_bytes,p95,977.33,5
edge_only,fault_alternate,estimated_sample_bytes,min,977.33,5
edge_only,fault_alternate,estimated_sample_bytes,max,977.33,5
edge_only,fault_alternate,measurement_seconds,count,5,5
edge_only,fault_alternate,measurement_seconds,mean,299.57500925064085,5
edge_only,fault_alternate,measurement_seconds,median,299.7845630645752,5
edge_only,fault_alternate,measurement_seconds,std,0.650989307040395,5
edge_only,fault_alternate,measurement_seconds,p95,300.0356394290924,5
edge_only,fault_alternate,measurement_seconds,min,298.45002007484436,5
edge_only,fault_alternate,measurement_seconds,max,300.0519640445709,5
edge_only,fault_alternate,normal_decisions,count,5,5
edge_only,fault_alternate,normal_decisions,mean,13.6,5
edge_only,fault_alternate,normal_decisions,median,14.0,5
edge_only,fault_alternate,normal_decisions,std,0.8944271909999159,5
edge_only,fault_alternate,normal_decisions,p95,14.0,5
edge_only,fault_alternate,normal_decisions,min,12.0,5
edge_only,fault_alternate,normal_decisions,max,14.0,5
edge_only,fault_alternate,orchestrator_cpu_count,count,5,5
edge_only,fault_alternate,orchestrator_cpu_count,mean,31.4,5
edge_only,fault_alternate,orchestrator_cpu_count,median,31.0,5
edge_only,fault_alternate,orchestrator_cpu_count,std,0.5477225575051661,5
edge_only,fault_alternate,orchestrator_cpu_count,p95,32.0,5
edge_only,fault_alternate,orchestrator_cpu_count,min,31.0,5
edge_only,fault_alternate,orchestrator_cpu_count,max,32.0,5
edge_only,fault_alternate,orchestrator_cpu_max,count,5,5
edge_only,fault_alternate,orchestrator_cpu_max,mean,0.638,5
edge_only,fault_alternate,orchestrator_cpu_max,median,0.0,5
edge_only,fault_alternate,orchestrator_cpu_max,std,1.426611369644866,5
edge_only,fault_alternate,orchestrator_cpu_max,p95,2.5519999999999996,5
edge_only,fault_alternate,orchestrator_cpu_max,min,0.0,5
edge_only,fault_alternate,orchestrator_cpu_max,max,3.19,5
edge_only,fault_alternate,orchestrator_cpu_mean,count,5,5
edge_only,fault_alternate,orchestrator_cpu_mean,mean,0.03376774193548387,5
edge_only,fault_alternate,orchestrator_cpu_mean,median,0.0,5
edge_only,fault_alternate,orchestrator_cpu_mean,std,0.07550696641441225,5
edge_only,fault_alternate,orchestrator_cpu_mean,p95,0.13507096774193544,5
edge_only,fault_alternate,orchestrator_cpu_mean,min,0.0,5
edge_only,fault_alternate,orchestrator_cpu_mean,max,0.16883870967741935,5
edge_only,fault_alternate,orchestrator_cpu_median,count,5,5
edge_only,fault_alternate,orchestrator_cpu_median,mean,0.0,5
edge_only,fault_alternate,orchestrator_cpu_median,median,0.0,5
edge_only,fault_alternate,orchestrator_cpu_median,std,0.0,5
edge_only,fault_alternate,orchestrator_cpu_median,p95,0.0,5
edge_only,fault_alternate,orchestrator_cpu_median,min,0.0,5
edge_only,fault_alternate,orchestrator_cpu_median,max,0.0,5
edge_only,fault_alternate,orchestrator_cpu_min,count,5,5
edge_only,fault_alternate,orchestrator_cpu_min,mean,0.0,5
edge_only,fault_alternate,orchestrator_cpu_min,median,0.0,5
edge_only,fault_alternate,orchestrator_cpu_min,std,0.0,5
edge_only,fault_alternate,orchestrator_cpu_min,p95,0.0,5
edge_only,fault_alternate,orchestrator_cpu_min,min,0.0,5
edge_only,fault_alternate,orchestrator_cpu_min,max,0.0,5
edge_only,fault_alternate,orchestrator_cpu_p95,count,5,5
edge_only,fault_alternate,orchestrator_cpu_p95,mean,0.2044,5
edge_only,fault_alternate,orchestrator_cpu_p95,median,0.0,5
edge_only,fault_alternate,orchestrator_cpu_p95,std,0.45705229460095703,5
edge_only,fault_alternate,orchestrator_cpu_p95,p95,0.8175999999999999,5
edge_only,fault_alternate,orchestrator_cpu_p95,min,0.0,5
edge_only,fault_alternate,orchestrator_cpu_p95,max,1.022,5
edge_only,fault_alternate,orchestrator_cpu_std,count,5,5
edge_only,fault_alternate,orchestrator_cpu_std,mean,0.13401658700100466,5
edge_only,fault_alternate,orchestrator_cpu_std,median,0.0,5
edge_only,fault_alternate,orchestrator_cpu_std,std,0.2996701986467611,5
edge_only,fault_alternate,orchestrator_cpu_std,p95,0.5360663480040185,5
edge_only,fault_alternate,orchestrator_cpu_std,min,0.0,5
edge_only,fault_alternate,orchestrator_cpu_std,max,0.6700829350050233,5
edge_only,fault_alternate,orchestrator_memory_count,count,5,5
edge_only,fault_alternate,orchestrator_memory_count,mean,31.4,5
edge_only,fault_alternate,orchestrator_memory_count,median,31.0,5
edge_only,fault_alternate,orchestrator_memory_count,std,0.5477225575051661,5
edge_only,fault_alternate,orchestrator_memory_count,p95,32.0,5
edge_only,fault_alternate,orchestrator_memory_count,min,31.0,5
edge_only,fault_alternate,orchestrator_memory_count,max,32.0,5
edge_only,fault_alternate,orchestrator_memory_max,count,5,5
edge_only,fault_alternate,orchestrator_memory_max,mean,24631705.6,5
edge_only,fault_alternate,orchestrator_memory_max,median,24096768.0,5
edge_only,fault_alternate,orchestrator_memory_max,std,1265795.2242652837,5
edge_only,fault_alternate,orchestrator_memory_max,p95,26343833.6,5
edge_only,fault_alternate,orchestrator_memory_max,min,23916544.0,5
edge_only,fault_alternate,orchestrator_memory_max,max,26890240.0,5
edge_only,fault_alternate,orchestrator_memory_mean,count,5,5
edge_only,fault_alternate,orchestrator_memory_mean,mean,23848209.341935482,5
edge_only,fault_alternate,orchestrator_memory_mean,median,23856128.0,5
edge_only,fault_alternate,orchestrator_memory_mean,std,78734.43861527948,5
edge_only,fault_alternate,orchestrator_memory_mean,p95,23930506.73548387,5
edge_only,fault_alternate,orchestrator_memory_mean,min,23727335.225806452,5
edge_only,fault_alternate,orchestrator_memory_mean,max,23943808.0,5
edge_only,fault_alternate,orchestrator_memory_median,count,5,5
edge_only,fault_alternate,orchestrator_memory_median,mean,23815782.4,5
edge_only,fault_alternate,orchestrator_memory_median,median,23834624.0,5
edge_only,fault_alternate,orchestrator_memory_median,std,64477.857631903375,5
edge_only,fault_alternate,orchestrator_memory_median,p95,23890329.6,5
edge_only,fault_alternate,orchestrator_memory_median,min,23744512.0,5
edge_only,fault_alternate,orchestrator_memory_median,max,23904256.0,5
edge_only,fault_alternate,orchestrator_memory_min,count,5,5
edge_only,fault_alternate,orchestrator_memory_min,mean,23642931.2,5
edge_only,fault_alternate,orchestrator_memory_min,median,23674880.0,5
edge_only,fault_alternate,orchestrator_memory_min,std,131436.29375176402,5
edge_only,fault_alternate,orchestrator_memory_min,p95,23797760.0,5
edge_only,fault_alternate,orchestrator_memory_min,min,23506944.0,5
edge_only,fault_alternate,orchestrator_memory_min,max,23826432.0,5
edge_only,fault_alternate,orchestrator_memory_p95,count,5,5
edge_only,fault_alternate,orchestrator_memory_p95,mean,23998136.32,5
edge_only,fault_alternate,orchestrator_memory_p95,median,24016896.0,5
edge_only,fault_alternate,orchestrator_memory_p95,std,84021.50568438967,5
edge_only,fault_alternate,orchestrator_memory_p95,p95,24085667.84,5
edge_only,fault_alternate,orchestrator_memory_p95,min,23883776.0,5
edge_only,fault_alternate,orchestrator_memory_p95,max,24094515.2,5
edge_only,fault_alternate,orchestrator_memory_std,count,5,5
edge_only,fault_alternate,orchestrator_memory_std,mean,185732.4458914746,5
edge_only,fault_alternate,orchestrator_memory_std,median,89688.2470496481,5
edge_only,fault_alternate,orchestrator_memory_std,std,215283.9857003978,5
edge_only,fault_alternate,orchestrator_memory_std,p95,477401.90997267445,5
edge_only,fault_alternate,orchestrator_memory_std,min,75012.65124116036,5
edge_only,fault_alternate,orchestrator_memory_std,max,570354.603097429,5
edge_only,fault_alternate,orchestrator_processing_ms_count,count,5,5
edge_only,fault_alternate,orchestrator_processing_ms_count,mean,31.4,5
edge_only,fault_alternate,orchestrator_processing_ms_count,median,31.0,5
edge_only,fault_alternate,orchestrator_processing_ms_count,std,0.5477225575051661,5
edge_only,fault_alternate,orchestrator_processing_ms_count,p95,32.0,5
edge_only,fault_alternate,orchestrator_processing_ms_count,min,31.0,5
edge_only,fault_alternate,orchestrator_processing_ms_count,max,32.0,5
edge_only,fault_alternate,orchestrator_processing_ms_max,count,5,5
edge_only,fault_alternate,orchestrator_processing_ms_max,mean,99.65176582336426,5
edge_only,fault_alternate,orchestrator_processing_ms_max,median,32.51075744628906,5
edge_only,fault_alternate,orchestrator_processing_ms_max,std,156.84822610743947,5
edge_only,fault_alternate,orchestrator_processing_ms_max,p95,310.9310150146484,5
edge_only,fault_alternate,orchestrator_processing_ms_max,min,23.761272430419922,5
edge_only,fault_alternate,orchestrator_processing_ms_max,max,380.13577461242676,5
edge_only,fault_alternate,orchestrator_processing_ms_mean,count,5,5
edge_only,fault_alternate,orchestrator_processing_ms_mean,mean,14.256421212227114,5
edge_only,fault_alternate,orchestrator_processing_ms_mean,median,11.21180288253292,5
edge_only,fault_alternate,orchestrator_processing_ms_mean,std,6.967505714307825,5
edge_only,fault_alternate,orchestrator_processing_ms_mean,p95,23.6993009044278,5
edge_only,fault_alternate,orchestrator_processing_ms_mean,min,10.813891887664795,5
edge_only,fault_alternate,orchestrator_processing_ms_mean,max,26.705241972400295,5
edge_only,fault_alternate,orchestrator_processing_ms_median,count,5,5
edge_only,fault_alternate,orchestrator_processing_ms_median,mean,17.608952522277832,5
edge_only,fault_alternate,orchestrator_processing_ms_median,median,17.81439781188965,5
edge_only,fault_alternate,orchestrator_processing_ms_median,std,0.4972486659132452,5
edge_only,fault_alternate,orchestrator_processing_ms_median,p95,18.098163604736328,5
edge_only,fault_alternate,orchestrator_processing_ms_median,min,16.907095909118652,5
edge_only,fault_alternate,orchestrator_processing_ms_median,max,18.158435821533203,5
edge_only,fault_alternate,orchestrator_processing_ms_min,count,5,5
edge_only,fault_alternate,orchestrator_processing_ms_min,mean,0.07538795471191406,5
edge_only,fault_alternate,orchestrator_processing_ms_min,median,0.07605552673339844,5
edge_only,fault_alternate,orchestrator_processing_ms_min,std,0.0019471661557288569,5
edge_only,fault_alternate,orchestrator_processing_ms_min,p95,0.07696151733398438,5
edge_only,fault_alternate,orchestrator_processing_ms_min,min,0.07224082946777344,5
edge_only,fault_alternate,orchestrator_processing_ms_min,max,0.07700920104980469,5
edge_only,fault_alternate,orchestrator_processing_ms_p95,count,5,5
edge_only,fault_alternate,orchestrator_processing_ms_p95,mean,36.463072299957275,5
edge_only,fault_alternate,orchestrator_processing_ms_p95,median,25.88176727294922,5
edge_only,fault_alternate,orchestrator_processing_ms_p95,std,27.49735618892502,5
edge_only,fault_alternate,orchestrator_processing_ms_p95,p95,73.61643314361571,5
edge_only,fault_alternate,orchestrator_processing_ms_p95,min,21.034610271453857,5
edge_only,fault_alternate,orchestrator_processing_ms_p95,max,85.51990985870361,5
edge_only,fault_alternate,orchestrator_processing_ms_std,count,5,5
edge_only,fault_alternate,orchestrator_processing_ms_std,mean,22.528857759130503,5
edge_only,fault_alternate,orchestrator_processing_ms_std,median,10.830146164459347,5
edge_only,fault_alternate,orchestrator_processing_ms_std,std,26.847062397177645,5
edge_only,fault_alternate,orchestrator_processing_ms_std,p95,58.61117758055325,5
edge_only,fault_alternate,orchestrator_processing_ms_std,min,9.700516712906362,5
edge_only,fault_alternate,orchestrator_processing_ms_std,max,70.54666970860639,5
edge_only,fault_alternate,sensor-generator_cpu_count,count,5,5
edge_only,fault_alternate,sensor-generator_cpu_count,mean,68.0,5
edge_only,fault_alternate,sensor-generator_cpu_count,median,68.0,5
edge_only,fault_alternate,sensor-generator_cpu_count,std,0.0,5
edge_only,fault_alternate,sensor-generator_cpu_count,p95,68.0,5
edge_only,fault_alternate,sensor-generator_cpu_count,min,68.0,5
edge_only,fault_alternate,sensor-generator_cpu_count,max,68.0,5
edge_only,fault_alternate,sensor-generator_cpu_max,count,5,5
edge_only,fault_alternate,sensor-generator_cpu_max,mean,97.9868,5
edge_only,fault_alternate,sensor-generator_cpu_max,median,97.877,5
edge_only,fault_alternate,sensor-generator_cpu_max,std,3.8055708770170047,5
edge_only,fault_alternate,sensor-generator_cpu_max,p95,101.55239999999999,5
edge_only,fault_alternate,sensor-generator_cpu_max,min,92.096,5
edge_only,fault_alternate,sensor-generator_cpu_max,max,101.695,5
edge_only,fault_alternate,sensor-generator_cpu_mean,count,5,5
edge_only,fault_alternate,sensor-generator_cpu_mean,mean,56.08269705882353,5
edge_only,fault_alternate,sensor-generator_cpu_mean,median,55.59347058823529,5
edge_only,fault_alternate,sensor-generator_cpu_mean,std,0.8505227860442375,5
edge_only,fault_alternate,sensor-generator_cpu_mean,p95,57.04517352941177,5
edge_only,fault_alternate,sensor-generator_cpu_mean,min,55.281308823529415,5
edge_only,fault_alternate,sensor-generator_cpu_mean,max,57.07258823529412,5
edge_only,fault_alternate,sensor-generator_cpu_median,count,5,5
edge_only,fault_alternate,sensor-generator_cpu_median,mean,63.227000000000004,5
edge_only,fault_alternate,sensor-generator_cpu_median,median,63.8495,5
edge_only,fault_alternate,sensor-generator_cpu_median,std,1.1069254152832537,5
edge_only,fault_alternate,sensor-generator_cpu_median,p95,64.04950000000001,5
edge_only,fault_alternate,sensor-generator_cpu_median,min,61.47,5
edge_only,fault_alternate,sensor-generator_cpu_median,max,64.075,5
edge_only,fault_alternate,sensor-generator_cpu_min,count,5,5
edge_only,fault_alternate,sensor-generator_cpu_min,mean,0.1566,5
edge_only,fault_alternate,sensor-generator_cpu_min,median,0.072,5
edge_only,fault_alternate,sensor-generator_cpu_min,std,0.19316262578459634,5
edge_only,fault_alternate,sensor-generator_cpu_min,p95,0.4171999999999999,5
edge_only,fault_alternate,sensor-generator_cpu_min,min,0.063,5
edge_only,fault_alternate,sensor-generator_cpu_min,max,0.502,5
edge_only,fault_alternate,sensor-generator_cpu_p95,count,5,5
edge_only,fault_alternate,sensor-generator_cpu_p95,mean,91.45509,5
edge_only,fault_alternate,sensor-generator_cpu_p95,median,90.8946,5
edge_only,fault_alternate,sensor-generator_cpu_p95,std,1.2243893311565566,5
edge_only,fault_alternate,sensor-generator_cpu_p95,p95,93.10135,5
edge_only,fault_alternate,sensor-generator_cpu_p95,min,90.32915,5
edge_only,fault_alternate,sensor-generator_cpu_p95,max,93.42245,5
edge_only,fault_alternate,sensor-generator_cpu_std,count,5,5
edge_only,fault_alternate,sensor-generator_cpu_std,mean,29.922523171664814,5
edge_only,fault_alternate,sensor-generator_cpu_std,median,29.991080691581395,5
edge_only,fault_alternate,sensor-generator_cpu_std,std,1.3518541909849984,5
edge_only,fault_alternate,sensor-generator_cpu_std,p95,31.368394619135636,5
edge_only,fault_alternate,sensor-generator_cpu_std,min,28.285588962630882,5
edge_only,fault_alternate,sensor-generator_cpu_std,max,31.460229537375234,5
edge_only,fault_alternate,sensor-generator_memory_count,count,5,5
edge_only,fault_alternate,sensor-generator_memory_count,mean,68.0,5
edge_only,fault_alternate,sensor-generator_memory_count,median,68.0,5
edge_only,fault_alternate,sensor-generator_memory_count,std,0.0,5
edge_only,fault_alternate,sensor-generator_memory_count,p95,68.0,5
edge_only,fault_alternate,sensor-generator_memory_count,min,68.0,5
edge_only,fault_alternate,sensor-generator_memory_count,max,68.0,5
edge_only,fault_alternate,sensor-generator_memory_max,count,5,5
edge_only,fault_alternate,sensor-generator_memory_max,mean,85195161.6,5
edge_only,fault_alternate,sensor-generator_memory_max,median,84770816.0,5
edge_only,fault_alternate,sensor-generator_memory_max,std,685530.1820786594,5
edge_only,fault_alternate,sensor-generator_memory_max,p95,86093824.0,5
edge_only,fault_alternate,sensor-generator_memory_max,min,84660224.0,5
edge_only,fault_alternate,sensor-generator_memory_max,max,86220800.0,5
edge_only,fault_alternate,sensor-generator_memory_mean,count,5,5
edge_only,fault_alternate,sensor-generator_memory_mean,mean,84505985.50588235,5
edge_only,fault_alternate,sensor-generator_memory_mean,median,84517526.58823529,5
edge_only,fault_alternate,sensor-generator_memory_mean,std,72944.05330979396,5
edge_only,fault_alternate,sensor-generator_memory_mean,p95,84578207.6235294,5
edge_only,fault_alternate,sensor-generator_memory_mean,min,84391936.0,5
edge_only,fault_alternate,sensor-generator_memory_mean,max,84587158.58823529,5
edge_only,fault_alternate,sensor-generator_memory_median,count,5,5
edge_only,fault_alternate,sensor-generator_memory_median,mean,84513177.6,5
edge_only,fault_alternate,sensor-generator_memory_median,median,84518912.0,5
edge_only,fault_alternate,sensor-generator_memory_median,std,52999.29611608064,5
edge_only,fault_alternate,sensor-generator_memory_median,p95,84570931.2,5
edge_only,fault_alternate,sensor-generator_memory_median,min,84447232.0,5
edge_only,fault_alternate,sensor-generator_memory_median,max,84576256.0,5
edge_only,fault_alternate,sensor-generator_memory_min,count,5,5
edge_only,fault_alternate,sensor-generator_memory_min,mean,84122828.8,5
edge_only,fault_alternate,sensor-generator_memory_min,median,84283392.0,5
edge_only,fault_alternate,sensor-generator_memory_min,std,373471.2045917329,5
edge_only,fault_alternate,sensor-generator_memory_min,p95,84311244.8,5
edge_only,fault_alternate,sensor-generator_memory_min,min,83456000.0,5
edge_only,fault_alternate,sensor-generator_memory_min,max,84312064.0,5
edge_only,fault_alternate,sensor-generator_memory_p95,count,5,5
edge_only,fault_alternate,sensor-generator_memory_p95,mean,84692008.96,5
edge_only,fault_alternate,sensor-generator_memory_p95,median,84694220.8,5
edge_only,fault_alternate,sensor-generator_memory_p95,std,34331.46888276267,5
edge_only,fault_alternate,sensor-generator_memory_p95,p95,84734443.52,5
edge_only,fault_alternate,sensor-generator_memory_p95,min,84657356.8,5
edge_only,fault_alternate,sensor-generator_memory_p95,max,84742144.0,5
edge_only,fault_alternate,sensor-generator_memory_std,count,5,5
edge_only,fault_alternate,sensor-generator_memory_std,mean,167478.551765039,5
edge_only,fault_alternate,sensor-generator_memory_std,median,165125.82149254886,5
edge_only,fault_alternate,sensor-generator_memory_std,std,61074.970198280025,5
edge_only,fault_alternate,sensor-generator_memory_std,p95,230284.97050224003,5
edge_only,fault_alternate,sensor-generator_memory_std,min,98276.2758681411,5
edge_only,fault_alternate,sensor-generator_memory_std,max,231300.75175388093,5
edge_only,fault_alternate,sensor-generator_processing_ms_count,count,5,5
edge_only,fault_alternate,sensor-generator_processing_ms_count,mean,68.0,5
edge_only,fault_alternate,sensor-generator_processing_ms_count,median,68.0,5
edge_only,fault_alternate,sensor-generator_processing_ms_count,std,0.0,5
edge_only,fault_alternate,sensor-generator_processing_ms_count,p95,68.0,5
edge_only,fault_alternate,sensor-generator_processing_ms_count,min,68.0,5
edge_only,fault_alternate,sensor-generator_processing_ms_count,max,68.0,5
edge_only,fault_alternate,sensor-generator_processing_ms_max,count,5,5
edge_only,fault_alternate,sensor-generator_processing_ms_max,mean,0.060558319091796875,5
edge_only,fault_alternate,sensor-generator_processing_ms_max,median,0.026941299438476562,5
edge_only,fault_alternate,sensor-generator_processing_ms_max,std,0.07805596344217575,5
edge_only,fault_alternate,sensor-generator_processing_ms_max,p95,0.1667976379394531,5
edge_only,fault_alternate,sensor-generator_processing_ms_max,min,0.019788742065429688,5
edge_only,fault_alternate,sensor-generator_processing_ms_max,max,0.19979476928710938,5
edge_only,fault_alternate,sensor-generator_processing_ms_mean,count,5,5
edge_only,fault_alternate,sensor-generator_processing_ms_mean,mean,0.01009842928718118,5
edge_only,fault_alternate,sensor-generator_processing_ms_mean,median,0.009505187763887294,5
edge_only,fault_alternate,sensor-generator_processing_ms_mean,std,0.0013609336056181977,5
edge_only,fault_alternate,sensor-generator_processing_ms_mean,p95,0.011971417595358455,5
edge_only,fault_alternate,sensor-generator_processing_ms_mean,min,0.009210670695585363,5
edge_only,fault_alternate,sensor-generator_processing_ms_mean,max,0.01249243231380687,5
edge_only,fault_alternate,sensor-generator_processing_ms_median,count,5,5
edge_only,fault_alternate,sensor-generator_processing_ms_median,mean,0.008034706115722656,5
edge_only,fault_alternate,sensor-generator_processing_ms_median,median,0.008106231689453125,5
edge_only,fault_alternate,sensor-generator_processing_ms_median,std,0.0001066240299940009,5
edge_only,fault_alternate,sensor-generator_processing_ms_median,p95,0.008106231689453125,5
edge_only,fault_alternate,sensor-generator_processing_ms_median,min,0.007867813110351562,5
edge_only,fault_alternate,sensor-generator_processing_ms_median,max,0.008106231689453125,5
edge_only,fault_alternate,sensor-generator_processing_ms_min,count,5,5
edge_only,fault_alternate,sensor-generator_processing_ms_min,mean,0.006866455078125,5
edge_only,fault_alternate,sensor-generator_processing_ms_min,median,0.0069141387939453125,5
edge_only,fault_alternate,sensor-generator_processing_ms_min,std,0.0001066240299940009,5
edge_only,fault_alternate,sensor-generator_processing_ms_min,p95,0.0069141387939453125,5
edge_only,fault_alternate,sensor-generator_processing_ms_min,min,0.00667572021484375,5
edge_only,fault_alternate,sensor-generator_processing_ms_min,max,0.0069141387939453125,5
edge_only,fault_alternate,sensor-generator_processing_ms_p95,count,5,5
edge_only,fault_alternate,sensor-generator_processing_ms_p95,mean,0.01901388168334961,5
edge_only,fault_alternate,sensor-generator_processing_ms_p95,median,0.018513202667236328,5
edge_only,fault_alternate,sensor-generator_processing_ms_p95,std,0.0011800214401734678,5
edge_only,fault_alternate,sensor-generator_processing_ms_p95,p95,0.02059221267700195,5
edge_only,fault_alternate,sensor-generator_processing_ms_p95,min,0.018024444580078125,5
edge_only,fault_alternate,sensor-generator_processing_ms_p95,max,0.020873546600341793,5
edge_only,fault_alternate,sensor-generator_processing_ms_std,count,5,5
edge_only,fault_alternate,sensor-generator_processing_ms_std,mean,0.00769069647545725,5
edge_only,fault_alternate,sensor-generator_processing_ms_std,median,0.0036525040848333222,5
edge_only,fault_alternate,sensor-generator_processing_ms_std,std,0.008801755802776812,5
edge_only,fault_alternate,sensor-generator_processing_ms_std,p95,0.019661664482325893,5
edge_only,fault_alternate,sensor-generator_processing_ms_std,min,0.0031535521046984027,5
edge_only,fault_alternate,sensor-generator_processing_ms_std,max,0.02340257761262101,5
edge_only,fault_alternate,uncertain_decisions,count,5,5
edge_only,fault_alternate,uncertain_decisions,mean,0.6,5
edge_only,fault_alternate,uncertain_decisions,median,0.0,5
edge_only,fault_alternate,uncertain_decisions,std,1.3416407864998738,5
edge_only,fault_alternate,uncertain_decisions,p95,2.3999999999999995,5
edge_only,fault_alternate,uncertain_decisions,min,0.0,5
edge_only,fault_alternate,uncertain_decisions,max,3.0,5
edge_only,fault_free,anomaly_decisions,count,5,5
edge_only,fault_free,anomaly_decisions,mean,0.0,5
edge_only,fault_free,anomaly_decisions,median,0.0,5
edge_only,fault_free,anomaly_decisions,std,0.0,5
edge_only,fault_free,anomaly_decisions,p95,0.0,5
edge_only,fault_free,anomaly_decisions,min,0.0,5
edge_only,fault_free,anomaly_decisions,max,0.0,5
edge_only,fault_free,anomaly_events,count,5,5
edge_only,fault_free,anomaly_events,mean,34.0,5
edge_only,fault_free,anomaly_events,median,34.0,5
edge_only,fault_free,anomaly_events,std,0.0,5
edge_only,fault_free,anomaly_events,p95,34.0,5
edge_only,fault_free,anomaly_events,min,34.0,5
edge_only,fault_free,anomaly_events,max,34.0,5
edge_only,fault_free,classifier_correct_count,count,5,5
edge_only,fault_free,classifier_correct_count,mean,0.0,5
edge_only,fault_free,classifier_correct_count,median,0.0,5
edge_only,fault_free,classifier_correct_count,std,0.0,5
edge_only,fault_free,classifier_correct_count,p95,0.0,5
edge_only,fault_free,classifier_correct_count,min,0.0,5
edge_only,fault_free,classifier_correct_count,max,0.0,5
edge_only,fault_free,classifier_cpu_count,count,5,5
edge_only,fault_free,classifier_cpu_count,mean,159.8,5
edge_only,fault_free,classifier_cpu_count,median,160.0,5
edge_only,fault_free,classifier_cpu_count,std,0.8366600265340756,5
edge_only,fault_free,classifier_cpu_count,p95,160.8,5
edge_only,fault_free,classifier_cpu_count,min,159.0,5
edge_only,fault_free,classifier_cpu_count,max,161.0,5
edge_only,fault_free,classifier_cpu_max,count,5,5
edge_only,fault_free,classifier_cpu_max,mean,10.4686,5
edge_only,fault_free,classifier_cpu_max,median,7.519,5
edge_only,fault_free,classifier_cpu_max,std,6.5097288960447495,5
edge_only,fault_free,classifier_cpu_max,p95,19.433799999999998,5
edge_only,fault_free,classifier_cpu_max,min,6.059,5
edge_only,fault_free,classifier_cpu_max,max,21.494,5
edge_only,fault_free,classifier_cpu_mean,count,5,5
edge_only,fault_free,classifier_cpu_mean,mean,1.3781570130669167,5
edge_only,fault_free,classifier_cpu_mean,median,1.35744375,5
edge_only,fault_free,classifier_cpu_mean,std,0.0800580544876068,5
edge_only,fault_free,classifier_cpu_mean,p95,1.4862821698113207,5
edge_only,fault_free,classifier_cpu_mean,min,1.3120310559006212,5
edge_only,fault_free,classifier_cpu_mean,max,1.51066875,5
edge_only,fault_free,classifier_cpu_median,count,5,5
edge_only,fault_free,classifier_cpu_median,mean,0.1925,5
edge_only,fault_free,classifier_cpu_median,median,0.192,5
edge_only,fault_free,classifier_cpu_median,std,0.0012247448713915902,5
edge_only,fault_free,classifier_cpu_median,p95,0.19390000000000002,5
edge_only,fault_free,classifier_cpu_median,min,0.191,5
edge_only,fault_free,classifier_cpu_median,max,0.194,5
edge_only,fault_free,classifier_cpu_min,count,5,5
edge_only,fault_free,classifier_cpu_min,mean,0.1706,5
edge_only,fault_free,classifier_cpu_min,median,0.17,5
edge_only,fault_free,classifier_cpu_min,std,0.0021908902300206558,5
edge_only,fault_free,classifier_cpu_min,p95,0.1734,5
edge_only,fault_free,classifier_cpu_min,min,0.168,5
edge_only,fault_free,classifier_cpu_min,max,0.174,5
edge_only,fault_free,classifier_cpu_p95,count,5,5
edge_only,fault_free,classifier_cpu_p95,mean,5.95885,5
edge_only,fault_free,classifier_cpu_p95,median,5.9371,5
edge_only,fault_free,classifier_cpu_p95,std,0.05624795551840073,5
edge_only,fault_free,classifier_cpu_p95,p95,6.03604,5
edge_only,fault_free,classifier_cpu_p95,min,5.9238,5
edge_only,fault_free,classifier_cpu_p95,max,6.05805,5
edge_only,fault_free,classifier_cpu_std,count,5,5
edge_only,fault_free,classifier_cpu_std,mean,2.3946708526305915,5
edge_only,fault_free,classifier_cpu_std,median,2.252547020658948,5
edge_only,fault_free,classifier_cpu_std,std,0.2624193619381349,5
edge_only,fault_free,classifier_cpu_std,p95,2.7576888139057676,5
edge_only,fault_free,classifier_cpu_std,min,2.245612207672161,5
edge_only,fault_free,classifier_cpu_std,max,2.85507696031679,5
edge_only,fault_free,classifier_ground_truth_count,count,5,5
edge_only,fault_free,classifier_ground_truth_count,mean,0.0,5
edge_only,fault_free,classifier_ground_truth_count,median,0.0,5
edge_only,fault_free,classifier_ground_truth_count,std,0.0,5
edge_only,fault_free,classifier_ground_truth_count,p95,0.0,5
edge_only,fault_free,classifier_ground_truth_count,min,0.0,5
edge_only,fault_free,classifier_ground_truth_count,max,0.0,5
edge_only,fault_free,classifier_memory_count,count,5,5
edge_only,fault_free,classifier_memory_count,mean,159.8,5
edge_only,fault_free,classifier_memory_count,median,160.0,5
edge_only,fault_free,classifier_memory_count,std,0.8366600265340756,5
edge_only,fault_free,classifier_memory_count,p95,160.8,5
edge_only,fault_free,classifier_memory_count,min,159.0,5
edge_only,fault_free,classifier_memory_count,max,161.0,5
edge_only,fault_free,classifier_memory_max,count,5,5
edge_only,fault_free,classifier_memory_max,mean,343262822.4,5
edge_only,fault_free,classifier_memory_max,median,343805952.0,5
edge_only,fault_free,classifier_memory_max,std,1786721.493027047,5
edge_only,fault_free,classifier_memory_max,p95,345120768.0,5
edge_only,fault_free,classifier_memory_max,min,340639744.0,5
edge_only,fault_free,classifier_memory_max,max,345427968.0,5
edge_only,fault_free,classifier_memory_mean,count,5,5
edge_only,fault_free,classifier_memory_mean,mean,338246259.38770735,5
edge_only,fault_free,classifier_memory_mean,median,338246726.8427673,5
edge_only,fault_free,classifier_memory_mean,std,29299.049488239423,5
edge_only,fault_free,classifier_memory_mean,p95,338279620.2772671,5
edge_only,fault_free,classifier_memory_mean,min,338204401.509434,5
edge_only,fault_free,classifier_memory_mean,max,338285900.8,5
edge_only,fault_free,classifier_memory_median,count,5,5
edge_only,fault_free,classifier_memory_median,mean,338196070.4,5
edge_only,fault_free,classifier_memory_median,median,338194432.0,5
edge_only,fault_free,classifier_memory_median,std,14654.295097342621,5
edge_only,fault_free,classifier_memory_median,p95,338213273.6,5
edge_only,fault_free,classifier_memory_median,min,338182144.0,5
edge_only,fault_free,classifier_memory_median,max,338214912.0,5
edge_only,fault_free,classifier_memory_min,count,5,5
edge_only,fault_free,classifier_memory_min,mean,337957683.2,5
edge_only,fault_free,classifier_memory_min,median,337948672.0,5
edge_only,fault_free,classifier_memory_min,std,24982.242397350965,5
edge_only,fault_free,classifier_memory_min,p95,337991270.4,5
edge_only,fault_free,classifier_memory_min,min,337936384.0,5
edge_only,fault_free,classifier_memory_min,max,337997824.0,5
edge_only,fault_free,classifier_memory_p95,count,5,5
edge_only,fault_free,classifier_memory_p95,mean,338419302.4,5
edge_only,fault_free,classifier_memory_p95,median,338432000.0,5
edge_only,fault_free,classifier_memory_p95,std,21718.941027585406,5
edge_only,fault_free,classifier_memory_p95,p95,338436628.47999996,5
edge_only,fault_free,classifier_memory_p95,min,338392268.8,5
edge_only,fault_free,classifier_memory_p95,max,338436710.4,5
edge_only,fault_free,classifier_memory_std,count,5,5
edge_only,fault_free,classifier_memory_std,mean,437671.4253651415,5
edge_only,fault_free,classifier_memory_std,median,455682.9785875154,5
edge_only,fault_free,classifier_memory_std,std,138741.85126218025,5
edge_only,fault_free,classifier_memory_std,p95,576304.8110798427,5
edge_only,fault_free,classifier_memory_std,min,224256.98998966828,5
edge_only,fault_free,classifier_memory_std,max,591338.5775509364,5
edge_only,fault_free,classifier_processing_ms_count,count,5,5
edge_only,fault_free,classifier_processing_ms_count,mean,0.0,5
edge_only,fault_free,classifier_processing_ms_count,median,0.0,5
edge_only,fault_free,classifier_processing_ms_count,std,0.0,5
edge_only,fault_free,classifier_processing_ms_count,p95,0.0,5
edge_only,fault_free,classifier_processing_ms_count,min,0.0,5
edge_only,fault_free,classifier_processing_ms_count,max,0.0,5
edge_only,fault_free,cloud_escalations,count,5,5
edge_only,fault_free,cloud_escalations,mean,0.0,5
edge_only,fault_free,cloud_escalations,median,0.0,5
edge_only,fault_free,cloud_escalations,std,0.0,5
edge_only,fault_free,cloud_escalations,p95,0.0,5
edge_only,fault_free,cloud_escalations,min,0.0,5
edge_only,fault_free,cloud_escalations,max,0.0,5
edge_only,fault_free,decision_time_ms_count,count,5,5
edge_only,fault_free,decision_time_ms_count,mean,32.0,5
edge_only,fault_free,decision_time_ms_count,median,32.0,5
edge_only,fault_free,decision_time_ms_count,std,0.0,5
edge_only,fault_free,decision_time_ms_count,p95,32.0,5
edge_only,fault_free,decision_time_ms_count,min,32.0,5
edge_only,fault_free,decision_time_ms_count,max,32.0,5
edge_only,fault_free,decision_time_ms_max,count,5,5
edge_only,fault_free,decision_time_ms_max,mean,0.17523765563964844,5
edge_only,fault_free,decision_time_ms_max,median,0.156402587890625,5
edge_only,fault_free,decision_time_ms_max,std,0.04419530673256669,5
edge_only,fault_free,decision_time_ms_max,p95,0.23474693298339844,5
edge_only,fault_free,decision_time_ms_max,min,0.141143798828125,5
edge_only,fault_free,decision_time_ms_max,max,0.24580955505371094,5
edge_only,fault_free,decision_time_ms_mean,count,5,5
edge_only,fault_free,decision_time_ms_mean,mean,0.09353458881378174,5
edge_only,fault_free,decision_time_ms_mean,median,0.09402632713317871,5
edge_only,fault_free,decision_time_ms_mean,std,0.0036571992805752057,5
edge_only,fault_free,decision_time_ms_mean,p95,0.09780377149581909,5
edge_only,fault_free,decision_time_ms_mean,min,0.08949637413024902,5
edge_only,fault_free,decision_time_ms_mean,max,0.09842216968536377,5
edge_only,fault_free,decision_time_ms_median,count,5,5
edge_only,fault_free,decision_time_ms_median,mean,0.08437633514404297,5
edge_only,fault_free,decision_time_ms_median,median,0.0845193862915039,5
edge_only,fault_free,decision_time_ms_median,std,0.0025863196466109103,5
edge_only,fault_free,decision_time_ms_median,p95,0.08721351623535156,5
edge_only,fault_free,decision_time_ms_median,min,0.08094310760498047,5
edge_only,fault_free,decision_time_ms_median,max,0.08749961853027344,5
edge_only,fault_free,decision_time_ms_min,count,5,5
edge_only,fault_free,decision_time_ms_min,mean,0.07061958312988281,5
edge_only,fault_free,decision_time_ms_min,median,0.0705718994140625,5
edge_only,fault_free,decision_time_ms_min,std,0.001208666978419931,5
edge_only,fault_free,decision_time_ms_min,p95,0.07200241088867188,5
edge_only,fault_free,decision_time_ms_min,min,0.06890296936035156,5
edge_only,fault_free,decision_time_ms_min,max,0.07224082946777344,5
edge_only,fault_free,decision_time_ms_p95,count,5,5
edge_only,fault_free,decision_time_ms_p95,mean,0.13910770416259766,5
edge_only,fault_free,decision_time_ms_p95,median,0.1341104507446289,5
edge_only,fault_free,decision_time_ms_p95,std,0.01586525483266246,5
edge_only,fault_free,decision_time_ms_p95,p95,0.1563167572021484,5
edge_only,fault_free,decision_time_ms_p95,min,0.11824369430541992,5
edge_only,fault_free,decision_time_ms_p95,max,0.15722513198852536,5
edge_only,fault_free,decision_time_ms_std,count,5,5
edge_only,fault_free,decision_time_ms_std,mean,0.024047914840078902,5
edge_only,fault_free,decision_time_ms_std,median,0.020591607870655285,5
edge_only,fault_free,decision_time_ms_std,std,0.007736090258000919,5
edge_only,fault_free,decision_time_ms_std,p95,0.03407933060921139,5
edge_only,fault_free,decision_time_ms_std,min,0.017424272848020315,5
edge_only,fault_free,decision_time_ms_std,max,0.03548328891595314,5
edge_only,fault_free,decision_windows,count,5,5
edge_only,fault_free,decision_windows,mean,32.0,5
edge_only,fault_free,decision_windows,median,32.0,5
edge_only,fault_free,decision_windows,std,0.0,5
edge_only,fault_free,decision_windows,p95,32.0,5
edge_only,fault_free,decision_windows,min,32.0,5
edge_only,fault_free,decision_windows,max,32.0,5
edge_only,fault_free,detection_latency_ms_count,count,5,5
edge_only,fault_free,detection_latency_ms_count,mean,34.0,5
edge_only,fault_free,detection_latency_ms_count,median,34.0,5
edge_only,fault_free,detection_latency_ms_count,std,0.0,5
edge_only,fault_free,detection_latency_ms_count,p95,34.0,5
edge_only,fault_free,detection_latency_ms_count,min,34.0,5
edge_only,fault_free,detection_latency_ms_count,max,34.0,5
edge_only,fault_free,detection_latency_ms_max,count,5,5
edge_only,fault_free,detection_latency_ms_max,mean,14.765405654907227,5
edge_only,fault_free,detection_latency_ms_max,median,17.19355583190918,5
edge_only,fault_free,detection_latency_ms_max,std,9.855401243139257,5
edge_only,fault_free,detection_latency_ms_max,p95,26.327228546142578,5
edge_only,fault_free,detection_latency_ms_max,min,4.342079162597656,5
edge_only,fault_free,detection_latency_ms_max,max,28.43928337097168,5
edge_only,fault_free,detection_latency_ms_mean,count,5,5
edge_only,fault_free,detection_latency_ms_mean,mean,4.799430510577033,5
edge_only,fault_free,detection_latency_ms_mean,median,4.712539560654584,5
edge_only,fault_free,detection_latency_ms_mean,std,0.8163074572233643,5
edge_only,fault_free,detection_latency_ms_mean,p95,5.816386727725758,5
edge_only,fault_free,detection_latency_ms_mean,min,3.9850473403930664,5
edge_only,fault_free,detection_latency_ms_mean,max,5.96776429344626,5
edge_only,fault_free,detection_latency_ms_median,count,5,5
edge_only,fault_free,detection_latency_ms_median,mean,4.022455215454102,5
edge_only,fault_free,detection_latency_ms_median,median,4.019737243652344,5
edge_only,fault_free,detection_latency_ms_median,std,0.04470518426839033,5
edge_only,fault_free,detection_latency_ms_median,p95,4.076242446899414,5
edge_only,fault_free,detection_latency_ms_median,min,3.963589668273926,5
edge_only,fault_free,detection_latency_ms_median,max,4.08935546875,5
edge_only,fault_free,detection_latency_ms_min,count,5,5
edge_only,fault_free,detection_latency_ms_min,mean,3.860187530517578,5
edge_only,fault_free,detection_latency_ms_min,median,3.865480422973633,5
edge_only,fault_free,detection_latency_ms_min,std,0.031259394410337864,5
edge_only,fault_free,detection_latency_ms_min,p95,3.8948535919189453,5
edge_only,fault_free,detection_latency_ms_min,min,3.817319869995117,5
edge_only,fault_free,detection_latency_ms_min,max,3.9000511169433594,5
edge_only,fault_free,detection_latency_ms_p95,count,5,5
edge_only,fault_free,detection_latency_ms_p95,mean,9.545242786407469,5
edge_only,fault_free,detection_latency_ms_p95,median,7.138705253601067,5
edge_only,fault_free,detection_latency_ms_p95,std,7.442685103856252,5
edge_only,fault_free,detection_latency_ms_p95,p95,19.73549127578735,5
edge_only,fault_free,detection_latency_ms_p95,min,4.157555103302002,5
edge_only,fault_free,detection_latency_ms_p95,max,22.268831729888916,5
edge_only,fault_free,detection_latency_ms_std,count,5,5
edge_only,fault_free,detection_latency_ms_std,mean,2.3173538434239966,5
edge_only,fault_free,detection_latency_ms_std,median,2.5266048617204797,5
edge_only,fault_free,detection_latency_ms_std,std,2.326992557996411,5
edge_only,fault_free,detection_latency_ms_std,p95,5.251994111400997,5
edge_only,fault_free,detection_latency_ms_std,min,0.0993317440737389,5
edge_only,fault_free,detection_latency_ms_std,max,5.890376668746724,5
edge_only,fault_free,detector_cpu_count,count,5,5
edge_only,fault_free,detector_cpu_count,mean,159.0,5
edge_only,fault_free,detector_cpu_count,median,159.0,5
edge_only,fault_free,detector_cpu_count,std,0.7071067811865476,5
edge_only,fault_free,detector_cpu_count,p95,159.8,5
edge_only,fault_free,detector_cpu_count,min,158.0,5
edge_only,fault_free,detector_cpu_count,max,160.0,5
edge_only,fault_free,detector_cpu_max,count,5,5
edge_only,fault_free,detector_cpu_max,mean,25.0796,5
edge_only,fault_free,detector_cpu_max,median,20.628,5
edge_only,fault_free,detector_cpu_max,std,12.603806381407168,5
edge_only,fault_free,detector_cpu_max,p95,41.1396,5
edge_only,fault_free,detector_cpu_max,min,12.573,5
edge_only,fault_free,detector_cpu_max,max,43.343,5
edge_only,fault_free,detector_cpu_mean,count,5,5
edge_only,fault_free,detector_cpu_mean,mean,4.789431564465409,5
edge_only,fault_free,detector_cpu_mean,median,4.8055974842767295,5
edge_only,fault_free,detector_cpu_mean,std,0.22837022424815576,5
edge_only,fault_free,detector_cpu_mean,p95,5.047972327044024,5
edge_only,fault_free,detector_cpu_mean,min,4.5261886792452835,5
edge_only,fault_free,detector_cpu_mean,max,5.075465408805031,5
edge_only,fault_free,detector_cpu_median,count,5,5
edge_only,fault_free,detector_cpu_median,mean,3.7974,5
edge_only,fault_free,detector_cpu_median,median,3.8015,5
edge_only,fault_free,detector_cpu_median,std,0.011087154729686192,5
edge_only,fault_free,detector_cpu_median,p95,3.8077,5
edge_only,fault_free,detector_cpu_median,min,3.78,5
edge_only,fault_free,detector_cpu_median,max,3.809,5
edge_only,fault_free,detector_cpu_min,count,5,5
edge_only,fault_free,detector_cpu_min,mean,0.7053999999999999,5
edge_only,fault_free,detector_cpu_min,median,0.083,5
edge_only,fault_free,detector_cpu_min,std,0.9286621021663368,5
edge_only,fault_free,detector_cpu_min,p95,1.9375999999999998,5
edge_only,fault_free,detector_cpu_min,min,0.067,5
edge_only,fault_free,detector_cpu_min,max,2.126,5
edge_only,fault_free,detector_cpu_p95,count,5,5
edge_only,fault_free,detector_cpu_p95,mean,8.45416,5
edge_only,fault_free,detector_cpu_p95,median,7.801799999999999,5
edge_only,fault_free,detector_cpu_p95,std,1.6739736622032024,5
edge_only,fault_free,detector_cpu_p95,p95,10.594669999999999,5
edge_only,fault_free,detector_cpu_p95,min,6.922149999999999,5
edge_only,fault_free,detector_cpu_p95,max,10.878699999999998,5
edge_only,fault_free,detector_cpu_std,count,5,5
edge_only,fault_free,detector_cpu_std,mean,2.781589022559619,5
edge_only,fault_free,detector_cpu_std,median,2.8846051740007375,5
edge_only,fault_free,detector_cpu_std,std,0.867395411048215,5
edge_only,fault_free,detector_cpu_std,p95,3.621071109937035,5
edge_only,fault_free,detector_cpu_std,min,1.7700800817534772,5
edge_only,fault_free,detector_cpu_std,max,3.6239243644122836,5
edge_only,fault_free,detector_memory_count,count,5,5
edge_only,fault_free,detector_memory_count,mean,159.0,5
edge_only,fault_free,detector_memory_count,median,159.0,5
edge_only,fault_free,detector_memory_count,std,0.7071067811865476,5
edge_only,fault_free,detector_memory_count,p95,159.8,5
edge_only,fault_free,detector_memory_count,min,158.0,5
edge_only,fault_free,detector_memory_count,max,160.0,5
edge_only,fault_free,detector_memory_max,count,5,5
edge_only,fault_free,detector_memory_max,mean,259375923.2,5
edge_only,fault_free,detector_memory_max,median,260026368.0,5
edge_only,fault_free,detector_memory_max,std,2017672.7203516432,5
edge_only,fault_free,detector_memory_max,p95,260884889.6,5
edge_only,fault_free,detector_memory_max,min,255901696.0,5
edge_only,fault_free,detector_memory_max,max,260993024.0,5
edge_only,fault_free,detector_memory_mean,count,5,5
edge_only,fault_free,detector_memory_mean,mean,257192412.18812513,5
edge_only,fault_free,detector_memory_mean,median,257795836.75949368,5
edge_only,fault_free,detector_memory_mean,std,1358380.0713326654,5
edge_only,fault_free,detector_memory_mean,p95,257809478.58515722,5
edge_only,fault_free,detector_memory_mean,min,254762518.5408805,5
edge_only,fault_free,detector_memory_mean,max,257810483.2,5
edge_only,fault_free,detector_memory_median,count,5,5
edge_only,fault_free,detector_memory_median,mean,257171865.6,5
edge_only,fault_free,detector_memory_median,median,257773568.0,5
edge_only,fault_free,detector_memory_median,std,1358102.28943066,5
edge_only,fault_free,detector_memory_median,p95,257795686.4,5
edge_only,fault_free,detector_memory_median,min,254742528.0,5
edge_only,fault_free,detector_memory_median,max,257800192.0,5
edge_only,fault_free,detector_memory_min,count,5,5
edge_only,fault_free,detector_memory_min,mean,256927334.4,5
edge_only,fault_free,detector_memory_min,median,257531904.0,5
edge_only,fault_free,detector_memory_min,std,1367921.7363156418,5
edge_only,fault_free,detector_memory_min,p95,257550745.6,5
edge_only,fault_free,detector_memory_min,min,254480384.0,5
edge_only,fault_free,detector_memory_min,max,257552384.0,5
edge_only,fault_free,detector_memory_p95,count,5,5
edge_only,fault_free,detector_memory_p95,mean,257381703.68,5
edge_only,fault_free,detector_memory_p95,median,257990860.8,5
edge_only,fault_free,detector_memory_p95,std,1351288.1825322872,5
edge_only,fault_free,detector_memory_p95,p95,257994178.56,5
edge_only,fault_free,detector_memory_p95,min,254964531.2,5
edge_only,fault_free,detector_memory_p95,max,257994752.0,5
edge_only,fault_free,detector_memory_std,count,5,5
edge_only,fault_free,detector_memory_std,mean,209230.01956891108,5
edge_only,fault_free,detector_memory_std,median,207498.73004384115,5
edge_only,fault_free,detector_memory_std,std,52334.446832452915,5
edge_only,fault_free,detector_memory_std,p95,271194.11291102046,5
edge_only,fault_free,detector_memory_std,min,147829.5279782174,5
edge_only,fault_free,detector_memory_std,max,279083.5418652566,5
edge_only,fault_free,detector_processing_ms_count,count,5,5
edge_only,fault_free,detector_processing_ms_count,mean,156.0,5
edge_only,fault_free,detector_processing_ms_count,median,156.0,5
edge_only,fault_free,detector_processing_ms_count,std,1.224744871391589,5
edge_only,fault_free,detector_processing_ms_count,p95,157.0,5
edge_only,fault_free,detector_processing_ms_count,min,154.0,5
edge_only,fault_free,detector_processing_ms_count,max,157.0,5
edge_only,fault_free,detector_processing_ms_max,count,5,5
edge_only,fault_free,detector_processing_ms_max,mean,101.2110710144043,5
edge_only,fault_free,detector_processing_ms_max,median,100.0370979309082,5
edge_only,fault_free,detector_processing_ms_max,std,2.0524265632234884,5
edge_only,fault_free,detector_processing_ms_max,p95,104.04233932495117,5
edge_only,fault_free,detector_processing_ms_max,min,99.81107711791992,5
edge_only,fault_free,detector_processing_ms_max,max,104.67314720153809,5
edge_only,fault_free,detector_processing_ms_mean,count,5,5
edge_only,fault_free,detector_processing_ms_mean,mean,50.04601484134203,5
edge_only,fault_free,detector_processing_ms_mean,median,50.31440060609465,5
edge_only,fault_free,detector_processing_ms_mean,std,2.2725329710344124,5
edge_only,fault_free,detector_processing_ms_mean,p95,52.578914526737094,5
edge_only,fault_free,detector_processing_ms_mean,min,46.75891596800203,5
edge_only,fault_free,detector_processing_ms_mean,max,53.13501755396525,5
edge_only,fault_free,detector_processing_ms_median,count,5,5
edge_only,fault_free,detector_processing_ms_median,mean,49.489665031433105,5
edge_only,fault_free,detector_processing_ms_median,median,50.240278244018555,5
edge_only,fault_free,detector_processing_ms_median,std,3.7163208973379454,5
edge_only,fault_free,detector_processing_ms_median,p95,52.83646583557129,5
edge_only,fault_free,detector_processing_ms_median,min,43.335914611816406,5
edge_only,fault_free,detector_processing_ms_median,max,53.456664085388184,5
edge_only,fault_free,detector_processing_ms_min,count,5,5
edge_only,fault_free,detector_processing_ms_min,mean,2.9318809509277344,5
edge_only,fault_free,detector_processing_ms_min,median,2.9256343841552734,5
edge_only,fault_free,detector_processing_ms_min,std,0.0915510890236667,5
edge_only,fault_free,detector_processing_ms_min,p95,3.0397415161132812,5
edge_only,fault_free,detector_processing_ms_min,min,2.8085708618164062,5
edge_only,fault_free,detector_processing_ms_min,max,3.057241439819336,5
edge_only,fault_free,detector_processing_ms_p95,count,5,5
edge_only,fault_free,detector_processing_ms_p95,mean,96.91854000091553,5
edge_only,fault_free,detector_processing_ms_p95,median,97.44046926498413,5
edge_only,fault_free,detector_processing_ms_p95,std,2.2359142963627496,5
edge_only,fault_free,detector_processing_ms_p95,p95,98.91142129898071,5
edge_only,fault_free,detector_processing_ms_p95,min,93.19889545440674,5
edge_only,fault_free,detector_processing_ms_p95,max,99.22370910644531,5
edge_only,fault_free,detector_processing_ms_std,count,5,5
edge_only,fault_free,detector_processing_ms_std,mean,29.26433059311431,5
edge_only,fault_free,detector_processing_ms_std,median,29.02092322139732,5
edge_only,fault_free,detector_processing_ms_std,std,1.2667483306185818,5
edge_only,fault_free,detector_processing_ms_std,p95,30.75230395289449,5
edge_only,fault_free,detector_processing_ms_std,min,27.959119670340066,5
edge_only,fault_free,detector_processing_ms_std,max,30.879994604395463,5
edge_only,fault_free,diagnosis_latency_ms_count,count,5,5
edge_only,fault_free,diagnosis_latency_ms_count,mean,0.0,5
edge_only,fault_free,diagnosis_latency_ms_count,median,0.0,5
edge_only,fault_free,diagnosis_latency_ms_count,std,0.0,5
edge_only,fault_free,diagnosis_latency_ms_count,p95,0.0,5
edge_only,fault_free,diagnosis_latency_ms_count,min,0.0,5
edge_only,fault_free,diagnosis_latency_ms_count,max,0.0,5
edge_only,fault_free,e2e_latency_ms_count,count,5,5
edge_only,fault_free,e2e_latency_ms_count,mean,0.0,5
edge_only,fault_free,e2e_latency_ms_count,median,0.0,5
edge_only,fault_free,e2e_latency_ms_count,std,0.0,5
edge_only,fault_free,e2e_latency_ms_count,p95,0.0,5
edge_only,fault_free,e2e_latency_ms_count,min,0.0,5
edge_only,fault_free,e2e_latency_ms_count,max,0.0,5
edge_only,fault_free,escalated_samples,count,5,5
edge_only,fault_free,escalated_samples,mean,0.0,5
edge_only,fault_free,escalated_samples,median,0.0,5
edge_only,fault_free,escalated_samples,std,0.0,5
edge_only,fault_free,escalated_samples,p95,0.0,5
edge_only,fault_free,escalated_samples,min,0.0,5
edge_only,fault_free,escalated_samples,max,0.0,5
edge_only,fault_free,estimated_cloud_data_bytes,count,5,5
edge_only,fault_free,estimated_cloud_data_bytes,mean,0.0,5
edge_only,fault_free,estimated_cloud_data_bytes,median,0.0,5
edge_only,fault_free,estimated_cloud_data_bytes,std,0.0,5
edge_only,fault_free,estimated_cloud_data_bytes,p95,0.0,5
edge_only,fault_free,estimated_cloud_data_bytes,min,0.0,5
edge_only,fault_free,estimated_cloud_data_bytes,max,0.0,5
edge_only,fault_free,estimated_cloud_data_bytes_per_minute,count,5,5
edge_only,fault_free,estimated_cloud_data_bytes_per_minute,mean,0.0,5
edge_only,fault_free,estimated_cloud_data_bytes_per_minute,median,0.0,5
edge_only,fault_free,estimated_cloud_data_bytes_per_minute,std,0.0,5
edge_only,fault_free,estimated_cloud_data_bytes_per_minute,p95,0.0,5
edge_only,fault_free,estimated_cloud_data_bytes_per_minute,min,0.0,5
edge_only,fault_free,estimated_cloud_data_bytes_per_minute,max,0.0,5
edge_only,fault_free,estimated_sample_bytes,count,5,5
edge_only,fault_free,estimated_sample_bytes,mean,983.644,5
edge_only,fault_free,estimated_sample_bytes,median,983.644,5
edge_only,fault_free,estimated_sample_bytes,std,0.0,5
edge_only,fault_free,estimated_sample_bytes,p95,983.644,5
edge_only,fault_free,estimated_sample_bytes,min,983.644,5
edge_only,fault_free,estimated_sample_bytes,max,983.644,5
edge_only,fault_free,measurement_seconds,count,5,5
edge_only,fault_free,measurement_seconds,mean,301.03717279434204,5
edge_only,fault_free,measurement_seconds,median,299.94857597351074,5
edge_only,fault_free,measurement_seconds,std,2.1196815052700844,5
edge_only,fault_free,measurement_seconds,p95,303.72273030281065,5
edge_only,fault_free,measurement_seconds,min,299.09999203681946,5
edge_only,fault_free,measurement_seconds,max,304.0349931716919,5
edge_only,fault_free,normal_decisions,count,5,5
edge_only,fault_free,normal_decisions,mean,31.2,5
edge_only,fault_free,normal_decisions,median,31.0,5
edge_only,fault_free,normal_decisions,std,0.4472135954999579,5
edge_only,fault_free,normal_decisions,p95,31.8,5
edge_only,fault_free,normal_decisions,min,31.0,5
edge_only,fault_free,normal_decisions,max,32.0,5
edge_only,fault_free,orchestrator_cpu_count,count,5,5
edge_only,fault_free,orchestrator_cpu_count,mean,32.0,5
edge_only,fault_free,orchestrator_cpu_count,median,32.0,5
edge_only,fault_free,orchestrator_cpu_count,std,0.0,5
edge_only,fault_free,orchestrator_cpu_count,p95,32.0,5
edge_only,fault_free,orchestrator_cpu_count,min,32.0,5
edge_only,fault_free,orchestrator_cpu_count,max,32.0,5
edge_only,fault_free,orchestrator_cpu_max,count,5,5
edge_only,fault_free,orchestrator_cpu_max,mean,0.0,5
edge_only,fault_free,orchestrator_cpu_max,median,0.0,5
edge_only,fault_free,orchestrator_cpu_max,std,0.0,5
edge_only,fault_free,orchestrator_cpu_max,p95,0.0,5
edge_only,fault_free,orchestrator_cpu_max,min,0.0,5
edge_only,fault_free,orchestrator_cpu_max,max,0.0,5
edge_only,fault_free,orchestrator_cpu_mean,count,5,5
edge_only,fault_free,orchestrator_cpu_mean,mean,0.0,5
edge_only,fault_free,orchestrator_cpu_mean,median,0.0,5
edge_only,fault_free,orchestrator_cpu_mean,std,0.0,5
edge_only,fault_free,orchestrator_cpu_mean,p95,0.0,5
edge_only,fault_free,orchestrator_cpu_mean,min,0.0,5
edge_only,fault_free,orchestrator_cpu_mean,max,0.0,5
edge_only,fault_free,orchestrator_cpu_median,count,5,5
edge_only,fault_free,orchestrator_cpu_median,mean,0.0,5
edge_only,fault_free,orchestrator_cpu_median,median,0.0,5
edge_only,fault_free,orchestrator_cpu_median,std,0.0,5
edge_only,fault_free,orchestrator_cpu_median,p95,0.0,5
edge_only,fault_free,orchestrator_cpu_median,min,0.0,5
edge_only,fault_free,orchestrator_cpu_median,max,0.0,5
edge_only,fault_free,orchestrator_cpu_min,count,5,5
edge_only,fault_free,orchestrator_cpu_min,mean,0.0,5
edge_only,fault_free,orchestrator_cpu_min,median,0.0,5
edge_only,fault_free,orchestrator_cpu_min,std,0.0,5
edge_only,fault_free,orchestrator_cpu_min,p95,0.0,5
edge_only,fault_free,orchestrator_cpu_min,min,0.0,5
edge_only,fault_free,orchestrator_cpu_min,max,0.0,5
edge_only,fault_free,orchestrator_cpu_p95,count,5,5
edge_only,fault_free,orchestrator_cpu_p95,mean,0.0,5
edge_only,fault_free,orchestrator_cpu_p95,median,0.0,5
edge_only,fault_free,orchestrator_cpu_p95,std,0.0,5
edge_only,fault_free,orchestrator_cpu_p95,p95,0.0,5
edge_only,fault_free,orchestrator_cpu_p95,min,0.0,5
edge_only,fault_free,orchestrator_cpu_p95,max,0.0,5
edge_only,fault_free,orchestrator_cpu_std,count,5,5
edge_only,fault_free,orchestrator_cpu_std,mean,0.0,5
edge_only,fault_free,orchestrator_cpu_std,median,0.0,5
edge_only,fault_free,orchestrator_cpu_std,std,0.0,5
edge_only,fault_free,orchestrator_cpu_std,p95,0.0,5
edge_only,fault_free,orchestrator_cpu_std,min,0.0,5
edge_only,fault_free,orchestrator_cpu_std,max,0.0,5
edge_only,fault_free,orchestrator_memory_count,count,5,5
edge_only,fault_free,orchestrator_memory_count,mean,32.0,5
edge_only,fault_free,orchestrator_memory_count,median,32.0,5
edge_only,fault_free,orchestrator_memory_count,std,0.0,5
edge_only,fault_free,orchestrator_memory_count,p95,32.0,5
edge_only,fault_free,orchestrator_memory_count,min,32.0,5
edge_only,fault_free,orchestrator_memory_count,max,32.0,5
edge_only,fault_free,orchestrator_memory_max,count,5,5
edge_only,fault_free,orchestrator_memory_max,mean,26445414.4,5
edge_only,fault_free,orchestrator_memory_max,median,27070464.0,5
edge_only,fault_free,orchestrator_memory_max,std,1624229.5360781986,5
edge_only,fault_free,orchestrator_memory_max,p95,28200140.8,5
edge_only,fault_free,orchestrator_memory_max,min,24764416.0,5
edge_only,fault_free,orchestrator_memory_max,max,28463104.0,5
edge_only,fault_free,orchestrator_memory_mean,count,5,5
edge_only,fault_free,orchestrator_memory_mean,mean,25766144.0,5
edge_only,fault_free,orchestrator_memory_mean,median,25920768.0,5
edge_only,fault_free,orchestrator_memory_mean,std,1190051.7477689784,5
edge_only,fault_free,orchestrator_memory_mean,p95,26961408.0,5
edge_only,fault_free,orchestrator_memory_mean,min,24538880.0,5
edge_only,fault_free,orchestrator_memory_mean,max,26993664.0,5
edge_only,fault_free,orchestrator_memory_median,count,5,5
edge_only,fault_free,orchestrator_memory_median,mean,25913344.0,5
edge_only,fault_free,orchestrator_memory_median,median,26767360.0,5
edge_only,fault_free,orchestrator_memory_median,std,1266662.7515672827,5
edge_only,fault_free,orchestrator_memory_median,p95,26893107.2,5
edge_only,fault_free,orchestrator_memory_median,min,24518656.0,5
edge_only,fault_free,orchestrator_memory_median,max,26906624.0,5
edge_only,fault_free,orchestrator_memory_min,count,5,5
edge_only,fault_free,orchestrator_memory_min,mean,25283788.8,5
edge_only,fault_free,orchestrator_memory_min,median,24506368.0,5
edge_only,fault_free,orchestrator_memory_min,std,1282454.9181703036,5
edge_only,fault_free,orchestrator_memory_min,p95,26731315.2,5
edge_only,fault_free,orchestrator_memory_min,min,24268800.0,5
edge_only,fault_free,orchestrator_memory_min,max,26763264.0,5
edge_only,fault_free,orchestrator_memory_p95,count,5,5
edge_only,fault_free,orchestrator_memory_p95,mean,26140549.12,5
edge_only,fault_free,orchestrator_memory_p95,median,27023769.6,5
edge_only,fault_free,orchestrator_memory_p95,std,1263097.5587869813,5
edge_only,fault_free,orchestrator_memory_p95,p95,27114864.64,5
edge_only,fault_free,orchestrator_memory_p95,min,24741273.6,5
edge_only,fault_free,orchestrator_memory_p95,max,27137024.0,5
edge_only,fault_free,orchestrator_memory_std,count,5,5
edge_only,fault_free,orchestrator_memory_std,mean,362926.27002252475,5
edge_only,fault_free,orchestrator_memory_std,median,135153.73531768398,5
edge_only,fault_free,orchestrator_memory_std,std,444942.48672334134,5
edge_only,fault_free,orchestrator_memory_std,p95,976609.9289794383,5
edge_only,fault_free,orchestrator_memory_std,min,119561.69885366381,5
edge_only,fault_free,orchestrator_memory_std,max,1148959.3537208831,5
edge_only,fault_free,orchestrator_processing_ms_count,count,5,5
edge_only,fault_free,orchestrator_processing_ms_count,mean,32.0,5
edge_only,fault_free,orchestrator_processing_ms_count,median,32.0,5
edge_only,fault_free,orchestrator_processing_ms_count,std,0.0,5
edge_only,fault_free,orchestrator_processing_ms_count,p95,32.0,5
edge_only,fault_free,orchestrator_processing_ms_count,min,32.0,5
edge_only,fault_free,orchestrator_processing_ms_count,max,32.0,5
edge_only,fault_free,orchestrator_processing_ms_max,count,5,5
edge_only,fault_free,orchestrator_processing_ms_max,mean,0.18463134765625,5
edge_only,fault_free,orchestrator_processing_ms_max,median,0.1647472381591797,5
edge_only,fault_free,orchestrator_processing_ms_max,std,0.045115511214820686,5
edge_only,fault_free,orchestrator_processing_ms_max,p95,0.24499893188476562,5
edge_only,fault_free,orchestrator_processing_ms_max,min,0.1499652862548828,5
edge_only,fault_free,orchestrator_processing_ms_max,max,0.255584716796875,5
edge_only,fault_free,orchestrator_processing_ms_mean,count,5,5
edge_only,fault_free,orchestrator_processing_ms_mean,mean,0.10328739881515503,5
edge_only,fault_free,orchestrator_processing_ms_mean,median,0.10354071855545044,5
edge_only,fault_free,orchestrator_processing_ms_mean,std,0.0038800038562980597,5
edge_only,fault_free,orchestrator_processing_ms_mean,p95,0.10807812213897705,5
edge_only,fault_free,orchestrator_processing_ms_mean,min,0.09956955909729004,5
edge_only,fault_free,orchestrator_processing_ms_mean,max,0.10893493890762329,5
edge_only,fault_free,orchestrator_processing_ms_median,count,5,5
edge_only,fault_free,orchestrator_processing_ms_median,mean,0.09453296661376953,5
edge_only,fault_free,orchestrator_processing_ms_median,median,0.09393692016601562,5
edge_only,fault_free,orchestrator_processing_ms_median,std,0.00331007084296103,5
edge_only,fault_free,orchestrator_processing_ms_median,p95,0.09856224060058594,5
edge_only,fault_free,orchestrator_processing_ms_median,min,0.09036064147949219,5
edge_only,fault_free,orchestrator_processing_ms_median,max,0.09918212890625,5
edge_only,fault_free,orchestrator_processing_ms_min,count,5,5
edge_only,fault_free,orchestrator_processing_ms_min,mean,0.0789642333984375,5
edge_only,fault_free,orchestrator_processing_ms_min,median,0.07891654968261719,5
edge_only,fault_free,orchestrator_processing_ms_min,std,0.0010847390333249402,5
edge_only,fault_free,orchestrator_processing_ms_min,p95,0.08001327514648438,5
edge_only,fault_free,orchestrator_processing_ms_min,min,0.07724761962890625,5
edge_only,fault_free,orchestrator_processing_ms_min,max,0.080108642578125,5
edge_only,fault_free,orchestrator_processing_ms_p95,count,5,5
edge_only,fault_free,orchestrator_processing_ms_p95,mean,0.14882564544677734,5
edge_only,fault_free,orchestrator_processing_ms_p95,median,0.14431476593017578,5
edge_only,fault_free,orchestrator_processing_ms_p95,std,0.016416146312732825,5
edge_only,fault_free,orchestrator_processing_ms_p95,p95,0.1666903495788574,5
edge_only,fault_free,orchestrator_processing_ms_p95,min,0.12671947479248047,5
edge_only,fault_free,orchestrator_processing_ms_p95,max,0.16784667968749997,5
edge_only,fault_free,orchestrator_processing_ms_std,count,5,5
edge_only,fault_free,orchestrator_processing_ms_std,mean,0.024279994869792328,5
edge_only,fault_free,orchestrator_processing_ms_std,median,0.0208972248664818,5
edge_only,fault_free,orchestrator_processing_ms_std,std,0.0077673726238370305,5
edge_only,fault_free,orchestrator_processing_ms_std,p95,0.034349855719896266,5
edge_only,fault_free,orchestrator_processing_ms_std,min,0.017387928565471413,5
edge_only,fault_free,orchestrator_processing_ms_std,max,0.035776829654311344,5
edge_only,fault_free,sensor-generator_cpu_count,count,5,5
edge_only,fault_free,sensor-generator_cpu_count,mean,66.0,5
edge_only,fault_free,sensor-generator_cpu_count,median,66.0,5
edge_only,fault_free,sensor-generator_cpu_count,std,0.0,5
edge_only,fault_free,sensor-generator_cpu_count,p95,66.0,5
edge_only,fault_free,sensor-generator_cpu_count,min,66.0,5
edge_only,fault_free,sensor-generator_cpu_count,max,66.0,5
edge_only,fault_free,sensor-generator_cpu_max,count,5,5
edge_only,fault_free,sensor-generator_cpu_max,mean,103.425,5
edge_only,fault_free,sensor-generator_cpu_max,median,99.666,5
edge_only,fault_free,sensor-generator_cpu_max,std,8.465421607929523,5
edge_only,fault_free,sensor-generator_cpu_max,p95,114.876,5
edge_only,fault_free,sensor-generator_cpu_max,min,95.96,5
edge_only,fault_free,sensor-generator_cpu_max,max,117.186,5
edge_only,fault_free,sensor-generator_cpu_mean,count,5,5
edge_only,fault_free,sensor-generator_cpu_mean,mean,63.002633333333335,5
edge_only,fault_free,sensor-generator_cpu_mean,median,62.29845454545455,5
edge_only,fault_free,sensor-generator_cpu_mean,std,1.9775628701671473,5
edge_only,fault_free,sensor-generator_cpu_mean,p95,65.09449696969696,5
edge_only,fault_free,sensor-generator_cpu_mean,min,60.55239393939394,5
edge_only,fault_free,sensor-generator_cpu_mean,max,65.1321212121212,5
edge_only,fault_free,sensor-generator_cpu_median,count,5,5
edge_only,fault_free,sensor-generator_cpu_median,mean,72.14200000000001,5
edge_only,fault_free,sensor-generator_cpu_median,median,73.09700000000001,5
edge_only,fault_free,sensor-generator_cpu_median,std,4.055454490559595,5
edge_only,fault_free,sensor-generator_cpu_median,p95,75.911,5
edge_only,fault_free,sensor-generator_cpu_median,min,65.99350000000001,5
edge_only,fault_free,sensor-generator_cpu_median,max,76.132,5
edge_only,fault_free,sensor-generator_cpu_min,count,5,5
edge_only,fault_free,sensor-generator_cpu_min,mean,0.4504,5
edge_only,fault_free,sensor-generator_cpu_min,median,0.525,5
edge_only,fault_free,sensor-generator_cpu_min,std,0.2021195190969937,5
edge_only,fault_free,sensor-generator_cpu_min,p95,0.5676,5
edge_only,fault_free,sensor-generator_cpu_min,min,0.092,5
edge_only,fault_free,sensor-generator_cpu_min,max,0.569,5
edge_only,fault_free,sensor-generator_cpu_p95,count,5,5
edge_only,fault_free,sensor-generator_cpu_p95,mean,94.3437,5
edge_only,fault_free,sensor-generator_cpu_p95,median,94.347,5
edge_only,fault_free,sensor-generator_cpu_p95,std,1.6057796529256452,5
edge_only,fault_free,sensor-generator_cpu_p95,p95,96.0426,5
edge_only,fault_free,sensor-generator_cpu_p95,min,91.96724999999999,5
edge_only,fault_free,sensor-generator_cpu_p95,max,96.231,5
edge_only,fault_free,sensor-generator_cpu_std,count,5,5
edge_only,fault_free,sensor-generator_cpu_std,mean,29.702858401123226,5
edge_only,fault_free,sensor-generator_cpu_std,median,28.750802893874532,5
edge_only,fault_free,sensor-generator_cpu_std,std,2.0515298892707645,5
edge_only,fault_free,sensor-generator_cpu_std,p95,32.03753387395976,5
edge_only,fault_free,sensor-generator_cpu_std,min,27.562936934716028,5
edge_only,fault_free,sensor-generator_cpu_std,max,32.134964072941344,5
edge_only,fault_free,sensor-generator_memory_count,count,5,5
edge_only,fault_free,sensor-generator_memory_count,mean,66.0,5
edge_only,fault_free,sensor-generator_memory_count,median,66.0,5
edge_only,fault_free,sensor-generator_memory_count,std,0.0,5
edge_only,fault_free,sensor-generator_memory_count,p95,66.0,5
edge_only,fault_free,sensor-generator_memory_count,min,66.0,5
edge_only,fault_free,sensor-generator_memory_count,max,66.0,5
edge_only,fault_free,sensor-generator_memory_max,count,5,5
edge_only,fault_free,sensor-generator_memory_max,mean,85421260.8,5
edge_only,fault_free,sensor-generator_memory_max,median,85270528.0,5
edge_only,fault_free,sensor-generator_memory_max,std,1454000.3854260838,5
edge_only,fault_free,sensor-generator_memory_max,p95,87040000.0,5
edge_only,fault_free,sensor-generator_memory_max,min,83648512.0,5
edge_only,fault_free,sensor-generator_memory_max,max,87154688.0,5
edge_only,fault_free,sensor-generator_memory_mean,count,5,5
edge_only,fault_free,sensor-generator_memory_mean,mean,84388051.0060606,5
edge_only,fault_free,sensor-generator_memory_mean,median,84507244.60606061,5
edge_only,fault_free,sensor-generator_memory_mean,std,815776.3112848304,5
edge_only,fault_free,sensor-generator_memory_mean,p95,85084768.1939394,5
edge_only,fault_free,sensor-generator_memory_mean,min,83085746.42424242,5
edge_only,fault_free,sensor-generator_memory_mean,max,85097130.66666667,5
edge_only,fault_free,sensor-generator_memory_median,count,5,5
edge_only,fault_free,sensor-generator_memory_median,mean,84343193.6,5
edge_only,fault_free,sensor-generator_memory_median,median,84344832.0,5
edge_only,fault_free,sensor-generator_memory_median,std,821701.6522587745,5
edge_only,fault_free,sensor-generator_memory_median,p95,85064908.8,5
edge_only,fault_free,sensor-generator_memory_median,min,83050496.0,5
edge_only,fault_free,sensor-generator_memory_median,max,85071872.0,5
edge_only,fault_free,sensor-generator_memory_min,count,5,5
edge_only,fault_free,sensor-generator_memory_min,mean,84010598.4,5
edge_only,fault_free,sensor-generator_memory_min,median,84045824.0,5
edge_only,fault_free,sensor-generator_memory_min,std,980141.2193825949,5
edge_only,fault_free,sensor-generator_memory_min,p95,84810956.8,5
edge_only,fault_free,sensor-generator_memory_min,min,82403328.0,5
edge_only,fault_free,sensor-generator_memory_min,max,84815872.0,5
edge_only,fault_free,sensor-generator_memory_p95,count,5,5
edge_only,fault_free,sensor-generator_memory_p95,mean,84670464.0,5
edge_only,fault_free,sensor-generator_memory_p95,median,84959232.0,5
edge_only,fault_free,sensor-generator_memory_p95,std,686093.3730039957,5
edge_only,fault_free,sensor-generator_memory_p95,p95,85215436.8,5
edge_only,fault_free,sensor-generator_memory_p95,min,83586048.0,5
edge_only,fault_free,sensor-generator_memory_p95,max,85227520.0,5
edge_only,fault_free,sensor-generator_memory_std,count,5,5
edge_only,fault_free,sensor-generator_memory_std,mean,235700.7732377436,5
edge_only,fault_free,sensor-generator_memory_std,median,274978.6860993095,5
edge_only,fault_free,sensor-generator_memory_std,std,135490.51104304742,5
edge_only,fault_free,sensor-generator_memory_std,p95,371927.8043991965,5
edge_only,fault_free,sensor-generator_memory_std,min,81998.9221694585,5
edge_only,fault_free,sensor-generator_memory_std,max,380959.84002079954,5
edge_only,fault_free,sensor-generator_processing_ms_count,count,5,5
edge_only,fault_free,sensor-generator_processing_ms_count,mean,66.0,5
edge_only,fault_free,sensor-generator_processing_ms_count,median,66.0,5
edge_only,fault_free,sensor-generator_processing_ms_count,std,0.0,5
edge_only,fault_free,sensor-generator_processing_ms_count,p95,66.0,5
edge_only,fault_free,sensor-generator_processing_ms_count,min,66.0,5
edge_only,fault_free,sensor-generator_processing_ms_count,max,66.0,5
edge_only,fault_free,sensor-generator_processing_ms_max,count,5,5
edge_only,fault_free,sensor-generator_processing_ms_max,mean,0.043773651123046875,5
edge_only,fault_free,sensor-generator_processing_ms_max,median,0.023603439331054688,5
edge_only,fault_free,sensor-generator_processing_ms_max,std,0.035503800729838435,5
edge_only,fault_free,sensor-generator_processing_ms_max,p95,0.09260177612304688,5
edge_only,fault_free,sensor-generator_processing_ms_max,min,0.019311904907226562,5
edge_only,fault_free,sensor-generator_processing_ms_max,max,0.102996826171875,5
edge_only,fault_free,sensor-generator_processing_ms_mean,count,5,5
edge_only,fault_free,sensor-generator_processing_ms_mean,mean,0.009739760196570194,5
edge_only,fault_free,sensor-generator_processing_ms_mean,median,0.009695688883463541,5
edge_only,fault_free,sensor-generator_processing_ms_mean,std,0.0009303020645366678,5
edge_only,fault_free,sensor-generator_processing_ms_mean,p95,0.010948470144560843,5
edge_only,fault_free,sensor-generator_processing_ms_mean,min,0.008882898272890034,5
edge_only,fault_free,sensor-generator_processing_ms_mean,max,0.011209285620487097,5
edge_only,fault_free,sensor-generator_processing_ms_median,count,5,5
edge_only,fault_free,sensor-generator_processing_ms_median,mean,0.008034706115722656,5
edge_only,fault_free,sensor-generator_processing_ms_median,median,0.008106231689453125,5
edge_only,fault_free,sensor-generator_processing_ms_median,std,0.0001066240299940009,5
edge_only,fault_free,sensor-generator_processing_ms_median,p95,0.008106231689453125,5
edge_only,fault_free,sensor-generator_processing_ms_median,min,0.007867813110351562,5
edge_only,fault_free,sensor-generator_processing_ms_median,max,0.008106231689453125,5
edge_only,fault_free,sensor-generator_processing_ms_min,count,5,5
edge_only,fault_free,sensor-generator_processing_ms_min,mean,0.0069141387939453125,5
edge_only,fault_free,sensor-generator_processing_ms_min,median,0.0069141387939453125,5
edge_only,fault_free,sensor-generator_processing_ms_min,std,0.0002384185791015625,5
edge_only,fault_free,sensor-generator_processing_ms_min,p95,0.007152557373046875,5
edge_only,fault_free,sensor-generator_processing_ms_min,min,0.00667572021484375,5
edge_only,fault_free,sensor-generator_processing_ms_min,max,0.007152557373046875,5
edge_only,fault_free,sensor-generator_processing_ms_p95,count,5,5
edge_only,fault_free,sensor-generator_processing_ms_p95,mean,0.018715858459472656,5
edge_only,fault_free,sensor-generator_processing_ms_p95,median,0.018835067749023438,5
edge_only,fault_free,sensor-generator_processing_ms_p95,std,0.0011891089286363127,5
edge_only,fault_free,sensor-generator_processing_ms_p95,p95,0.020051002502441406,5
edge_only,fault_free,sensor-generator_processing_ms_p95,min,0.01704692840576172,5
edge_only,fault_free,sensor-generator_processing_ms_p95,max,0.020265579223632812,5
edge_only,fault_free,sensor-generator_processing_ms_std,count,5,5
edge_only,fault_free,sensor-generator_processing_ms_std,mean,0.005806908605096567,5
edge_only,fault_free,sensor-generator_processing_ms_std,median,0.004083175296779584,5
edge_only,fault_free,sensor-generator_processing_ms_std,std,0.00413472631545548,5
edge_only,fault_free,sensor-generator_processing_ms_std,p95,0.011482377557951357,5
edge_only,fault_free,sensor-generator_processing_ms_std,min,0.002732607720600025,5
edge_only,fault_free,sensor-generator_processing_ms_std,max,0.01277562842329741,5
edge_only,fault_free,uncertain_decisions,count,5,5
edge_only,fault_free,uncertain_decisions,mean,0.8,5
edge_only,fault_free,uncertain_decisions,median,1.0,5
edge_only,fault_free,uncertain_decisions,std,0.4472135954999579,5
edge_only,fault_free,uncertain_decisions,p95,1.0,5
edge_only,fault_free,uncertain_decisions,min,0.0,5
edge_only,fault_free,uncertain_decisions,max,1.0,5
edge_only,fault_sustained,anomaly_decisions,count,5,5
edge_only,fault_sustained,anomaly_decisions,mean,23.4,5
edge_only,fault_sustained,anomaly_decisions,median,23.0,5
edge_only,fault_sustained,anomaly_decisions,std,0.5477225575051661,5
edge_only,fault_sustained,anomaly_decisions,p95,24.0,5
edge_only,fault_sustained,anomaly_decisions,min,23.0,5
edge_only,fault_sustained,anomaly_decisions,max,24.0,5
edge_only,fault_sustained,anomaly_events,count,5,5
edge_only,fault_sustained,anomaly_events,mean,2215.8,5
edge_only,fault_sustained,anomaly_events,median,2216.0,5
edge_only,fault_sustained,anomaly_events,std,8.67179335547152,5
edge_only,fault_sustained,anomaly_events,p95,2226.0,5
edge_only,fault_sustained,anomaly_events,min,2204.0,5
edge_only,fault_sustained,anomaly_events,max,2228.0,5
edge_only,fault_sustained,classifier_accuracy,count,5,5
edge_only,fault_sustained,classifier_accuracy,mean,0.9874507772826371,5
edge_only,fault_sustained,classifier_accuracy,median,0.9873417721518988,5
edge_only,fault_sustained,classifier_accuracy,std,0.0004106006548431369,5
edge_only,fault_sustained,classifier_accuracy,p95,0.9878663426795512,5
edge_only,fault_sustained,classifier_accuracy,min,0.9869158878504672,5
edge_only,fault_sustained,classifier_accuracy,max,0.9878674755016332,5
edge_only,fault_sustained,classifier_correct_count,count,5,5
edge_only,fault_sustained,classifier_correct_count,mean,2140.0,5
edge_only,fault_sustained,classifier_correct_count,median,2117.0,5
edge_only,fault_sustained,classifier_correct_count,std,34.590461112855955,5
edge_only,fault_sustained,classifier_correct_count,p95,2181.4,5
edge_only,fault_sustained,classifier_correct_count,min,2112.0,5
edge_only,fault_sustained,classifier_correct_count,max,2184.0,5
edge_only,fault_sustained,classifier_cpu_count,count,5,5
edge_only,fault_sustained,classifier_cpu_count,mean,158.6,5
edge_only,fault_sustained,classifier_cpu_count,median,159.0,5
edge_only,fault_sustained,classifier_cpu_count,std,0.5477225575051661,5
edge_only,fault_sustained,classifier_cpu_count,p95,159.0,5
edge_only,fault_sustained,classifier_cpu_count,min,158.0,5
edge_only,fault_sustained,classifier_cpu_count,max,159.0,5
edge_only,fault_sustained,classifier_cpu_max,count,5,5
edge_only,fault_sustained,classifier_cpu_max,mean,17.5476,5
edge_only,fault_sustained,classifier_cpu_max,median,21.496,5
edge_only,fault_sustained,classifier_cpu_max,std,9.85822358744211,5
edge_only,fault_sustained,classifier_cpu_max,p95,27.5932,5
edge_only,fault_sustained,classifier_cpu_max,min,6.091,5
edge_only,fault_sustained,classifier_cpu_max,max,28.698,5
edge_only,fault_sustained,classifier_cpu_mean,count,5,5
edge_only,fault_sustained,classifier_cpu_mean,mean,1.6270020460154446,5
edge_only,fault_sustained,classifier_cpu_mean,median,1.5955911949685535,5
edge_only,fault_sustained,classifier_cpu_mean,std,0.1382409940999444,5
edge_only,fault_sustained,classifier_cpu_mean,p95,1.7794830188679245,5
edge_only,fault_sustained,classifier_cpu_mean,min,1.4866645569620254,5
edge_only,fault_sustained,classifier_cpu_mean,max,1.784874213836478,5
edge_only,fault_sustained,classifier_cpu_median,count,5,5
edge_only,fault_sustained,classifier_cpu_median,mean,0.1968,5
edge_only,fault_sustained,classifier_cpu_median,median,0.196,5
edge_only,fault_sustained,classifier_cpu_median,std,0.0019235384061671362,5
edge_only,fault_sustained,classifier_cpu_median,p95,0.19940000000000002,5
edge_only,fault_sustained,classifier_cpu_median,min,0.195,5
edge_only,fault_sustained,classifier_cpu_median,max,0.2,5
edge_only,fault_sustained,classifier_cpu_min,count,5,5
edge_only,fault_sustained,classifier_cpu_min,mean,0.16840000000000002,5
edge_only,fault_sustained,classifier_cpu_min,median,0.169,5
edge_only,fault_sustained,classifier_cpu_min,std,0.0018165902124584966,5
edge_only,fault_sustained,classifier_cpu_min,p95,0.17,5
edge_only,fault_sustained,classifier_cpu_min,min,0.166,5
edge_only,fault_sustained,classifier_cpu_min,max,0.17,5
edge_only,fault_sustained,classifier_cpu_p95,count,5,5
edge_only,fault_sustained,classifier_cpu_p95,mean,6.21129,5
edge_only,fault_sustained,classifier_cpu_p95,median,6.0127999999999995,5
edge_only,fault_sustained,classifier_cpu_p95,std,0.48449449480876466,5
edge_only,fault_sustained,classifier_cpu_p95,p95,6.86468,5
edge_only,fault_sustained,classifier_cpu_p95,min,5.9701,5
edge_only,fault_sustained,classifier_cpu_p95,max,7.0773,5
edge_only,fault_sustained,classifier_cpu_std,count,5,5
edge_only,fault_sustained,classifier_cpu_std,mean,2.812844887559848,5
edge_only,fault_sustained,classifier_cpu_std,median,2.7608596836094748,5
edge_only,fault_sustained,classifier_cpu_std,std,0.5684822772366748,5
edge_only,fault_sustained,classifier_cpu_std,p95,3.437829169717006,5
edge_only,fault_sustained,classifier_cpu_std,min,2.2170012824639564,5
edge_only,fault_sustained,classifier_cpu_std,max,3.469801595287543,5
edge_only,fault_sustained,classifier_ground_truth_count,count,5,5
edge_only,fault_sustained,classifier_ground_truth_count,mean,2167.2,5
edge_only,fault_sustained,classifier_ground_truth_count,median,2143.0,5
edge_only,fault_sustained,classifier_ground_truth_count,std,35.28030612112089,5
edge_only,fault_sustained,classifier_ground_truth_count,p95,2209.4,5
edge_only,fault_sustained,classifier_ground_truth_count,min,2140.0,5
edge_only,fault_sustained,classifier_ground_truth_count,max,2212.0,5
edge_only,fault_sustained,classifier_memory_count,count,5,5
edge_only,fault_sustained,classifier_memory_count,mean,158.6,5
edge_only,fault_sustained,classifier_memory_count,median,159.0,5
edge_only,fault_sustained,classifier_memory_count,std,0.5477225575051661,5
edge_only,fault_sustained,classifier_memory_count,p95,159.0,5
edge_only,fault_sustained,classifier_memory_count,min,158.0,5
edge_only,fault_sustained,classifier_memory_count,max,159.0,5
edge_only,fault_sustained,classifier_memory_max,count,5,5
edge_only,fault_sustained,classifier_memory_max,mean,359317504.0,5
edge_only,fault_sustained,classifier_memory_max,median,358215680.0,5
edge_only,fault_sustained,classifier_memory_max,std,1940931.4261189136,5
edge_only,fault_sustained,classifier_memory_max,p95,361911091.2,5
edge_only,fault_sustained,classifier_memory_max,min,357695488.0,5
edge_only,fault_sustained,classifier_memory_max,max,362348544.0,5
edge_only,fault_sustained,classifier_memory_mean,count,5,5
edge_only,fault_sustained,classifier_memory_mean,mean,351101495.5247512,5
edge_only,fault_sustained,classifier_memory_mean,median,351856678.6415094,5
edge_only,fault_sustained,classifier_memory_mean,std,1808150.655407756,5
edge_only,fault_sustained,classifier_memory_mean,p95,352030408.5853037,5
edge_only,fault_sustained,classifier_memory_mean,min,347871283.84810126,5
edge_only,fault_sustained,classifier_memory_mean,max,352066106.3291139,5
edge_only,fault_sustained,classifier_memory_median,count,5,5
edge_only,fault_sustained,classifier_memory_median,mean,351741952.0,5
edge_only,fault_sustained,classifier_memory_median,median,351748096.0,5
edge_only,fault_sustained,classifier_memory_median,std,211718.0361896454,5
edge_only,fault_sustained,classifier_memory_median,p95,351953715.2,5
edge_only,fault_sustained,classifier_memory_median,min,351406080.0,5
edge_only,fault_sustained,classifier_memory_median,max,351985664.0,5
edge_only,fault_sustained,classifier_memory_min,count,5,5
edge_only,fault_sustained,classifier_memory_min,mean,348831744.0,5
edge_only,fault_sustained,classifier_memory_min,median,351494144.0,5
edge_only,fault_sustained,classifier_memory_min,std,6066234.770815914,5
edge_only,fault_sustained,classifier_memory_min,p95,351664537.6,5
edge_only,fault_sustained,classifier_memory_min,min,337981440.0,5
edge_only,fault_sustained,classifier_memory_min,max,351707136.0,5
edge_only,fault_sustained,classifier_memory_p95,count,5,5
edge_only,fault_sustained,classifier_memory_p95,mean,352013189.12,5
edge_only,fault_sustained,classifier_memory_p95,median,352006144.0,5
edge_only,fault_sustained,classifier_memory_p95,std,159159.8822151913,5
edge_only,fault_sustained,classifier_memory_p95,p95,352202342.40000004,5
edge_only,fault_sustained,classifier_memory_p95,min,351797248.0,5
edge_only,fault_sustained,classifier_memory_p95,max,352240844.8,5
edge_only,fault_sustained,classifier_memory_std,count,5,5
edge_only,fault_sustained,classifier_memory_std,mean,1711988.0255419083,5
edge_only,fault_sustained,classifier_memory_std,median,687846.2783750847,5
edge_only,fault_sustained,classifier_memory_std,std,2381405.1799255423,5
edge_only,fault_sustained,classifier_memory_std,p95,4916713.13524407,5
edge_only,fault_sustained,classifier_memory_std,min,529655.334972352,5
edge_only,fault_sustained,classifier_memory_std,max,5970185.362819588,5
edge_only,fault_sustained,classifier_processing_ms_count,count,5,5
edge_only,fault_sustained,classifier_processing_ms_count,mean,23.4,5
edge_only,fault_sustained,classifier_processing_ms_count,median,23.0,5
edge_only,fault_sustained,classifier_processing_ms_count,std,0.5477225575051661,5
edge_only,fault_sustained,classifier_processing_ms_count,p95,24.0,5
edge_only,fault_sustained,classifier_processing_ms_count,min,23.0,5
edge_only,fault_sustained,classifier_processing_ms_count,max,24.0,5
edge_only,fault_sustained,classifier_processing_ms_max,count,5,5
edge_only,fault_sustained,classifier_processing_ms_max,mean,88.1502628326416,5
edge_only,fault_sustained,classifier_processing_ms_max,median,14.321565628051758,5
edge_only,fault_sustained,classifier_processing_ms_max,std,110.9126959592624,5
edge_only,fault_sustained,classifier_processing_ms_max,p95,234.33446884155273,5
edge_only,fault_sustained,classifier_processing_ms_max,min,8.26263427734375,5
edge_only,fault_sustained,classifier_processing_ms_max,max,255.60808181762695,5
edge_only,fault_sustained,classifier_processing_ms_mean,count,5,5
edge_only,fault_sustained,classifier_processing_ms_mean,mean,11.512338596841563,5
edge_only,fault_sustained,classifier_processing_ms_mean,median,7.575233777364095,5
edge_only,fault_sustained,classifier_processing_ms_mean,std,6.196526223263873,5
edge_only,fault_sustained,classifier_processing_ms_mean,p95,19.846073095349297,5
edge_only,fault_sustained,classifier_processing_ms_mean,min,7.089977679045304,5
edge_only,fault_sustained,classifier_processing_ms_mean,max,21.267393360967223,5
edge_only,fault_sustained,classifier_processing_ms_median,count,5,5
edge_only,fault_sustained,classifier_processing_ms_median,mean,7.272052764892578,5
edge_only,fault_sustained,classifier_processing_ms_median,median,7.276296615600586,5
edge_only,fault_sustained,classifier_processing_ms_median,std,0.1412642052354267,5
edge_only,fault_sustained,classifier_processing_ms_median,p95,7.442522048950195,5
edge_only,fault_sustained,classifier_processing_ms_median,min,7.088422775268555,5
edge_only,fault_sustained,classifier_processing_ms_median,max,7.481813430786133,5
edge_only,fault_sustained,classifier_processing_ms_min,count,5,5
edge_only,fault_sustained,classifier_processing_ms_min,mean,6.379461288452148,5
edge_only,fault_sustained,classifier_processing_ms_min,median,6.244897842407227,5
edge_only,fault_sustained,classifier_processing_ms_min,std,0.25229894058883573,5
edge_only,fault_sustained,classifier_processing_ms_min,p95,6.689262390136719,5
edge_only,fault_sustained,classifier_processing_ms_min,min,6.153106689453125,5
edge_only,fault_sustained,classifier_processing_ms_min,max,6.716489791870117,5
edge_only,fault_sustained,classifier_processing_ms_p95,count,5,5
edge_only,fault_sustained,classifier_processing_ms_p95,mean,20.014171600341783,5
edge_only,fault_sustained,classifier_processing_ms_p95,median,9.260928630828856,5
edge_only,fault_sustained,classifier_processing_ms_p95,std,19.127431798402963,5
edge_only,fault_sustained,classifier_processing_ms_p95,p95,46.47124052047725,5
edge_only,fault_sustained,classifier_processing_ms_p95,min,7.9888105392456055,5
edge_only,fault_sustained,classifier_processing_ms_p95,max,52.622675895690875,5
edge_only,fault_sustained,classifier_processing_ms_std,count,5,5
edge_only,fault_sustained,classifier_processing_ms_std,mean,16.92429978974329,5
edge_only,fault_sustained,classifier_processing_ms_std,median,1.6001456197918429,5
edge_only,fault_sustained,classifier_processing_ms_std,std,23.097466238100804,5
edge_only,fault_sustained,classifier_processing_ms_std,p95,47.52857953476757,5
edge_only,fault_sustained,classifier_processing_ms_std,min,0.44641262372919904,5
edge_only,fault_sustained,classifier_processing_ms_std,max,52.163826747474374,5
edge_only,fault_sustained,cloud_escalations,count,5,5
edge_only,fault_sustained,cloud_escalations,mean,23.4,5
edge_only,fault_sustained,cloud_escalations,median,23.0,5
edge_only,fault_sustained,cloud_escalations,std,0.5477225575051661,5
edge_only,fault_sustained,cloud_escalations,p95,24.0,5
edge_only,fault_sustained,cloud_escalations,min,23.0,5
edge_only,fault_sustained,cloud_escalations,max,24.0,5
edge_only,fault_sustained,decision_time_ms_count,count,5,5
edge_only,fault_sustained,decision_time_ms_count,mean,31.6,5
edge_only,fault_sustained,decision_time_ms_count,median,32.0,5
edge_only,fault_sustained,decision_time_ms_count,std,0.5477225575051661,5
edge_only,fault_sustained,decision_time_ms_count,p95,32.0,5
edge_only,fault_sustained,decision_time_ms_count,min,31.0,5
edge_only,fault_sustained,decision_time_ms_count,max,32.0,5
edge_only,fault_sustained,decision_time_ms_max,count,5,5
edge_only,fault_sustained,decision_time_ms_max,mean,1.24053955078125,5
edge_only,fault_sustained,decision_time_ms_max,median,1.0426044464111328,5
edge_only,fault_sustained,decision_time_ms_max,std,0.36343088023895925,5
edge_only,fault_sustained,decision_time_ms_max,p95,1.6362190246582031,5
edge_only,fault_sustained,decision_time_ms_max,min,0.9353160858154297,5
edge_only,fault_sustained,decision_time_ms_max,max,1.6362667083740234,5
edge_only,fault_sustained,decision_time_ms_mean,count,5,5
edge_only,fault_sustained,decision_time_ms_mean,mean,0.3607022185479441,5
edge_only,fault_sustained,decision_time_ms_mean,median,0.36215782165527344,5
edge_only,fault_sustained,decision_time_ms_mean,std,0.025601533688006887,5
edge_only,fault_sustained,decision_time_ms_mean,p95,0.3923609372108213,5
edge_only,fault_sustained,decision_time_ms_mean,min,0.33041834831237793,5
edge_only,fault_sustained,decision_time_ms_mean,max,0.3990511740407636,5
edge_only,fault_sustained,decision_time_ms_median,count,5,5
edge_only,fault_sustained,decision_time_ms_median,mean,0.35605430603027344,5
edge_only,fault_sustained,decision_time_ms_median,median,0.3578662872314453,5
edge_only,fault_sustained,decision_time_ms_median,std,0.012214560999008162,5
edge_only,fault_sustained,decision_time_ms_median,p95,0.37064552307128906,5
edge_only,fault_sustained,decision_time_ms_median,min,0.3415346145629883,5
edge_only,fault_sustained,decision_time_ms_median,max,0.3733634948730469,5
edge_only,fault_sustained,decision_time_ms_min,count,5,5
edge_only,fault_sustained,decision_time_ms_min,mean,0.07371902465820312,5
edge_only,fault_sustained,decision_time_ms_min,median,0.07367134094238281,5
edge_only,fault_sustained,decision_time_ms_min,std,0.004590409063656695,5
edge_only,fault_sustained,decision_time_ms_min,p95,0.07901191711425781,5
edge_only,fault_sustained,decision_time_ms_min,min,0.06723403930664062,5
edge_only,fault_sustained,decision_time_ms_min,max,0.080108642578125,5
edge_only,fault_sustained,decision_time_ms_p95,count,5,5
edge_only,fault_sustained,decision_time_ms_p95,mean,0.8317422866821288,5
edge_only,fault_sustained,decision_time_ms_p95,median,0.882279872894287,5
edge_only,fault_sustained,decision_time_ms_p95,std,0.11871324348133623,5
edge_only,fault_sustained,decision_time_ms_p95,p95,0.9518980979919434,5
edge_only,fault_sustained,decision_time_ms_p95,min,0.6795167922973631,5
edge_only,fault_sustained,decision_time_ms_p95,max,0.9669065475463867,5
edge_only,fault_sustained,decision_time_ms_std,count,5,5
edge_only,fault_sustained,decision_time_ms_std,mean,0.2555818288446116,5
edge_only,fault_sustained,decision_time_ms_std,median,0.24234500315944585,5
edge_only,fault_sustained,decision_time_ms_std,std,0.05157378738917096,5
edge_only,fault_sustained,decision_time_ms_std,p95,0.3127004298190174,5
edge_only,fault_sustained,decision_time_ms_std,min,0.2010517660946043,5
edge_only,fault_sustained,decision_time_ms_std,max,0.3148069081703617,5
edge_only,fault_sustained,decision_windows,count,5,5
edge_only,fault_sustained,decision_windows,mean,31.6,5
edge_only,fault_sustained,decision_windows,median,32.0,5
edge_only,fault_sustained,decision_windows,std,0.5477225575051661,5
edge_only,fault_sustained,decision_windows,p95,32.0,5
edge_only,fault_sustained,decision_windows,min,31.0,5
edge_only,fault_sustained,decision_windows,max,32.0,5
edge_only,fault_sustained,detection_latency_ms_count,count,5,5
edge_only,fault_sustained,detection_latency_ms_count,mean,2215.8,5
edge_only,fault_sustained,detection_latency_ms_count,median,2216.0,5
edge_only,fault_sustained,detection_latency_ms_count,std,8.67179335547152,5
edge_only,fault_sustained,detection_latency_ms_count,p95,2226.0,5
edge_only,fault_sustained,detection_latency_ms_count,min,2204.0,5
edge_only,fault_sustained,detection_latency_ms_count,max,2228.0,5
edge_only,fault_sustained,detection_latency_ms_max,count,5,5
edge_only,fault_sustained,detection_latency_ms_max,mean,89.09182548522949,5
edge_only,fault_sustained,detection_latency_ms_max,median,87.50796318054199,5
edge_only,fault_sustained,detection_latency_ms_max,std,17.56537205000695,5
edge_only,fault_sustained,detection_latency_ms_max,p95,110.49857139587402,5
edge_only,fault_sustained,detection_latency_ms_max,min,66.93863868713379,5
edge_only,fault_sustained,detection_latency_ms_max,max,114.1357421875,5
edge_only,fault_sustained,detection_latency_ms_mean,count,5,5
edge_only,fault_sustained,detection_latency_ms_mean,mean,4.780626001507224,5
edge_only,fault_sustained,detection_latency_ms_mean,median,4.793439776079873,5
edge_only,fault_sustained,detection_latency_ms_mean,std,0.10331843573684737,5
edge_only,fault_sustained,detection_latency_ms_mean,p95,4.903606864822529,5
edge_only,fault_sustained,detection_latency_ms_mean,min,4.647972138823291,5
edge_only,fault_sustained,detection_latency_ms_mean,max,4.929175884257146,5
edge_only,fault_sustained,detection_latency_ms_median,count,5,5
edge_only,fault_sustained,detection_latency_ms_median,mean,4.010772705078125,5
edge_only,fault_sustained,detection_latency_ms_median,median,4.009604454040527,5
edge_only,fault_sustained,detection_latency_ms_median,std,0.006247635924591425,5
edge_only,fault_sustained,detection_latency_ms_median,p95,4.018974304199219,5
edge_only,fault_sustained,detection_latency_ms_median,min,4.004359245300293,5
edge_only,fault_sustained,detection_latency_ms_median,max,4.02069091796875,5
edge_only,fault_sustained,detection_latency_ms_min,count,5,5
edge_only,fault_sustained,detection_latency_ms_min,mean,3.7115097045898438,5
edge_only,fault_sustained,detection_latency_ms_min,median,3.7140846252441406,5
edge_only,fault_sustained,detection_latency_ms_min,std,0.01939810248021416,5
edge_only,fault_sustained,detection_latency_ms_min,p95,3.7313461303710938,5
edge_only,fault_sustained,detection_latency_ms_min,min,3.6864280700683594,5
edge_only,fault_sustained,detection_latency_ms_min,max,3.732442855834961,5
edge_only,fault_sustained,detection_latency_ms_p95,count,5,5
edge_only,fault_sustained,detection_latency_ms_p95,mean,6.858420372009279,5
edge_only,fault_sustained,detection_latency_ms_p95,median,6.603252887725835,5
edge_only,fault_sustained,detection_latency_ms_p95,std,1.012673123492248,5
edge_only,fault_sustained,detection_latency_ms_p95,p95,8.234877586364746,5
edge_only,fault_sustained,detection_latency_ms_p95,min,6.145834922790527,5
edge_only,fault_sustained,detection_latency_ms_p95,max,8.622181415557863,5
edge_only,fault_sustained,detection_latency_ms_std,count,5,5
edge_only,fault_sustained,detection_latency_ms_std,mean,4.499158272418314,5
edge_only,fault_sustained,detection_latency_ms_std,median,4.6617360783363315,5
edge_only,fault_sustained,detection_latency_ms_std,std,0.6412071310930452,5
edge_only,fault_sustained,detection_latency_ms_std,p95,5.108234862534648,5
edge_only,fault_sustained,detection_latency_ms_std,min,3.499452303245221,5
edge_only,fault_sustained,detection_latency_ms_std,max,5.170239309037494,5
edge_only,fault_sustained,detector_cpu_count,count,5,5
edge_only,fault_sustained,detector_cpu_count,mean,158.8,5
edge_only,fault_sustained,detector_cpu_count,median,159.0,5
edge_only,fault_sustained,detector_cpu_count,std,0.4472135954999579,5
edge_only,fault_sustained,detector_cpu_count,p95,159.0,5
edge_only,fault_sustained,detector_cpu_count,min,158.0,5
edge_only,fault_sustained,detector_cpu_count,max,159.0,5
edge_only,fault_sustained,detector_cpu_max,count,5,5
edge_only,fault_sustained,detector_cpu_max,mean,151.082,5
edge_only,fault_sustained,detector_cpu_max,median,120.454,5
edge_only,fault_sustained,detector_cpu_max,std,63.67067314706198,5
edge_only,fault_sustained,detector_cpu_max,p95,238.45499999999998,5
edge_only,fault_sustained,detector_cpu_max,min,106.557,5
edge_only,fault_sustained,detector_cpu_max,max,257.195,5
edge_only,fault_sustained,detector_cpu_mean,count,5,5
edge_only,fault_sustained,detector_cpu_mean,mean,7.7010786481968,5
edge_only,fault_sustained,detector_cpu_mean,median,8.042389937106918,5
edge_only,fault_sustained,detector_cpu_mean,std,1.4597782042639165,5
edge_only,fault_sustained,detector_cpu_mean,p95,8.853830316057639,5
edge_only,fault_sustained,detector_cpu_mean,min,5.198452830188679,5
edge_only,fault_sustained,detector_cpu_mean,max,8.960525316455696,5
edge_only,fault_sustained,detector_cpu_median,count,5,5
edge_only,fault_sustained,detector_cpu_median,mean,3.6615,5
edge_only,fault_sustained,detector_cpu_median,median,3.7215,5
edge_only,fault_sustained,detector_cpu_median,std,0.13457061343398857,5
edge_only,fault_sustained,detector_cpu_median,p95,3.7908,5
edge_only,fault_sustained,detector_cpu_median,min,3.474,5
edge_only,fault_sustained,detector_cpu_median,max,3.805,5
edge_only,fault_sustained,detector_cpu_min,count,5,5
edge_only,fault_sustained,detector_cpu_min,mean,0.2822,5
edge_only,fault_sustained,detector_cpu_min,median,0.068,5
edge_only,fault_sustained,detector_cpu_min,std,0.47786106767553266,5
edge_only,fault_sustained,detector_cpu_min,p95,0.9243999999999997,5
edge_only,fault_sustained,detector_cpu_min,min,0.064,5
edge_only,fault_sustained,detector_cpu_min,max,1.137,5
edge_only,fault_sustained,detector_cpu_p95,count,5,5
edge_only,fault_sustained,detector_cpu_p95,mean,25.431739999999976,5
edge_only,fault_sustained,detector_cpu_p95,median,22.70399999999993,5
edge_only,fault_sustained,detector_cpu_p95,std,11.469482946846396,5
edge_only,fault_sustained,detector_cpu_p95,p95,40.65452,5
edge_only,fault_sustained,detector_cpu_p95,min,13.757599999999977,5
edge_only,fault_sustained,detector_cpu_p95,max,44.254900000000006,5
edge_only,fault_sustained,detector_cpu_std,count,5,5
edge_only,fault_sustained,detector_cpu_std,mean,17.664765970414507,5
edge_only,fault_sustained,detector_cpu_std,median,18.33699082190193,5
edge_only,fault_sustained,detector_cpu_std,std,6.2989215077382505,5
edge_only,fault_sustained,detector_cpu_std,p95,24.934386257568697,5
edge_only,fault_sustained,detector_cpu_std,min,9.33714259526328,5
edge_only,fault_sustained,detector_cpu_std,max,26.121809945847676,5
edge_only,fault_sustained,detector_memory_count,count,5,5
edge_only,fault_sustained,detector_memory_count,mean,158.8,5
edge_only,fault_sustained,detector_memory_count,median,159.0,5
edge_only,fault_sustained,detector_memory_count,std,0.4472135954999579,5
edge_only,fault_sustained,detector_memory_count,p95,159.0,5
edge_only,fault_sustained,detector_memory_count,min,158.0,5
edge_only,fault_sustained,detector_memory_count,max,159.0,5
edge_only,fault_sustained,detector_memory_max,count,5,5
edge_only,fault_sustained,detector_memory_max,mean,259860070.4,5
edge_only,fault_sustained,detector_memory_max,median,259858432.0,5
edge_only,fault_sustained,detector_memory_max,std,169219.83414718264,5
edge_only,fault_sustained,detector_memory_max,p95,260055040.0,5
edge_only,fault_sustained,detector_memory_max,min,259620864.0,5
edge_only,fault_sustained,detector_memory_max,max,260096000.0,5
edge_only,fault_sustained,detector_memory_mean,count,5,5
edge_only,fault_sustained,detector_memory_mean,mean,257921509.38301092,5
edge_only,fault_sustained,detector_memory_mean,median,257922621.18238994,5
edge_only,fault_sustained,detector_memory_mean,std,13772.967082759838,5
edge_only,fault_sustained,detector_memory_mean,p95,257933044.0855346,5
edge_only,fault_sustained,detector_memory_mean,min,257898611.9245283,5
edge_only,fault_sustained,detector_memory_mean,max,257933595.3710692,5
edge_only,fault_sustained,detector_memory_median,count,5,5
edge_only,fault_sustained,detector_memory_median,mean,257939865.6,5
edge_only,fault_sustained,detector_memory_median,median,257945600.0,5
edge_only,fault_sustained,detector_memory_median,std,10280.87840605072,5
edge_only,fault_sustained,detector_memory_median,p95,257948876.8,5
edge_only,fault_sustained,detector_memory_median,min,257925120.0,5
edge_only,fault_sustained,detector_memory_median,max,257949696.0,5
edge_only,fault_sustained,detector_memory_min,count,5,5
edge_only,fault_sustained,detector_memory_min,mean,257578598.4,5
edge_only,fault_sustained,detector_memory_min,median,257589248.0,5
edge_only,fault_sustained,detector_memory_min,std,25015.798144372686,5
edge_only,fault_sustained,detector_memory_min,p95,257596620.8,5
edge_only,fault_sustained,detector_memory_min,min,257536000.0,5
edge_only,fault_sustained,detector_memory_min,max,257597440.0,5
edge_only,fault_sustained,detector_memory_p95,count,5,5
edge_only,fault_sustained,detector_memory_p95,mean,258059018.24,5
edge_only,fault_sustained,detector_memory_p95,median,258064793.6,5
edge_only,fault_sustained,detector_memory_p95,std,13331.205837730575,5
edge_only,fault_sustained,detector_memory_p95,p95,258068070.4,5
edge_only,fault_sustained,detector_memory_p95,min,258035712.0,5
edge_only,fault_sustained,detector_memory_p95,max,258068889.6,5
edge_only,fault_sustained,detector_memory_std,count,5,5
edge_only,fault_sustained,detector_memory_std,mean,197486.67765195653,5
edge_only,fault_sustained,detector_memory_std,median,196350.27536537257,5
edge_only,fault_sustained,detector_memory_std,std,12838.38710049803,5
edge_only,fault_sustained,detector_memory_std,p95,213685.04638429958,5
edge_only,fault_sustained,detector_memory_std,min,182669.5512836993,5
edge_only,fault_sustained,detector_memory_std,max,216768.5682993375,5
edge_only,fault_sustained,detector_processing_ms_count,count,5,5
edge_only,fault_sustained,detector_processing_ms_count,mean,51.2,5
edge_only,fault_sustained,detector_processing_ms_count,median,50.0,5
edge_only,fault_sustained,detector_processing_ms_count,std,1.7888543819998317,5
edge_only,fault_sustained,detector_processing_ms_count,p95,53.6,5
edge_only,fault_sustained,detector_processing_ms_count,min,50.0,5
edge_only,fault_sustained,detector_processing_ms_count,max,54.0,5
edge_only,fault_sustained,detector_processing_ms_max,count,5,5
edge_only,fault_sustained,detector_processing_ms_max,mean,99.75748062133789,5
edge_only,fault_sustained,detector_processing_ms_max,median,100.20160675048828,5
edge_only,fault_sustained,detector_processing_ms_max,std,1.1997085662043205,5
edge_only,fault_sustained,detector_processing_ms_max,p95,100.8307933807373,5
edge_only,fault_sustained,detector_processing_ms_max,min,97.9161262512207,5
edge_only,fault_sustained,detector_processing_ms_max,max,100.90899467468262,5
edge_only,fault_sustained,detector_processing_ms_mean,count,5,5
edge_only,fault_sustained,detector_processing_ms_mean,mean,45.37553574624564,5
edge_only,fault_sustained,detector_processing_ms_mean,median,46.377920187436615,5
edge_only,fault_sustained,detector_processing_ms_mean,std,3.09356449226531,5
edge_only,fault_sustained,detector_processing_ms_mean,p95,48.23783012672707,5
edge_only,fault_sustained,detector_processing_ms_mean,min,40.4520320892334,5
edge_only,fault_sustained,detector_processing_ms_mean,max,48.58680725097656,5
edge_only,fault_sustained,detector_processing_ms_median,count,5,5
edge_only,fault_sustained,detector_processing_ms_median,mean,44.37613487243652,5
edge_only,fault_sustained,detector_processing_ms_median,median,47.56951332092285,5
edge_only,fault_sustained,detector_processing_ms_median,std,7.003672095437648,5
edge_only,fault_sustained,detector_processing_ms_median,p95,50.908470153808594,5
edge_only,fault_sustained,detector_processing_ms_median,min,34.5301628112793,5
edge_only,fault_sustained,detector_processing_ms_median,max,51.51176452636719,5
edge_only,fault_sustained,detector_processing_ms_min,count,5,5
edge_only,fault_sustained,detector_processing_ms_min,mean,2.8751373291015625,5
edge_only,fault_sustained,detector_processing_ms_min,median,2.8429031372070312,5
edge_only,fault_sustained,detector_processing_ms_min,std,0.07022983381802773,5
edge_only,fault_sustained,detector_processing_ms_min,p95,2.971029281616211,5
edge_only,fault_sustained,detector_processing_ms_min,min,2.836942672729492,5
edge_only,fault_sustained,detector_processing_ms_min,max,3.0002593994140625,5
edge_only,fault_sustained,detector_processing_ms_p95,count,5,5
edge_only,fault_sustained,detector_processing_ms_p95,mean,94.72719907760619,5
edge_only,fault_sustained,detector_processing_ms_p95,median,95.41534185409544,5
edge_only,fault_sustained,detector_processing_ms_p95,std,2.8507090981702077,5
edge_only,fault_sustained,detector_processing_ms_p95,p95,97.361900806427,5
edge_only,fault_sustained,detector_processing_ms_p95,min,90.0577187538147,5
edge_only,fault_sustained,detector_processing_ms_p95,max,97.79232740402222,5
edge_only,fault_sustained,detector_processing_ms_std,count,5,5
edge_only,fault_sustained,detector_processing_ms_std,mean,30.963167852517646,5
edge_only,fault_sustained,detector_processing_ms_std,median,30.93541585917235,5
edge_only,fault_sustained,detector_processing_ms_std,std,1.116129454920893,5
edge_only,fault_sustained,detector_processing_ms_std,p95,32.337822541078,5
edge_only,fault_sustained,detector_processing_ms_std,min,29.876797983316827,5
edge_only,fault_sustained,detector_processing_ms_std,max,32.54857792393142,5
edge_only,fault_sustained,diagnosis_latency_ms_count,count,5,5
edge_only,fault_sustained,diagnosis_latency_ms_count,mean,23.4,5
edge_only,fault_sustained,diagnosis_latency_ms_count,median,23.0,5
edge_only,fault_sustained,diagnosis_latency_ms_count,std,0.5477225575051661,5
edge_only,fault_sustained,diagnosis_latency_ms_count,p95,24.0,5
edge_only,fault_sustained,diagnosis_latency_ms_count,min,23.0,5
edge_only,fault_sustained,diagnosis_latency_ms_count,max,24.0,5
edge_only,fault_sustained,diagnosis_latency_ms_max,count,5,5
edge_only,fault_sustained,diagnosis_latency_ms_max,mean,177.62470245361328,5
edge_only,fault_sustained,diagnosis_latency_ms_max,median,53.7111759185791,5
edge_only,fault_sustained,diagnosis_latency_ms_max,std,243.49744884874198,5
edge_only,fault_sustained,diagnosis_latency_ms_max,p95,514.6096706390381,5
edge_only,fault_sustained,diagnosis_latency_ms_max,min,24.17755126953125,5
edge_only,fault_sustained,diagnosis_latency_ms_max,max,601.517915725708,5
edge_only,fault_sustained,diagnosis_latency_ms_mean,count,5,5
edge_only,fault_sustained,diagnosis_latency_ms_mean,mean,28.991710275843523,5
edge_only,fault_sustained,diagnosis_latency_ms_mean,median,22.14948336283366,5
edge_only,fault_sustained,diagnosis_latency_ms_mean,std,13.252595219828569,5
edge_only,fault_sustained,diagnosis_latency_ms_mean,p95,47.339820861816406,5
edge_only,fault_sustained,diagnosis_latency_ms_mean,min,20.650708157083262,5
edge_only,fault_sustained,diagnosis_latency_ms_mean,max,51.90634727478027,5
edge_only,fault_sustained,diagnosis_latency_ms_median,count,5,5
edge_only,fault_sustained,diagnosis_latency_ms_median,mean,20.538663864135742,5
edge_only,fault_sustained,diagnosis_latency_ms_median,median,20.369529724121094,5
edge_only,fault_sustained,diagnosis_latency_ms_median,std,0.28212145115613274,5
edge_only,fault_sustained,diagnosis_latency_ms_median,p95,20.894813537597656,5
edge_only,fault_sustained,diagnosis_latency_ms_median,min,20.2944278717041,5
edge_only,fault_sustained,diagnosis_latency_ms_median,max,20.93338966369629,5
edge_only,fault_sustained,diagnosis_latency_ms_min,count,5,5
edge_only,fault_sustained,diagnosis_latency_ms_min,mean,17.762088775634766,5
edge_only,fault_sustained,diagnosis_latency_ms_min,median,17.410993576049805,5
edge_only,fault_sustained,diagnosis_latency_ms_min,std,0.5720916924761356,5
edge_only,fault_sustained,diagnosis_latency_ms_min,p95,18.521976470947266,5
edge_only,fault_sustained,diagnosis_latency_ms_min,min,17.307519912719727,5
edge_only,fault_sustained,diagnosis_latency_ms_min,max,18.64147186279297,5
edge_only,fault_sustained,diagnosis_latency_ms_p95,count,5,5
edge_only,fault_sustained,diagnosis_latency_ms_p95,mean,46.70583963394163,5
edge_only,fault_sustained,diagnosis_latency_ms_p95,median,24.69097375869751,5
edge_only,fault_sustained,diagnosis_latency_ms_p95,std,36.458465340681094,5
edge_only,fault_sustained,diagnosis_latency_ms_p95,p95,96.98491573333732,5
edge_only,fault_sustained,diagnosis_latency_ms_p95,min,23.885583877563473,5
edge_only,fault_sustained,diagnosis_latency_ms_p95,max,107.97600746154777,5
edge_only,fault_sustained,diagnosis_latency_ms_std,count,5,5
edge_only,fault_sustained,diagnosis_latency_ms_std,mean,33.111774062620995,5
edge_only,fault_sustained,diagnosis_latency_ms_std,median,6.9551275696892745,5
edge_only,fault_sustained,diagnosis_latency_ms_std,std,50.747652222417734,5
edge_only,fault_sustained,diagnosis_latency_ms_std,p95,103.35672856761985,5
edge_only,fault_sustained,diagnosis_latency_ms_std,min,1.6671634520405227,5
edge_only,fault_sustained,diagnosis_latency_ms_std,max,121.52216142544594,5
edge_only,fault_sustained,e2e_latency_ms_count,count,5,5
edge_only,fault_sustained,e2e_latency_ms_count,mean,23.4,5
edge_only,fault_sustained,e2e_latency_ms_count,median,23.0,5
edge_only,fault_sustained,e2e_latency_ms_count,std,0.5477225575051661,5
edge_only,fault_sustained,e2e_latency_ms_count,p95,24.0,5
edge_only,fault_sustained,e2e_latency_ms_count,min,23.0,5
edge_only,fault_sustained,e2e_latency_ms_count,max,24.0,5
edge_only,fault_sustained,e2e_latency_ms_max,count,5,5
edge_only,fault_sustained,e2e_latency_ms_max,mean,10206.04019165039,5
edge_only,fault_sustained,e2e_latency_ms_max,median,10110.669612884521,5
edge_only,fault_sustained,e2e_latency_ms_max,std,239.08515695862155,5
edge_only,fault_sustained,e2e_latency_ms_max,p95,10534.798431396484,5
edge_only,fault_sustained,e2e_latency_ms_max,min,10060.05883216858,5
edge_only,fault_sustained,e2e_latency_ms_max,max,10626.852989196777,5
edge_only,fault_sustained,e2e_latency_ms_mean,count,5,5
edge_only,fault_sustained,e2e_latency_ms_mean,mean,9935.957240885582,5
edge_only,fault_sustained,e2e_latency_ms_mean,median,10007.660409678583,5
edge_only,fault_sustained,e2e_latency_ms_mean,std,128.9444693523167,5
edge_only,fault_sustained,e2e_latency_ms_mean,p95,10046.793017180069,5
edge_only,fault_sustained,e2e_latency_ms_mean,min,9747.338771820068,5
edge_only,fault_sustained,e2e_latency_ms_mean,max,10056.060065393862,5
edge_only,fault_sustained,e2e_latency_ms_median,count,5,5
edge_only,fault_sustained,e2e_latency_ms_median,mean,10015.2086019516,5
edge_only,fault_sustained,e2e_latency_ms_median,median,10013.069152832031,5
edge_only,fault_sustained,e2e_latency_ms_median,std,13.956953639954493,5
edge_only,fault_sustained,e2e_latency_ms_median,p95,10028.400182723999,5
edge_only,fault_sustained,e2e_latency_ms_median,min,9994.45903301239,5
edge_only,fault_sustained,e2e_latency_ms_median,max,10028.569221496582,5
edge_only,fault_sustained,e2e_latency_ms_min,count,5,5
edge_only,fault_sustained,e2e_latency_ms_min,mean,8637.223625183105,5
edge_only,fault_sustained,e2e_latency_ms_min,median,9851.122617721558,5
edge_only,fault_sustained,e2e_latency_ms_min,std,1818.1865011523332,5
edge_only,fault_sustained,e2e_latency_ms_min,p95,9954.424381256104,5
edge_only,fault_sustained,e2e_latency_ms_min,min,5960.447788238525,5
edge_only,fault_sustained,e2e_latency_ms_min,max,9972.254276275635,5
edge_only,fault_sustained,e2e_latency_ms_p95,count,5,5
edge_only,fault_sustained,e2e_latency_ms_p95,mean,10073.627896308899,5
edge_only,fault_sustained,e2e_latency_ms_p95,median,10064.495134353638,5
edge_only,fault_sustained,e2e_latency_ms_p95,std,26.35412175923736,5
edge_only,fault_sustained,e2e_latency_ms_p95,p95,10109.19777393341,5
edge_only,fault_sustained,e2e_latency_ms_p95,min,10053.910160064697,5
edge_only,fault_sustained,e2e_latency_ms_p95,max,10119.99545097351,5
edge_only,fault_sustained,e2e_latency_ms_std,count,5,5
edge_only,fault_sustained,e2e_latency_ms_std,mean,354.4502060917391,5
edge_only,fault_sustained,e2e_latency_ms_std,median,131.1663517393848,5
edge_only,fault_sustained,e2e_latency_ms_std,std,384.90439077898895,5
edge_only,fault_sustained,e2e_latency_ms_std,p95,807.6177612355795,5
edge_only,fault_sustained,e2e_latency_ms_std,min,45.85699807923386,5
edge_only,fault_sustained,e2e_latency_ms_std,max,831.4078071566529,5
edge_only,fault_sustained,escalated_samples,count,5,5
edge_only,fault_sustained,escalated_samples,mean,2167.2,5
edge_only,fault_sustained,escalated_samples,median,2143.0,5
edge_only,fault_sustained,escalated_samples,std,35.28030612112089,5
edge_only,fault_sustained,escalated_samples,p95,2209.4,5
edge_only,fault_sustained,escalated_samples,min,2140.0,5
edge_only,fault_sustained,escalated_samples,max,2212.0,5
edge_only,fault_sustained,estimated_cloud_data_bytes,count,5,5
edge_only,fault_sustained,estimated_cloud_data_bytes,mean,0.0,5
edge_only,fault_sustained,estimated_cloud_data_bytes,median,0.0,5
edge_only,fault_sustained,estimated_cloud_data_bytes,std,0.0,5
edge_only,fault_sustained,estimated_cloud_data_bytes,p95,0.0,5
edge_only,fault_sustained,estimated_cloud_data_bytes,min,0.0,5
edge_only,fault_sustained,estimated_cloud_data_bytes,max,0.0,5
edge_only,fault_sustained,estimated_cloud_data_bytes_per_minute,count,5,5
edge_only,fault_sustained,estimated_cloud_data_bytes_per_minute,mean,0.0,5
edge_only,fault_sustained,estimated_cloud_data_bytes_per_minute,median,0.0,5
edge_only,fault_sustained,estimated_cloud_data_bytes_per_minute,std,0.0,5
edge_only,fault_sustained,estimated_cloud_data_bytes_per_minute,p95,0.0,5
edge_only,fault_sustained,estimated_cloud_data_bytes_per_minute,min,0.0,5
edge_only,fault_sustained,estimated_cloud_data_bytes_per_minute,max,0.0,5
edge_only,fault_sustained,estimated_sample_bytes,count,5,5
edge_only,fault_sustained,estimated_sample_bytes,mean,977.33,5
edge_only,fault_sustained,estimated_sample_bytes,median,977.33,5
edge_only,fault_sustained,estimated_sample_bytes,std,0.0,5
edge_only,fault_sustained,estimated_sample_bytes,p95,977.33,5
edge_only,fault_sustained,estimated_sample_bytes,min,977.33,5
edge_only,fault_sustained,estimated_sample_bytes,max,977.33,5
edge_only,fault_sustained,measurement_seconds,count,5,5
edge_only,fault_sustained,measurement_seconds,mean,300.46198205947877,5
edge_only,fault_sustained,measurement_seconds,median,300.1963860988617,5
edge_only,fault_sustained,measurement_seconds,std,1.3392379702018866,5
edge_only,fault_sustained,measurement_seconds,p95,302.21995091438293,5
edge_only,fault_sustained,measurement_seconds,min,299.03404998779297,5
edge_only,fault_sustained,measurement_seconds,max,302.63321113586426,5
edge_only,fault_sustained,normal_decisions,count,5,5
edge_only,fault_sustained,normal_decisions,mean,8.0,5
edge_only,fault_sustained,normal_decisions,median,8.0,5
edge_only,fault_sustained,normal_decisions,std,0.0,5
edge_only,fault_sustained,normal_decisions,p95,8.0,5
edge_only,fault_sustained,normal_decisions,min,8.0,5
edge_only,fault_sustained,normal_decisions,max,8.0,5
edge_only,fault_sustained,orchestrator_cpu_count,count,5,5
edge_only,fault_sustained,orchestrator_cpu_count,mean,31.6,5
edge_only,fault_sustained,orchestrator_cpu_count,median,32.0,5
edge_only,fault_sustained,orchestrator_cpu_count,std,0.5477225575051661,5
edge_only,fault_sustained,orchestrator_cpu_count,p95,32.0,5
edge_only,fault_sustained,orchestrator_cpu_count,min,31.0,5
edge_only,fault_sustained,orchestrator_cpu_count,max,32.0,5
edge_only,fault_sustained,orchestrator_cpu_max,count,5,5
edge_only,fault_sustained,orchestrator_cpu_max,mean,0.9997999999999999,5
edge_only,fault_sustained,orchestrator_cpu_max,median,0.0,5
edge_only,fault_sustained,orchestrator_cpu_max,std,1.3725815822748022,5
edge_only,fault_sustained,orchestrator_cpu_max,p95,2.5831999999999997,5
edge_only,fault_sustained,orchestrator_cpu_max,min,0.0,5
edge_only,fault_sustained,orchestrator_cpu_max,max,2.639,5
edge_only,fault_sustained,orchestrator_cpu_mean,count,5,5
edge_only,fault_sustained,orchestrator_cpu_mean,mean,0.032251612903225806,5
edge_only,fault_sustained,orchestrator_cpu_mean,median,0.0,5
edge_only,fault_sustained,orchestrator_cpu_mean,std,0.04427682523467104,5
edge_only,fault_sustained,orchestrator_cpu_mean,p95,0.08332903225806451,5
edge_only,fault_sustained,orchestrator_cpu_mean,min,0.0,5
edge_only,fault_sustained,orchestrator_cpu_mean,max,0.08512903225806451,5
edge_only,fault_sustained,orchestrator_cpu_median,count,5,5
edge_only,fault_sustained,orchestrator_cpu_median,mean,0.0,5
edge_only,fault_sustained,orchestrator_cpu_median,median,0.0,5
edge_only,fault_sustained,orchestrator_cpu_median,std,0.0,5
edge_only,fault_sustained,orchestrator_cpu_median,p95,0.0,5
edge_only,fault_sustained,orchestrator_cpu_median,min,0.0,5
edge_only,fault_sustained,orchestrator_cpu_median,max,0.0,5
edge_only,fault_sustained,orchestrator_cpu_min,count,5,5
edge_only,fault_sustained,orchestrator_cpu_min,mean,0.0,5
edge_only,fault_sustained,orchestrator_cpu_min,median,0.0,5
edge_only,fault_sustained,orchestrator_cpu_min,std,0.0,5
edge_only,fault_sustained,orchestrator_cpu_min,p95,0.0,5
edge_only,fault_sustained,orchestrator_cpu_min,min,0.0,5
edge_only,fault_sustained,orchestrator_cpu_min,max,0.0,5
edge_only,fault_sustained,orchestrator_cpu_p95,count,5,5
edge_only,fault_sustained,orchestrator_cpu_p95,mean,0.0,5
edge_only,fault_sustained,orchestrator_cpu_p95,median,0.0,5
edge_only,fault_sustained,orchestrator_cpu_p95,std,0.0,5
edge_only,fault_sustained,orchestrator_cpu_p95,p95,0.0,5
edge_only,fault_sustained,orchestrator_cpu_p95,min,0.0,5
edge_only,fault_sustained,orchestrator_cpu_p95,max,0.0,5
edge_only,fault_sustained,orchestrator_cpu_std,count,5,5
edge_only,fault_sustained,orchestrator_cpu_std,mean,0.17956938096636954,5
edge_only,fault_sustained,orchestrator_cpu_std,median,0.0,5
edge_only,fault_sustained,orchestrator_cpu_std,std,0.24652292964085445,5
edge_only,fault_sustained,orchestrator_cpu_std,p95,0.4639564161955649,5
edge_only,fault_sustained,orchestrator_cpu_std,min,0.0,5
edge_only,fault_sustained,orchestrator_cpu_std,max,0.47397839204865894,5
edge_only,fault_sustained,orchestrator_memory_count,count,5,5
edge_only,fault_sustained,orchestrator_memory_count,mean,31.6,5
edge_only,fault_sustained,orchestrator_memory_count,median,32.0,5
edge_only,fault_sustained,orchestrator_memory_count,std,0.5477225575051661,5
edge_only,fault_sustained,orchestrator_memory_count,p95,32.0,5
edge_only,fault_sustained,orchestrator_memory_count,min,31.0,5
edge_only,fault_sustained,orchestrator_memory_count,max,32.0,5
edge_only,fault_sustained,orchestrator_memory_max,count,5,5
edge_only,fault_sustained,orchestrator_memory_max,mean,26664140.8,5
edge_only,fault_sustained,orchestrator_memory_max,median,26669056.0,5
edge_only,fault_sustained,orchestrator_memory_max,std,27077.00757469333,5
edge_only,fault_sustained,orchestrator_memory_max,p95,26691993.6,5
edge_only,fault_sustained,orchestrator_memory_max,min,26632192.0,5
edge_only,fault_sustained,orchestrator_memory_max,max,26693632.0,5
edge_only,fault_sustained,orchestrator_memory_mean,count,5,5
edge_only,fault_sustained,orchestrator_memory_mean,mean,26336892.696774192,5
edge_only,fault_sustained,orchestrator_memory_mean,median,26431616.0,5
edge_only,fault_sustained,orchestrator_memory_mean,std,228926.63716060139,5
edge_only,fault_sustained,orchestrator_memory_mean,p95,26467628.593548387,5
edge_only,fault_sustained,orchestrator_memory_mean,min,25929856.0,5
edge_only,fault_sustained,orchestrator_memory_mean,max,26472832.0,5
edge_only,fault_sustained,orchestrator_memory_median,count,5,5
edge_only,fault_sustained,orchestrator_memory_median,mean,26410188.8,5
edge_only,fault_sustained,orchestrator_memory_median,median,26425344.0,5
edge_only,fault_sustained,orchestrator_memory_median,std,65192.70084296248,5
edge_only,fault_sustained,orchestrator_memory_median,p95,26475724.8,5
edge_only,fault_sustained,orchestrator_memory_median,min,26308608.0,5
edge_only,fault_sustained,orchestrator_memory_median,max,26486784.0,5
edge_only,fault_sustained,orchestrator_memory_min,count,5,5
edge_only,fault_sustained,orchestrator_memory_min,mean,25898188.8,5
edge_only,fault_sustained,orchestrator_memory_min,median,26206208.0,5
edge_only,fault_sustained,orchestrator_memory_min,std,721694.9754260452,5
edge_only,fault_sustained,orchestrator_memory_min,p95,26265190.4,5
edge_only,fault_sustained,orchestrator_memory_min,min,24608768.0,5
edge_only,fault_sustained,orchestrator_memory_min,max,26275840.0,5
edge_only,fault_sustained,orchestrator_memory_p95,count,5,5
edge_only,fault_sustained,orchestrator_memory_p95,mean,26576773.12,5
edge_only,fault_sustained,orchestrator_memory_p95,median,26575052.8,5
edge_only,fault_sustained,orchestrator_memory_p95,std,44015.946468887734,5
edge_only,fault_sustained,orchestrator_memory_p95,p95,26620928.0,5
edge_only,fault_sustained,orchestrator_memory_p95,min,26517504.0,5
edge_only,fault_sustained,orchestrator_memory_p95,max,26621952.0,5
edge_only,fault_sustained,orchestrator_memory_std,count,5,5
edge_only,fault_sustained,orchestrator_memory_std,mean,215240.06294953928,5
edge_only,fault_sustained,orchestrator_memory_std,median,98450.33409520795,5
edge_only,fault_sustained,orchestrator_memory_std,std,271365.64873435197,5
edge_only,fault_sustained,orchestrator_memory_std,p95,580394.636375442,5
edge_only,fault_sustained,orchestrator_memory_std,min,82914.73478140643,5
edge_only,fault_sustained,orchestrator_memory_std,max,700527.631926568,5
edge_only,fault_sustained,orchestrator_processing_ms_count,count,5,5
edge_only,fault_sustained,orchestrator_processing_ms_count,mean,31.6,5
edge_only,fault_sustained,orchestrator_processing_ms_count,median,32.0,5
edge_only,fault_sustained,orchestrator_processing_ms_count,std,0.5477225575051661,5
edge_only,fault_sustained,orchestrator_processing_ms_count,p95,32.0,5
edge_only,fault_sustained,orchestrator_processing_ms_count,min,31.0,5
edge_only,fault_sustained,orchestrator_processing_ms_count,max,32.0,5
edge_only,fault_sustained,orchestrator_processing_ms_max,count,5,5
edge_only,fault_sustained,orchestrator_processing_ms_max,mean,142.92545318603516,5
edge_only,fault_sustained,orchestrator_processing_ms_max,median,44.6164608001709,5
edge_only,fault_sustained,orchestrator_processing_ms_max,std,232.91531611158325,5
edge_only,fault_sustained,orchestrator_processing_ms_max,p95,457.31449127197254,5
edge_only,fault_sustained,orchestrator_processing_ms_max,min,22.930622100830078,5
edge_only,fault_sustained,orchestrator_processing_ms_max,max,559.185266494751,5
edge_only,fault_sustained,orchestrator_processing_ms_mean,count,5,5
edge_only,fault_sustained,orchestrator_processing_ms_mean,mean,19.569799352076746,5
edge_only,fault_sustained,orchestrator_processing_ms_mean,median,16.136839985847473,5
edge_only,fault_sustained,orchestrator_processing_ms_mean,std,9.044445304117186,5
edge_only,fault_sustained,orchestrator_processing_ms_mean,p95,31.80242954723296,5
edge_only,fault_sustained,orchestrator_processing_ms_mean,min,14.664765327207503,5
edge_only,fault_sustained,orchestrator_processing_ms_mean,max,35.70736608197612,5
edge_only,fault_sustained,orchestrator_processing_ms_median,count,5,5
edge_only,fault_sustained,orchestrator_processing_ms_median,mean,19.321489334106445,5
edge_only,fault_sustained,orchestrator_processing_ms_median,median,19.251227378845215,5
edge_only,fault_sustained,orchestrator_processing_ms_median,std,0.21390247044891944,5
edge_only,fault_sustained,orchestrator_processing_ms_median,p95,19.59695816040039,5
edge_only,fault_sustained,orchestrator_processing_ms_median,min,19.10686492919922,5
edge_only,fault_sustained,orchestrator_processing_ms_median,max,19.638895988464355,5
edge_only,fault_sustained,orchestrator_processing_ms_min,count,5,5
edge_only,fault_sustained,orchestrator_processing_ms_min,mean,0.0823974609375,5
edge_only,fault_sustained,orchestrator_processing_ms_min,median,0.08296966552734375,5
edge_only,fault_sustained,orchestrator_processing_ms_min,std,0.005042426128010149,5
edge_only,fault_sustained,orchestrator_processing_ms_min,p95,0.08802413940429688,5
edge_only,fault_sustained,orchestrator_processing_ms_min,min,0.07510185241699219,5
edge_only,fault_sustained,orchestrator_processing_ms_min,max,0.08916854858398438,5
edge_only,fault_sustained,orchestrator_processing_ms_p95,count,5,5
edge_only,fault_sustained,orchestrator_processing_ms_p95,mean,35.69392681121826,5
edge_only,fault_sustained,orchestrator_processing_ms_p95,median,25.831127166748043,5
edge_only,fault_sustained,orchestrator_processing_ms_p95,std,22.80720521768297,5
edge_only,fault_sustained,orchestrator_processing_ms_p95,p95,66.85652732849121,5
edge_only,fault_sustained,orchestrator_processing_ms_p95,min,22.36497402191162,5
edge_only,fault_sustained,orchestrator_processing_ms_p95,max,76.24804973602295,5
edge_only,fault_sustained,orchestrator_processing_ms_std,count,5,5
edge_only,fault_sustained,orchestrator_processing_ms_std,mean,27.961408253877828,5
edge_only,fault_sustained,orchestrator_processing_ms_std,median,10.761908367695714,5
edge_only,fault_sustained,orchestrator_processing_ms_std,std,39.72812044780675,5
edge_only,fault_sustained,orchestrator_processing_ms_std,p95,81.39457436049037,5
edge_only,fault_sustained,orchestrator_processing_ms_std,min,8.846550211754485,5
edge_only,fault_sustained,orchestrator_processing_ms_std,max,99.01423028765171,5
edge_only,fault_sustained,sensor-generator_cpu_count,count,5,5
edge_only,fault_sustained,sensor-generator_cpu_count,mean,66.6,5
edge_only,fault_sustained,sensor-generator_cpu_count,median,67.0,5
edge_only,fault_sustained,sensor-generator_cpu_count,std,0.5477225575051661,5
edge_only,fault_sustained,sensor-generator_cpu_count,p95,67.0,5
edge_only,fault_sustained,sensor-generator_cpu_count,min,66.0,5
edge_only,fault_sustained,sensor-generator_cpu_count,max,67.0,5
edge_only,fault_sustained,sensor-generator_cpu_max,count,5,5
edge_only,fault_sustained,sensor-generator_cpu_max,mean,93.88799999999999,5
edge_only,fault_sustained,sensor-generator_cpu_max,median,93.957,5
edge_only,fault_sustained,sensor-generator_cpu_max,std,4.673769838149928,5
edge_only,fault_sustained,sensor-generator_cpu_max,p95,98.538,5
edge_only,fault_sustained,sensor-generator_cpu_max,min,87.154,5
edge_only,fault_sustained,sensor-generator_cpu_max,max,98.752,5
edge_only,fault_sustained,sensor-generator_cpu_mean,count,5,5
edge_only,fault_sustained,sensor-generator_cpu_mean,mean,17.63658195386703,5
edge_only,fault_sustained,sensor-generator_cpu_mean,median,17.97161194029851,5
edge_only,fault_sustained,sensor-generator_cpu_mean,std,3.3769596806966997,5
edge_only,fault_sustained,sensor-generator_cpu_mean,p95,21.08733080054274,5
edge_only,fault_sustained,sensor-generator_cpu_mean,min,14.09313432835821,5
edge_only,fault_sustained,sensor-generator_cpu_mean,max,21.200208955223882,5
edge_only,fault_sustained,sensor-generator_cpu_median,count,5,5
edge_only,fault_sustained,sensor-generator_cpu_median,mean,1.3617,5
edge_only,fault_sustained,sensor-generator_cpu_median,median,1.367,5
edge_only,fault_sustained,sensor-generator_cpu_median,std,0.02567975856584318,5
edge_only,fault_sustained,sensor-generator_cpu_median,p95,1.386,5
edge_only,fault_sustained,sensor-generator_cpu_median,min,1.32,5
edge_only,fault_sustained,sensor-generator_cpu_median,max,1.3904999999999998,5
edge_only,fault_sustained,sensor-generator_cpu_min,count,5,5
edge_only,fault_sustained,sensor-generator_cpu_min,mean,0.3256,5
edge_only,fault_sustained,sensor-generator_cpu_min,median,0.148,5
edge_only,fault_sustained,sensor-generator_cpu_min,std,0.2990573523590417,5
edge_only,fault_sustained,sensor-generator_cpu_min,p95,0.7114,5
edge_only,fault_sustained,sensor-generator_cpu_min,min,0.087,5
edge_only,fault_sustained,sensor-generator_cpu_min,max,0.76,5
edge_only,fault_sustained,sensor-generator_cpu_p95,count,5,5
edge_only,fault_sustained,sensor-generator_cpu_p95,mean,81.16579999999998,5
edge_only,fault_sustained,sensor-generator_cpu_p95,median,82.48199999999999,5
edge_only,fault_sustained,sensor-generator_cpu_p95,std,4.765527395262785,5
edge_only,fault_sustained,sensor-generator_cpu_p95,p95,86.58621999999998,5
edge_only,fault_sustained,sensor-generator_cpu_p95,min,75.56939999999994,5
edge_only,fault_sustained,sensor-generator_cpu_p95,max,87.5015,5
edge_only,fault_sustained,sensor-generator_cpu_std,count,5,5
edge_only,fault_sustained,sensor-generator_cpu_std,mean,29.858615474205887,5
edge_only,fault_sustained,sensor-generator_cpu_std,median,30.08361318813265,5
edge_only,fault_sustained,sensor-generator_cpu_std,std,3.2918854172818257,5
edge_only,fault_sustained,sensor-generator_cpu_std,p95,33.52328969757058,5
edge_only,fault_sustained,sensor-generator_cpu_std,min,26.044116199886638,5
edge_only,fault_sustained,sensor-generator_cpu_std,max,33.86334564229457,5
edge_only,fault_sustained,sensor-generator_memory_count,count,5,5
edge_only,fault_sustained,sensor-generator_memory_count,mean,66.6,5
edge_only,fault_sustained,sensor-generator_memory_count,median,67.0,5
edge_only,fault_sustained,sensor-generator_memory_count,std,0.5477225575051661,5
edge_only,fault_sustained,sensor-generator_memory_count,p95,67.0,5
edge_only,fault_sustained,sensor-generator_memory_count,min,66.0,5
edge_only,fault_sustained,sensor-generator_memory_count,max,67.0,5
edge_only,fault_sustained,sensor-generator_memory_max,count,5,5
edge_only,fault_sustained,sensor-generator_memory_max,mean,86659072.0,5
edge_only,fault_sustained,sensor-generator_memory_max,median,86437888.0,5
edge_only,fault_sustained,sensor-generator_memory_max,std,888411.9191636277,5
edge_only,fault_sustained,sensor-generator_memory_max,p95,87864934.4,5
edge_only,fault_sustained,sensor-generator_memory_max,min,86016000.0,5
edge_only,fault_sustained,sensor-generator_memory_max,max,88207360.0,5
edge_only,fault_sustained,sensor-generator_memory_mean,count,5,5
edge_only,fault_sustained,sensor-generator_memory_mean,mean,85932180.57494347,5
edge_only,fault_sustained,sensor-generator_memory_mean,median,85950339.87878788,5
edge_only,fault_sustained,sensor-generator_memory_mean,std,323042.8256569683,5
edge_only,fault_sustained,sensor-generator_memory_mean,p95,86227316.91940299,5
edge_only,fault_sustained,sensor-generator_memory_mean,min,85408488.72727273,5
edge_only,fault_sustained,sensor-generator_memory_mean,max,86250205.6119403,5
edge_only,fault_sustained,sensor-generator_memory_median,count,5,5
edge_only,fault_sustained,sensor-generator_memory_median,mean,85917286.4,5
edge_only,fault_sustained,sensor-generator_memory_median,median,85905408.0,5
edge_only,fault_sustained,sensor-generator_memory_median,std,341385.0755449043,5
edge_only,fault_sustained,sensor-generator_memory_median,p95,86242918.4,5
edge_only,fault_sustained,sensor-generator_memory_median,min,85374976.0,5
edge_only,fault_sustained,sensor-generator_memory_median,max,86269952.0,5
edge_only,fault_sustained,sensor-generator_memory_min,count,5,5
edge_only,fault_sustained,sensor-generator_memory_min,mean,85617049.6,5
edge_only,fault_sustained,sensor-generator_memory_min,median,85696512.0,5
edge_only,fault_sustained,sensor-generator_memory_min,std,464752.52764110925,5
edge_only,fault_sustained,sensor-generator_memory_min,p95,86010265.6,5
edge_only,fault_sustained,sensor-generator_memory_min,min,84832256.0,5
edge_only,fault_sustained,sensor-generator_memory_min,max,86052864.0,5
edge_only,fault_sustained,sensor-generator_memory_p95,count,5,5
edge_only,fault_sustained,sensor-generator_memory_p95,mean,86184386.56,5
edge_only,fault_sustained,sensor-generator_memory_p95,median,86111846.4,5
edge_only,fault_sustained,sensor-generator_memory_p95,std,194860.41446935388,5
edge_only,fault_sustained,sensor-generator_memory_p95,p95,86403072.0,5
edge_only,fault_sustained,sensor-generator_memory_p95,min,85943296.0,5
edge_only,fault_sustained,sensor-generator_memory_p95,max,86416179.2,5
edge_only,fault_sustained,sensor-generator_memory_std,count,5,5
edge_only,fault_sustained,sensor-generator_memory_std,mean,193315.55426079186,5
edge_only,fault_sustained,sensor-generator_memory_std,median,128403.55622815901,5
edge_only,fault_sustained,sensor-generator_memory_std,std,104175.07925531348,5
edge_only,fault_sustained,sensor-generator_memory_std,p95,309623.1192978249,5
edge_only,fault_sustained,sensor-generator_memory_std,min,105418.63335278227,5
edge_only,fault_sustained,sensor-generator_memory_std,max,311349.1929525455,5
edge_only,fault_sustained,sensor-generator_processing_ms_count,count,5,5
edge_only,fault_sustained,sensor-generator_processing_ms_count,mean,66.6,5
edge_only,fault_sustained,sensor-generator_processing_ms_count,median,67.0,5
edge_only,fault_sustained,sensor-generator_processing_ms_count,std,0.5477225575051661,5
edge_only,fault_sustained,sensor-generator_processing_ms_count,p95,67.0,5
edge_only,fault_sustained,sensor-generator_processing_ms_count,min,66.0,5
edge_only,fault_sustained,sensor-generator_processing_ms_count,max,67.0,5
edge_only,fault_sustained,sensor-generator_processing_ms_max,count,5,5
edge_only,fault_sustained,sensor-generator_processing_ms_max,mean,0.07734298706054688,5
edge_only,fault_sustained,sensor-generator_processing_ms_max,median,0.04792213439941406,5
edge_only,fault_sustained,sensor-generator_processing_ms_max,std,0.07011727869795271,5
edge_only,fault_sustained,sensor-generator_processing_ms_max,p95,0.17337799072265622,5
edge_only,fault_sustained,sensor-generator_processing_ms_max,min,0.024080276489257812,5
edge_only,fault_sustained,sensor-generator_processing_ms_max,max,0.1995563507080078,5
edge_only,fault_sustained,sensor-generator_processing_ms_mean,count,5,5
edge_only,fault_sustained,sensor-generator_processing_ms_mean,mean,0.01785910436870932,5
edge_only,fault_sustained,sensor-generator_processing_ms_mean,median,0.017767521872449277,5
edge_only,fault_sustained,sensor-generator_processing_ms_mean,std,0.0015527654242444414,5
edge_only,fault_sustained,sensor-generator_processing_ms_mean,p95,0.019881888138983703,5
edge_only,fault_sustained,sensor-generator_processing_ms_mean,min,0.016272957645245452,5
edge_only,fault_sustained,sensor-generator_processing_ms_mean,max,0.020377563707756275,5
edge_only,fault_sustained,sensor-generator_processing_ms_median,count,5,5
edge_only,fault_sustained,sensor-generator_processing_ms_median,mean,0.018334388732910156,5
edge_only,fault_sustained,sensor-generator_processing_ms_median,median,0.018358230590820312,5
edge_only,fault_sustained,sensor-generator_processing_ms_median,std,0.00013058723390225557,5
edge_only,fault_sustained,sensor-generator_processing_ms_median,p95,0.018453598022460938,5
edge_only,fault_sustained,sensor-generator_processing_ms_median,min,0.01811981201171875,5
edge_only,fault_sustained,sensor-generator_processing_ms_median,max,0.018477439880371094,5
edge_only,fault_sustained,sensor-generator_processing_ms_min,count,5,5
edge_only,fault_sustained,sensor-generator_processing_ms_min,mean,0.007152557373046875,5
edge_only,fault_sustained,sensor-generator_processing_ms_min,median,0.0069141387939453125,5
edge_only,fault_sustained,sensor-generator_processing_ms_min,std,0.00033717478808715227,5
edge_only,fault_sustained,sensor-generator_processing_ms_min,p95,0.0075817108154296875,5
edge_only,fault_sustained,sensor-generator_processing_ms_min,min,0.0069141387939453125,5
edge_only,fault_sustained,sensor-generator_processing_ms_min,max,0.00762939453125,5
edge_only,fault_sustained,sensor-generator_processing_ms_p95,count,5,5
edge_only,fault_sustained,sensor-generator_processing_ms_p95,mean,0.02704381942749023,5
edge_only,fault_sustained,sensor-generator_processing_ms_p95,median,0.02553462982177733,5
edge_only,fault_sustained,sensor-generator_processing_ms_p95,std,0.007304347249285133,5
edge_only,fault_sustained,sensor-generator_processing_ms_p95,p95,0.03692626953125,5
edge_only,fault_sustained,sensor-generator_processing_ms_p95,min,0.02179145812988281,5
edge_only,fault_sustained,sensor-generator_processing_ms_p95,max,0.039696693420410156,5
edge_only,fault_sustained,sensor-generator_processing_ms_std,count,5,5
edge_only,fault_sustained,sensor-generator_processing_ms_std,mean,0.01062420421474788,5
edge_only,fault_sustained,sensor-generator_processing_ms_std,median,0.007104514615201268,5
edge_only,fault_sustained,sensor-generator_processing_ms_std,std,0.007872805456169474,5
edge_only,fault_sustained,sensor-generator_processing_ms_std,p95,0.02147637927987988,5
edge_only,fault_sustained,sensor-generator_processing_ms_std,min,0.004901849876853406,5
edge_only,fault_sustained,sensor-generator_processing_ms_std,max,0.02410469501090326,5
edge_only,fault_sustained,uncertain_decisions,count,5,5
edge_only,fault_sustained,uncertain_decisions,mean,0.2,5
edge_only,fault_sustained,uncertain_decisions,median,0.0,5
edge_only,fault_sustained,uncertain_decisions,std,0.4472135954999579,5
edge_only,fault_sustained,uncertain_decisions,p95,0.7999999999999998,5
edge_only,fault_sustained,uncertain_decisions,min,0.0,5
edge_only,fault_sustained,uncertain_decisions,max,1.0,5
hybrid,fault_alternate,anomaly_decisions,count,5,5
hybrid,fault_alternate,anomaly_decisions,mean,17.4,5
hybrid,fault_alternate,anomaly_decisions,median,17.0,5
hybrid,fault_alternate,anomaly_decisions,std,0.5477225575051661,5
hybrid,fault_alternate,anomaly_decisions,p95,18.0,5
hybrid,fault_alternate,anomaly_decisions,min,17.0,5
hybrid,fault_alternate,anomaly_decisions,max,18.0,5
hybrid,fault_alternate,anomaly_events,count,5,5
hybrid,fault_alternate,anomaly_events,mean,1609.6,5
hybrid,fault_alternate,anomaly_events,median,1605.0,5
hybrid,fault_alternate,anomaly_events,std,16.727223320085137,5
hybrid,fault_alternate,anomaly_events,p95,1629.0,5
hybrid,fault_alternate,anomaly_events,min,1588.0,5
hybrid,fault_alternate,anomaly_events,max,1631.0,5
hybrid,fault_alternate,classifier_accuracy,count,5,5
hybrid,fault_alternate,classifier_accuracy,mean,0.9852501395999278,5
hybrid,fault_alternate,classifier_accuracy,median,0.9854689564068693,5
hybrid,fault_alternate,classifier_accuracy,std,0.0007659525721533003,5
hybrid,fault_alternate,classifier_accuracy,p95,0.9861387212202262,5
hybrid,fault_alternate,classifier_accuracy,min,0.9844913151364765,5
hybrid,fault_alternate,classifier_accuracy,max,0.9863013698630136,5
hybrid,fault_alternate,classifier_correct_count,count,5,5
hybrid,fault_alternate,classifier_correct_count,mean,1534.6,5
hybrid,fault_alternate,classifier_correct_count,median,1512.0,5
hybrid,fault_alternate,classifier_correct_count,std,48.91625496703524,5
hybrid,fault_alternate,classifier_correct_count,p95,1587.8,5
hybrid,fault_alternate,classifier_correct_count,min,1492.0,5
hybrid,fault_alternate,classifier_correct_count,max,1588.0,5
hybrid,fault_alternate,classifier_cpu_count,count,5,5
hybrid,fault_alternate,classifier_cpu_count,mean,158.2,5
hybrid,fault_alternate,classifier_cpu_count,median,158.0,5
hybrid,fault_alternate,classifier_cpu_count,std,0.4472135954999579,5
hybrid,fault_alternate,classifier_cpu_count,p95,158.8,5
hybrid,fault_alternate,classifier_cpu_count,min,158.0,5
hybrid,fault_alternate,classifier_cpu_count,max,159.0,5
hybrid,fault_alternate,classifier_cpu_max,count,5,5
hybrid,fault_alternate,classifier_cpu_max,mean,2.0991999999999997,5
hybrid,fault_alternate,classifier_cpu_max,median,2.04,5
hybrid,fault_alternate,classifier_cpu_max,std,0.10838680731528165,5
hybrid,fault_alternate,classifier_cpu_max,p95,2.2228,5
hybrid,fault_alternate,classifier_cpu_max,min,1.998,5
hybrid,fault_alternate,classifier_cpu_max,max,2.227,5
hybrid,fault_alternate,classifier_cpu_mean,count,5,5
hybrid,fault_alternate,classifier_cpu_mean,mean,0.4924946501074755,5
hybrid,fault_alternate,classifier_cpu_mean,median,0.4962784810126582,5
hybrid,fault_alternate,classifier_cpu_mean,std,0.007263342963360904,5
hybrid,fault_alternate,classifier_cpu_mean,p95,0.49708746118939573,5
hybrid,fault_alternate,classifier_cpu_mean,min,0.4799240506329114,5
hybrid,fault_alternate,classifier_cpu_mean,max,0.4972264150943396,5
hybrid,fault_alternate,classifier_cpu_median,count,5,5
hybrid,fault_alternate,classifier_cpu_median,mean,0.1026,5
hybrid,fault_alternate,classifier_cpu_median,median,0.103,5
hybrid,fault_alternate,classifier_cpu_median,std,0.0008944271909999105,5
hybrid,fault_alternate,classifier_cpu_median,p95,0.103,5
hybrid,fault_alternate,classifier_cpu_median,min,0.101,5
hybrid,fault_alternate,classifier_cpu_median,max,0.103,5
hybrid,fault_alternate,classifier_cpu_min,count,5,5
hybrid,fault_alternate,classifier_cpu_min,mean,0.089,5
hybrid,fault_alternate,classifier_cpu_min,median,0.089,5
hybrid,fault_alternate,classifier_cpu_min,std,0.001581138830084191,5
hybrid,fault_alternate,classifier_cpu_min,p95,0.09079999999999999,5
hybrid,fault_alternate,classifier_cpu_min,min,0.087,5
hybrid,fault_alternate,classifier_cpu_min,max,0.091,5
hybrid,fault_alternate,classifier_cpu_p95,count,5,5
hybrid,fault_alternate,classifier_cpu_p95,mean,1.9324100000000002,5
hybrid,fault_alternate,classifier_cpu_p95,median,1.9422,5
hybrid,fault_alternate,classifier_cpu_p95,std,0.02100852208033673,5
hybrid,fault_alternate,classifier_cpu_p95,p95,1.95166,5
hybrid,fault_alternate,classifier_cpu_p95,min,1.9024000000000003,5
hybrid,fault_alternate,classifier_cpu_p95,max,1.95335,5
hybrid,fault_alternate,classifier_cpu_std,count,5,5
hybrid,fault_alternate,classifier_cpu_std,mean,0.7165902325916808,5
hybrid,fault_alternate,classifier_cpu_std,median,0.7136991171180292,5
hybrid,fault_alternate,classifier_cpu_std,std,0.011819491816305502,5
hybrid,fault_alternate,classifier_cpu_std,p95,0.7324457833282378,5
hybrid,fault_alternate,classifier_cpu_std,min,0.7054281337533056,5
hybrid,fault_alternate,classifier_cpu_std,max,0.7362757866615107,5
hybrid,fault_alternate,classifier_ground_truth_count,count,5,5
hybrid,fault_alternate,classifier_ground_truth_count,mean,1557.6,5
hybrid,fault_alternate,classifier_ground_truth_count,median,1533.0,5
hybrid,fault_alternate,classifier_ground_truth_count,std,50.65866164833019,5
hybrid,fault_alternate,classifier_ground_truth_count,p95,1612.8,5
hybrid,fault_alternate,classifier_ground_truth_count,min,1514.0,5
hybrid,fault_alternate,classifier_ground_truth_count,max,1613.0,5
hybrid,fault_alternate,classifier_memory_count,count,5,5
hybrid,fault_alternate,classifier_memory_count,mean,158.2,5
hybrid,fault_alternate,classifier_memory_count,median,158.0,5
hybrid,fault_alternate,classifier_memory_count,std,0.4472135954999579,5
hybrid,fault_alternate,classifier_memory_count,p95,158.8,5
hybrid,fault_alternate,classifier_memory_count,min,158.0,5
hybrid,fault_alternate,classifier_memory_count,max,159.0,5
hybrid,fault_alternate,classifier_memory_max,count,5,5
hybrid,fault_alternate,classifier_memory_max,mean,252955852.8,5
hybrid,fault_alternate,classifier_memory_max,median,253194240.0,5
hybrid,fault_alternate,classifier_memory_max,std,2735191.830263318,5
hybrid,fault_alternate,classifier_memory_max,p95,255790284.8,5
hybrid,fault_alternate,classifier_memory_max,min,248717312.0,5
hybrid,fault_alternate,classifier_memory_max,max,256258048.0,5
hybrid,fault_alternate,classifier_memory_mean,count,5,5
hybrid,fault_alternate,classifier_memory_mean,mean,245731441.25060108,5
hybrid,fault_alternate,classifier_memory_mean,median,246044386.83544305,5
hybrid,fault_alternate,classifier_memory_mean,std,745554.5162231682,5
hybrid,fault_alternate,classifier_memory_mean,p95,246098440.40493593,5
hybrid,fault_alternate,classifier_memory_mean,min,244398961.4177215,5
hybrid,fault_alternate,classifier_memory_mean,max,246100612.02515724,5
hybrid,fault_alternate,classifier_memory_median,count,5,5
hybrid,fault_alternate,classifier_memory_median,mean,245885337.6,5
hybrid,fault_alternate,classifier_memory_median,median,246001664.0,5
hybrid,fault_alternate,classifier_memory_median,std,281353.75997629744,5
hybrid,fault_alternate,classifier_memory_median,p95,246035251.2,5
hybrid,fault_alternate,classifier_memory_median,min,245383168.0,5
hybrid,fault_alternate,classifier_memory_median,max,246042624.0,5
hybrid,fault_alternate,classifier_memory_min,count,5,5
hybrid,fault_alternate,classifier_memory_min,mean,244881817.6,5
hybrid,fault_alternate,classifier_memory_min,median,245731328.0,5
hybrid,fault_alternate,classifier_memory_min,std,1922577.057500895,5
hybrid,fault_alternate,classifier_memory_min,p95,245767372.8,5
hybrid,fault_alternate,classifier_memory_min,min,241442816.0,5
hybrid,fault_alternate,classifier_memory_min,max,245772288.0,5
hybrid,fault_alternate,classifier_memory_p95,count,5,5
hybrid,fault_alternate,classifier_memory_p95,mean,246114140.16,5
hybrid,fault_alternate,classifier_memory_p95,median,246198272.0,5
hybrid,fault_alternate,classifier_memory_p95,std,222673.56911885334,5
hybrid,fault_alternate,classifier_memory_p95,p95,246240215.04000002,5
hybrid,fault_alternate,classifier_memory_p95,min,245719040.0,5
hybrid,fault_alternate,classifier_memory_p95,max,246240460.8,5
hybrid,fault_alternate,classifier_memory_std,count,5,5
hybrid,fault_alternate,classifier_memory_std,mean,817438.3087863608,5
hybrid,fault_alternate,classifier_memory_std,median,582992.4414158262,5
hybrid,fault_alternate,classifier_memory_std,std,661577.3391728902,5
hybrid,fault_alternate,classifier_memory_std,p95,1711831.9718603534,5
hybrid,fault_alternate,classifier_memory_std,min,246816.70641779367,5
hybrid,fault_alternate,classifier_memory_std,max,1958647.227362795,5
hybrid,fault_alternate,classifier_processing_ms_count,count,5,5
hybrid,fault_alternate,classifier_processing_ms_count,mean,17.4,5
hybrid,fault_alternate,classifier_processing_ms_count,median,17.0,5
hybrid,fault_alternate,classifier_processing_ms_count,std,0.5477225575051661,5
hybrid,fault_alternate,classifier_processing_ms_count,p95,18.0,5
hybrid,fault_alternate,classifier_processing_ms_count,min,17.0,5
hybrid,fault_alternate,classifier_processing_ms_count,max,18.0,5
hybrid,fault_alternate,classifier_processing_ms_max,count,5,5
hybrid,fault_alternate,classifier_processing_ms_max,mean,7.94215202331543,5
hybrid,fault_alternate,classifier_processing_ms_max,median,4.558563232421875,5
hybrid,fault_alternate,classifier_processing_ms_max,std,7.516391873393499,5
hybrid,fault_alternate,classifier_processing_ms_max,p95,18.05348396301269,5
hybrid,fault_alternate,classifier_processing_ms_max,min,4.519462585449219,5
hybrid,fault_alternate,classifier_processing_ms_max,max,21.387100219726562,5
hybrid,fault_alternate,classifier_processing_ms_mean,count,5,5
hybrid,fault_alternate,classifier_processing_ms_mean,mean,4.419584991106021,5
hybrid,fault_alternate,classifier_processing_ms_mean,median,4.234737820095486,5
hybrid,fault_alternate,classifier_processing_ms_mean,std,0.4302799886271478,5
hybrid,fault_alternate,classifier_processing_ms_mean,p95,5.005513920503504,5
hybrid,fault_alternate,classifier_processing_ms_mean,min,4.16258970896403,5
hybrid,fault_alternate,classifier_processing_ms_mean,max,5.185253479901482,5
hybrid,fault_alternate,classifier_processing_ms_median,count,5,5
hybrid,fault_alternate,classifier_processing_ms_median,mean,4.232978820800781,5
hybrid,fault_alternate,classifier_processing_ms_median,median,4.2591094970703125,5
hybrid,fault_alternate,classifier_processing_ms_median,std,0.055235299821807964,5
hybrid,fault_alternate,classifier_processing_ms_median,p95,4.278993606567383,5
hybrid,fault_alternate,classifier_processing_ms_median,min,4.148364067077637,5
hybrid,fault_alternate,classifier_processing_ms_median,max,4.281401634216309,5
hybrid,fault_alternate,classifier_processing_ms_min,count,5,5
hybrid,fault_alternate,classifier_processing_ms_min,mean,3.7955284118652344,5
hybrid,fault_alternate,classifier_processing_ms_min,median,3.8137435913085938,5
hybrid,fault_alternate,classifier_processing_ms_min,std,0.0699890723730952,5
hybrid,fault_alternate,classifier_processing_ms_min,p95,3.8498878479003906,5
hybrid,fault_alternate,classifier_processing_ms_min,min,3.6754608154296875,5
hybrid,fault_alternate,classifier_processing_ms_min,max,3.8542747497558594,5
hybrid,fault_alternate,classifier_processing_ms_p95,count,5,5
hybrid,fault_alternate,classifier_processing_ms_p95,mean,5.185537338256833,5
hybrid,fault_alternate,classifier_processing_ms_p95,median,4.490375518798828,5
hybrid,fault_alternate,classifier_processing_ms_p95,std,1.535254673486337,5
hybrid,fault_alternate,classifier_processing_ms_p95,p95,7.279024124145497,5
hybrid,fault_alternate,classifier_processing_ms_p95,min,4.394817352294922,5
hybrid,fault_alternate,classifier_processing_ms_p95,max,7.923316955566394,5
hybrid,fault_alternate,classifier_processing_ms_std,count,5,5
hybrid,fault_alternate,classifier_processing_ms_std,mean,0.9974638459217147,5
hybrid,fault_alternate,classifier_processing_ms_std,median,0.19988122773185715,5
hybrid,fault_alternate,classifier_processing_ms_std,std,1.7804500731547037,5
hybrid,fault_alternate,classifier_processing_ms_std,p95,3.396036252750487,5
hybrid,fault_alternate,classifier_processing_ms_std,min,0.16220040175154843,5
hybrid,fault_alternate,classifier_processing_ms_std,max,4.181892802858577,5
hybrid,fault_alternate,cloud_escalations,count,5,5
hybrid,fault_alternate,cloud_escalations,mean,17.4,5
hybrid,fault_alternate,cloud_escalations,median,17.0,5
hybrid,fault_alternate,cloud_escalations,std,0.5477225575051661,5
hybrid,fault_alternate,cloud_escalations,p95,18.0,5
hybrid,fault_alternate,cloud_escalations,min,17.0,5
hybrid,fault_alternate,cloud_escalations,max,18.0,5
hybrid,fault_alternate,decision_time_ms_count,count,5,5
hybrid,fault_alternate,decision_time_ms_count,mean,31.4,5
hybrid,fault_alternate,decision_time_ms_count,median,31.0,5
hybrid,fault_alternate,decision_time_ms_count,std,0.5477225575051661,5
hybrid,fault_alternate,decision_time_ms_count,p95,32.0,5
hybrid,fault_alternate,decision_time_ms_count,min,31.0,5
hybrid,fault_alternate,decision_time_ms_count,max,32.0,5
hybrid,fault_alternate,decision_time_ms_max,count,5,5
hybrid,fault_alternate,decision_time_ms_max,mean,1.0483264923095703,5
hybrid,fault_alternate,decision_time_ms_max,median,0.9541511535644531,5
hybrid,fault_alternate,decision_time_ms_max,std,0.2031385058238052,5
hybrid,fault_alternate,decision_time_ms_max,p95,1.3054847717285156,5
hybrid,fault_alternate,decision_time_ms_max,min,0.8330345153808594,5
hybrid,fault_alternate,decision_time_ms_max,max,1.3396739959716797,5
hybrid,fault_alternate,decision_time_ms_mean,count,5,5
hybrid,fault_alternate,decision_time_ms_mean,mean,0.298058073366842,5
hybrid,fault_alternate,decision_time_ms_mean,median,0.29105693101882935,5
hybrid,fault_alternate,decision_time_ms_mean,std,0.02778363943068957,5
hybrid,fault_alternate,decision_time_ms_mean,p95,0.330476991591915,5
hybrid,fault_alternate,decision_time_ms_mean,min,0.2644600406769783,5
hybrid,fault_alternate,decision_time_ms_mean,max,0.333443284034729,5
hybrid,fault_alternate,decision_time_ms_median,count,5,5
hybrid,fault_alternate,decision_time_ms_median,mean,0.32896995544433594,5
hybrid,fault_alternate,decision_time_ms_median,median,0.32830238342285156,5
hybrid,fault_alternate,decision_time_ms_median,std,0.020982460479189047,5
hybrid,fault_alternate,decision_time_ms_median,p95,0.3558635711669922,5
hybrid,fault_alternate,decision_time_ms_median,min,0.30922889709472656,5
hybrid,fault_alternate,decision_time_ms_median,max,0.3612041473388672,5
hybrid,fault_alternate,decision_time_ms_min,count,5,5
hybrid,fault_alternate,decision_time_ms_min,mean,0.07424354553222656,5
hybrid,fault_alternate,decision_time_ms_min,median,0.07462501525878906,5
hybrid,fault_alternate,decision_time_ms_min,std,0.003798270620542074,5
hybrid,fault_alternate,decision_time_ms_min,p95,0.07801055908203125,5
hybrid,fault_alternate,decision_time_ms_min,min,0.06818771362304688,5
hybrid,fault_alternate,decision_time_ms_min,max,0.07867813110351562,5
hybrid,fault_alternate,decision_time_ms_p95,count,5,5
hybrid,fault_alternate,decision_time_ms_p95,mean,0.6598758697509766,5
hybrid,fault_alternate,decision_time_ms_p95,median,0.6402730941772461,5
hybrid,fault_alternate,decision_time_ms_p95,std,0.1708306473871293,5
hybrid,fault_alternate,decision_time_ms_p95,p95,0.8834505081176757,5
hybrid,fault_alternate,decision_time_ms_p95,min,0.48530101776123047,5
hybrid,fault_alternate,decision_time_ms_p95,max,0.9339809417724609,5
hybrid,fault_alternate,decision_time_ms_std,count,5,5
hybrid,fault_alternate,decision_time_ms_std,mean,0.23520416678545739,5
hybrid,fault_alternate,decision_time_ms_std,median,0.23110007217429754,5
hybrid,fault_alternate,decision_time_ms_std,std,0.03925377300973141,5
hybrid,fault_alternate,decision_time_ms_std,p95,0.27250594688938745,5
hybrid,fault_alternate,decision_time_ms_std,min,0.17796435081857245,5
hybrid,fault_alternate,decision_time_ms_std,max,0.2728052473267519,5
hybrid,fault_alternate,decision_windows,count,5,5
hybrid,fault_alternate,decision_windows,mean,31.4,5
hybrid,fault_alternate,decision_windows,median,31.0,5
hybrid,fault_alternate,decision_windows,std,0.5477225575051661,5
hybrid,fault_alternate,decision_windows,p95,32.0,5
hybrid,fault_alternate,decision_windows,min,31.0,5
hybrid,fault_alternate,decision_windows,max,32.0,5
hybrid,fault_alternate,detection_latency_ms_count,count,5,5
hybrid,fault_alternate,detection_latency_ms_count,mean,1609.6,5
hybrid,fault_alternate,detection_latency_ms_count,median,1605.0,5
hybrid,fault_alternate,detection_latency_ms_count,std,16.727223320085137,5
hybrid,fault_alternate,detection_latency_ms_count,p95,1629.0,5
hybrid,fault_alternate,detection_latency_ms_count,min,1588.0,5
hybrid,fault_alternate,detection_latency_ms_count,max,1631.0,5
hybrid,fault_alternate,detection_latency_ms_max,count,5,5
hybrid,fault_alternate,detection_latency_ms_max,mean,84.47890281677246,5
hybrid,fault_alternate,detection_latency_ms_max,median,84.62119102478027,5
hybrid,fault_alternate,detection_latency_ms_max,std,38.301390784425436,5
hybrid,fault_alternate,detection_latency_ms_max,p95,126.66950225830078,5
hybrid,fault_alternate,detection_latency_ms_max,min,29.15334701538086,5
hybrid,fault_alternate,detection_latency_ms_max,max,132.43722915649414,5
hybrid,fault_alternate,detection_latency_ms_mean,count,5,5
hybrid,fault_alternate,detection_latency_ms_mean,mean,5.065115934559744,5
hybrid,fault_alternate,detection_latency_ms_mean,median,5.171020775658057,5
hybrid,fault_alternate,detection_latency_ms_mean,std,0.24103231279919138,5
hybrid,fault_alternate,detection_latency_ms_mean,p95,5.2712116462042875,5
hybrid,fault_alternate,detection_latency_ms_mean,min,4.677662358175157,5
hybrid,fault_alternate,detection_latency_ms_mean,max,5.29221720942392,5
hybrid,fault_alternate,detection_latency_ms_median,count,5,5
hybrid,fault_alternate,detection_latency_ms_median,mean,4.2296648025512695,5
hybrid,fault_alternate,detection_latency_ms_median,median,4.227876663208008,5
hybrid,fault_alternate,detection_latency_ms_median,std,0.014310577462170284,5
hybrid,fault_alternate,detection_latency_ms_median,p95,4.246044158935547,5
hybrid,fault_alternate,detection_latency_ms_median,min,4.212856292724609,5
hybrid,fault_alternate,detection_latency_ms_median,max,4.247426986694336,5
hybrid,fault_alternate,detection_latency_ms_min,count,5,5
hybrid,fault_alternate,detection_latency_ms_min,mean,3.8576602935791016,5
hybrid,fault_alternate,detection_latency_ms_min,median,3.8645267486572266,5
hybrid,fault_alternate,detection_latency_ms_min,std,0.04383252792698195,5
hybrid,fault_alternate,detection_latency_ms_min,p95,3.897428512573242,5
hybrid,fault_alternate,detection_latency_ms_min,min,3.785848617553711,5
hybrid,fault_alternate,detection_latency_ms_min,max,3.9014816284179688,5
hybrid,fault_alternate,detection_latency_ms_p95,count,5,5
hybrid,fault_alternate,detection_latency_ms_p95,mean,7.301120758056638,5
hybrid,fault_alternate,detection_latency_ms_p95,median,7.2699785232543945,5
hybrid,fault_alternate,detection_latency_ms_p95,std,0.6480334423750362,5
hybrid,fault_alternate,detection_latency_ms_p95,p95,8.02832603454589,5
hybrid,fault_alternate,detection_latency_ms_p95,min,6.376743316650391,5
hybrid,fault_alternate,detection_latency_ms_p95,max,8.13148021697997,5
hybrid,fault_alternate,detection_latency_ms_std,count,5,5
hybrid,fault_alternate,detection_latency_ms_std,mean,4.078191824720067,5
hybrid,fault_alternate,detection_latency_ms_std,median,4.4299446354342695,5
hybrid,fault_alternate,detection_latency_ms_std,std,1.3877975631888997,5
hybrid,fault_alternate,detection_latency_ms_std,p95,5.25807065013108,5
hybrid,fault_alternate,detection_latency_ms_std,min,1.8231378016750333,5
hybrid,fault_alternate,detection_latency_ms_std,max,5.31839507300565,5
hybrid,fault_alternate,detector_cpu_count,count,5,5
hybrid,fault_alternate,detector_cpu_count,mean,157.4,5
hybrid,fault_alternate,detector_cpu_count,median,157.0,5
hybrid,fault_alternate,detector_cpu_count,std,0.5477225575051661,5
hybrid,fault_alternate,detector_cpu_count,p95,158.0,5
hybrid,fault_alternate,detector_cpu_count,min,157.0,5
hybrid,fault_alternate,detector_cpu_count,max,158.0,5
hybrid,fault_alternate,detector_cpu_max,count,5,5
hybrid,fault_alternate,detector_cpu_max,mean,104.0124,5
hybrid,fault_alternate,detector_cpu_max,median,123.275,5
hybrid,fault_alternate,detector_cpu_max,std,46.8169753326718,5
hybrid,fault_alternate,detector_cpu_max,p95,145.118,5
hybrid,fault_alternate,detector_cpu_max,min,51.398,5
hybrid,fault_alternate,detector_cpu_max,max,145.378,5
hybrid,fault_alternate,detector_cpu_mean,count,5,5
hybrid,fault_alternate,detector_cpu_mean,mean,6.733083616866887,5
hybrid,fault_alternate,detector_cpu_mean,median,7.2071273885350315,5
hybrid,fault_alternate,detector_cpu_mean,std,0.7572302063582732,5
hybrid,fault_alternate,detector_cpu_mean,p95,7.336384326372651,5
hybrid,fault_alternate,detector_cpu_mean,min,5.849784810126582,5
hybrid,fault_alternate,detector_cpu_mean,max,7.345575949367088,5
hybrid,fault_alternate,detector_cpu_median,count,5,5
hybrid,fault_alternate,detector_cpu_median,mean,4.0663,5
hybrid,fault_alternate,detector_cpu_median,median,4.0785,5
hybrid,fault_alternate,detector_cpu_median,std,0.05903134760447201,5
hybrid,fault_alternate,detector_cpu_median,p95,4.129,5
hybrid,fault_alternate,detector_cpu_median,min,3.992,5
hybrid,fault_alternate,detector_cpu_median,max,4.135,5
hybrid,fault_alternate,detector_cpu_min,count,5,5
hybrid,fault_alternate,detector_cpu_min,mean,0.6772,5
hybrid,fault_alternate,detector_cpu_min,median,0.888,5
hybrid,fault_alternate,detector_cpu_min,std,0.5570876950714313,5
hybrid,fault_alternate,detector_cpu_min,p95,1.2406,5
hybrid,fault_alternate,detector_cpu_min,min,0.066,5
hybrid,fault_alternate,detector_cpu_min,max,1.294,5
hybrid,fault_alternate,detector_cpu_p95,count,5,5
hybrid,fault_alternate,detector_cpu_p95,mean,17.64676999999999,5
hybrid,fault_alternate,detector_cpu_p95,median,17.553399999999954,5
hybrid,fault_alternate,detector_cpu_p95,std,3.414310687313035,5
hybrid,fault_alternate,detector_cpu_p95,p95,21.306680000000004,5
hybrid,fault_alternate,detector_cpu_p95,min,13.378000000000002,5
hybrid,fault_alternate,detector_cpu_p95,max,21.514850000000006,5
hybrid,fault_alternate,detector_cpu_std,count,5,5
hybrid,fault_alternate,detector_cpu_std,mean,11.846582639021332,5
hybrid,fault_alternate,detector_cpu_std,median,13.869771361108427,5
hybrid,fault_alternate,detector_cpu_std,std,4.076015043347549,5
hybrid,fault_alternate,detector_cpu_std,p95,15.44174116425727,5
hybrid,fault_alternate,detector_cpu_std,min,7.347696259564975,5
hybrid,fault_alternate,detector_cpu_std,max,15.569734612598413,5
hybrid,fault_alternate,detector_memory_count,count,5,5
hybrid,fault_alternate,detector_memory_count,mean,157.4,5
hybrid,fault_alternate,detector_memory_count,median,157.0,5
hybrid,fault_alternate,detector_memory_count,std,0.5477225575051661,5
hybrid,fault_alternate,detector_memory_count,p95,158.0,5
hybrid,fault_alternate,detector_memory_count,min,157.0,5
hybrid,fault_alternate,detector_memory_count,max,158.0,5
hybrid,fault_alternate,detector_memory_max,count,5,5
hybrid,fault_alternate,detector_memory_max,mean,293720064.0,5
hybrid,fault_alternate,detector_memory_max,median,293953536.0,5
hybrid,fault_alternate,detector_memory_max,std,1002917.9581840181,5
hybrid,fault_alternate,detector_memory_max,p95,294838272.0,5
hybrid,fault_alternate,detector_memory_max,min,292691968.0,5
hybrid,fault_alternate,detector_memory_max,max,294981632.0,5
hybrid,fault_alternate,detector_memory_mean,count,5,5
hybrid,fault_alternate,detector_memory_mean,mean,292530355.2557284,5
hybrid,fault_alternate,detector_memory_mean,median,292530632.56050956,5
hybrid,fault_alternate,detector_memory_mean,std,21827.02385139774,5
hybrid,fault_alternate,detector_memory_mean,p95,292550505.6405063,5
hybrid,fault_alternate,detector_memory_mean,min,292495203.46496814,5
hybrid,fault_alternate,detector_memory_mean,max,292552004.0506329,5
hybrid,fault_alternate,detector_memory_median,count,5,5
hybrid,fault_alternate,detector_memory_median,mean,292522393.6,5
hybrid,fault_alternate,detector_memory_median,median,292521984.0,5
hybrid,fault_alternate,detector_memory_median,std,19179.167364617268,5
hybrid,fault_alternate,detector_memory_median,p95,292544512.0,5
hybrid,fault_alternate,detector_memory_median,min,292495360.0,5
hybrid,fault_alternate,detector_memory_median,max,292548608.0,5
hybrid,fault_alternate,detector_memory_min,count,5,5
hybrid,fault_alternate,detector_memory_min,mean,292229120.0,5
hybrid,fault_alternate,detector_memory_min,median,292233216.0,5
hybrid,fault_alternate,detector_memory_min,std,29959.65714089532,5
hybrid,fault_alternate,detector_memory_min,p95,292260249.6,5
hybrid,fault_alternate,detector_memory_min,min,292196352.0,5
hybrid,fault_alternate,detector_memory_min,max,292261888.0,5
hybrid,fault_alternate,detector_memory_p95,count,5,5
hybrid,fault_alternate,detector_memory_p95,mean,292695121.92,5
hybrid,fault_alternate,detector_memory_p95,median,292696678.4,5
hybrid,fault_alternate,detector_memory_p95,std,12876.041647653981,5
hybrid,fault_alternate,detector_memory_p95,p95,292709416.96,5
hybrid,fault_alternate,detector_memory_p95,min,292676403.2,5
hybrid,fault_alternate,detector_memory_p95,max,292712448.0,5
hybrid,fault_alternate,detector_memory_std,count,5,5
hybrid,fault_alternate,detector_memory_std,mean,167090.45259520723,5
hybrid,fault_alternate,detector_memory_std,median,163022.04024782692,5
hybrid,fault_alternate,detector_memory_std,std,56515.75641131427,5
hybrid,fault_alternate,detector_memory_std,p95,240506.43323228386,5
hybrid,fault_alternate,detector_memory_std,min,115671.81809599316,5
hybrid,fault_alternate,detector_memory_std,max,255650.61250202364,5
hybrid,fault_alternate,detector_processing_ms_count,count,5,5
hybrid,fault_alternate,detector_processing_ms_count,mean,79.8,5
hybrid,fault_alternate,detector_processing_ms_count,median,79.0,5
hybrid,fault_alternate,detector_processing_ms_count,std,2.9495762407505253,5
hybrid,fault_alternate,detector_processing_ms_count,p95,83.4,5
hybrid,fault_alternate,detector_processing_ms_count,min,76.0,5
hybrid,fault_alternate,detector_processing_ms_count,max,84.0,5
hybrid,fault_alternate,detector_processing_ms_max,count,5,5
hybrid,fault_alternate,detector_processing_ms_max,mean,118.48115921020508,5
hybrid,fault_alternate,detector_processing_ms_max,median,101.30453109741211,5
hybrid,fault_alternate,detector_processing_ms_max,std,25.355694938213375,5
hybrid,fault_alternate,detector_processing_ms_max,p95,150.57249069213867,5
hybrid,fault_alternate,detector_processing_ms_max,min,99.4863510131836,5
hybrid,fault_alternate,detector_processing_ms_max,max,153.98883819580078,5
hybrid,fault_alternate,detector_processing_ms_mean,count,5,5
hybrid,fault_alternate,detector_processing_ms_mean,mean,47.45162350036142,5
hybrid,fault_alternate,detector_processing_ms_mean,median,48.28453969351853,5
hybrid,fault_alternate,detector_processing_ms_mean,std,4.191738049475351,5
hybrid,fault_alternate,detector_processing_ms_mean,p95,52.266552039289564,5
hybrid,fault_alternate,detector_processing_ms_mean,min,41.83264020123059,5
hybrid,fault_alternate,detector_processing_ms_mean,max,53.24520888151946,5
hybrid,fault_alternate,detector_processing_ms_median,count,5,5
hybrid,fault_alternate,detector_processing_ms_median,mean,44.16828155517578,5
hybrid,fault_alternate,detector_processing_ms_median,median,45.43137550354004,5
hybrid,fault_alternate,detector_processing_ms_median,std,5.855697344246497,5
hybrid,fault_alternate,detector_processing_ms_median,p95,50.70834159851074,5
hybrid,fault_alternate,detector_processing_ms_median,min,36.27324104309082,5
hybrid,fault_alternate,detector_processing_ms_median,max,51.79095268249512,5
hybrid,fault_alternate,detector_processing_ms_min,count,5,5
hybrid,fault_alternate,detector_processing_ms_min,mean,3.058147430419922,5
hybrid,fault_alternate,detector_processing_ms_min,median,3.064870834350586,5
hybrid,fault_alternate,detector_processing_ms_min,std,0.03939227638072646,5
hybrid,fault_alternate,detector_processing_ms_min,p95,3.0963897705078125,5
hybrid,fault_alternate,detector_processing_ms_min,min,2.9959678649902344,5
hybrid,fault_alternate,detector_processing_ms_min,max,3.100872039794922,5
hybrid,fault_alternate,detector_processing_ms_p95,count,5,5
hybrid,fault_alternate,detector_processing_ms_p95,mean,96.71010255813599,5
hybrid,fault_alternate,detector_processing_ms_p95,median,96.05062007904053,5
hybrid,fault_alternate,detector_processing_ms_p95,std,2.5863587759190447,5
hybrid,fault_alternate,detector_processing_ms_p95,p95,100.02310514450073,5
hybrid,fault_alternate,detector_processing_ms_p95,min,93.6614990234375,5
hybrid,fault_alternate,detector_processing_ms_p95,max,100.74853897094727,5
hybrid,fault_alternate,detector_processing_ms_std,count,5,5
hybrid,fault_alternate,detector_processing_ms_std,mean,31.154023037840272,5
hybrid,fault_alternate,detector_processing_ms_std,median,31.102079423026648,5
hybrid,fault_alternate,detector_processing_ms_std,std,1.75466086451315,5
hybrid,fault_alternate,detector_processing_ms_std,p95,33.35037692560178,5
hybrid,fault_alternate,detector_processing_ms_std,min,29.12255618990598,5
hybrid,fault_alternate,detector_processing_ms_std,max,33.77575283204319,5
hybrid,fault_alternate,diagnosis_latency_ms_count,count,5,5
hybrid,fault_alternate,diagnosis_latency_ms_count,mean,17.4,5
hybrid,fault_alternate,diagnosis_latency_ms_count,median,17.0,5
hybrid,fault_alternate,diagnosis_latency_ms_count,std,0.5477225575051661,5
hybrid,fault_alternate,diagnosis_latency_ms_count,p95,18.0,5
hybrid,fault_alternate,diagnosis_latency_ms_count,min,17.0,5
hybrid,fault_alternate,diagnosis_latency_ms_count,max,18.0,5
hybrid,fault_alternate,diagnosis_latency_ms_max,count,5,5
hybrid,fault_alternate,diagnosis_latency_ms_max,mean,28.70001792907715,5
hybrid,fault_alternate,diagnosis_latency_ms_max,median,30.083179473876953,5
hybrid,fault_alternate,diagnosis_latency_ms_max,std,6.766592962638763,5
hybrid,fault_alternate,diagnosis_latency_ms_max,p95,36.04850769042969,5
hybrid,fault_alternate,diagnosis_latency_ms_max,min,19.597768783569336,5
hybrid,fault_alternate,diagnosis_latency_ms_max,max,37.001609802246094,5
hybrid,fault_alternate,diagnosis_latency_ms_mean,count,5,5
hybrid,fault_alternate,diagnosis_latency_ms_mean,mean,17.309319739248238,5
hybrid,fault_alternate,diagnosis_latency_ms_mean,median,17.59209352381089,5
hybrid,fault_alternate,diagnosis_latency_ms_mean,std,0.5449557495877102,5
hybrid,fault_alternate,diagnosis_latency_ms_mean,p95,17.63277661566641,5
hybrid,fault_alternate,diagnosis_latency_ms_mean,min,16.35921001434326,5
hybrid,fault_alternate,diagnosis_latency_ms_mean,max,17.635303385117474,5
hybrid,fault_alternate,diagnosis_latency_ms_median,count,5,5
hybrid,fault_alternate,diagnosis_latency_ms_median,mean,16.27979278564453,5
hybrid,fault_alternate,diagnosis_latency_ms_median,median,16.187667846679688,5
hybrid,fault_alternate,diagnosis_latency_ms_median,std,0.324499493005048,5
hybrid,fault_alternate,diagnosis_latency_ms_median,p95,16.715478897094727,5
hybrid,fault_alternate,diagnosis_latency_ms_median,min,15.969038009643555,5
hybrid,fault_alternate,diagnosis_latency_ms_median,max,16.819238662719727,5
hybrid,fault_alternate,diagnosis_latency_ms_min,count,5,5
hybrid,fault_alternate,diagnosis_latency_ms_min,mean,13.024425506591797,5
hybrid,fault_alternate,diagnosis_latency_ms_min,median,13.720512390136719,5
hybrid,fault_alternate,diagnosis_latency_ms_min,std,0.9981002008900427,5
hybrid,fault_alternate,diagnosis_latency_ms_min,p95,13.755941390991211,5
hybrid,fault_alternate,diagnosis_latency_ms_min,min,11.649847030639648,5
hybrid,fault_alternate,diagnosis_latency_ms_min,max,13.764381408691406,5
hybrid,fault_alternate,diagnosis_latency_ms_p95,count,5,5
hybrid,fault_alternate,diagnosis_latency_ms_p95,mean,23.246953487396233,5
hybrid,fault_alternate,diagnosis_latency_ms_p95,median,23.51961135864257,5
hybrid,fault_alternate,diagnosis_latency_ms_p95,std,2.470455848651867,5
hybrid,fault_alternate,diagnosis_latency_ms_p95,p95,25.90892791748046,5
hybrid,fault_alternate,diagnosis_latency_ms_p95,min,19.537174701690674,5
hybrid,fault_alternate,diagnosis_latency_ms_p95,max,26.418662071228017,5
hybrid,fault_alternate,diagnosis_latency_ms_std,count,5,5
hybrid,fault_alternate,diagnosis_latency_ms_std,mean,3.804125731402282,5
hybrid,fault_alternate,diagnosis_latency_ms_std,median,4.068119609533806,5
hybrid,fault_alternate,diagnosis_latency_ms_std,std,1.4240253920194594,5
hybrid,fault_alternate,diagnosis_latency_ms_std,p95,5.17056567821345,5
hybrid,fault_alternate,diagnosis_latency_ms_std,min,1.5772278856940585,5
hybrid,fault_alternate,diagnosis_latency_ms_std,max,5.303499087117378,5
hybrid,fault_alternate,e2e_latency_ms_count,count,5,5
hybrid,fault_alternate,e2e_latency_ms_count,mean,17.4,5
hybrid,fault_alternate,e2e_latency_ms_count,median,17.0,5
hybrid,fault_alternate,e2e_latency_ms_count,std,0.5477225575051661,5
hybrid,fault_alternate,e2e_latency_ms_count,p95,18.0,5
hybrid,fault_alternate,e2e_latency_ms_count,min,17.0,5
hybrid,fault_alternate,e2e_latency_ms_count,max,18.0,5
hybrid,fault_alternate,e2e_latency_ms_max,count,5,5
hybrid,fault_alternate,e2e_latency_ms_max,mean,10068.279600143433,5
hybrid,fault_alternate,e2e_latency_ms_max,median,10074.62191581726,5
hybrid,fault_alternate,e2e_latency_ms_max,std,9.226793743225684,5
hybrid,fault_alternate,e2e_latency_ms_max,p95,10075.490379333496,5
hybrid,fault_alternate,e2e_latency_ms_max,min,10057.86657333374,5
hybrid,fault_alternate,e2e_latency_ms_max,max,10075.682163238525,5
hybrid,fault_alternate,e2e_latency_ms_mean,count,5,5
hybrid,fault_alternate,e2e_latency_ms_mean,mean,9777.575058563083,5
hybrid,fault_alternate,e2e_latency_ms_mean,median,9750.028441934024,5
hybrid,fault_alternate,e2e_latency_ms_mean,std,153.6575731300044,5
hybrid,fault_alternate,e2e_latency_ms_mean,p95,9969.069318210377,5
hybrid,fault_alternate,e2e_latency_ms_mean,min,9589.343812730578,5
hybrid,fault_alternate,e2e_latency_ms_mean,max,10002.881512922399,5
hybrid,fault_alternate,e2e_latency_ms_median,count,5,5
hybrid,fault_alternate,e2e_latency_ms_median,mean,10001.374316215515,5
hybrid,fault_alternate,e2e_latency_ms_median,median,9996.527194976807,5
hybrid,fault_alternate,e2e_latency_ms_median,std,10.38519688228001,5
hybrid,fault_alternate,e2e_latency_ms_median,p95,10013.063764572144,5
hybrid,fault_alternate,e2e_latency_ms_median,min,9992.506504058838,5
hybrid,fault_alternate,e2e_latency_ms_median,max,10013.375401496887,5
hybrid,fault_alternate,e2e_latency_ms_min,count,5,5
hybrid,fault_alternate,e2e_latency_ms_min,mean,8216.451454162598,5
hybrid,fault_alternate,e2e_latency_ms_min,median,8397.034168243408,5
hybrid,fault_alternate,e2e_latency_ms_min,std,1180.8206871735326,5
hybrid,fault_alternate,e2e_latency_ms_min,p95,9595.083665847778,5
hybrid,fault_alternate,e2e_latency_ms_min,min,7000.497341156006,5
hybrid,fault_alternate,e2e_latency_ms_min,max,9797.459602355957,5
hybrid,fault_alternate,e2e_latency_ms_p95,count,5,5
hybrid,fault_alternate,e2e_latency_ms_p95,mean,10057.773082256317,5
hybrid,fault_alternate,e2e_latency_ms_p95,median,10057.534992694855,5
hybrid,fault_alternate,e2e_latency_ms_p95,std,3.245220893273954,5
hybrid,fault_alternate,e2e_latency_ms_p95,p95,10061.564922332764,5
hybrid,fault_alternate,e2e_latency_ms_p95,min,10053.968238830566,5
hybrid,fault_alternate,e2e_latency_ms_p95,max,10061.976385116577,5
hybrid,fault_alternate,e2e_latency_ms_std,count,5,5
hybrid,fault_alternate,e2e_latency_ms_std,mean,578.6339194467109,5
hybrid,fault_alternate,e2e_latency_ms_std,median,567.8912065230661,5
hybrid,fault_alternate,e2e_latency_ms_std,std,366.4268679760082,5
hybrid,fault_alternate,e2e_latency_ms_std,p95,947.5566895691649,5
hybrid,fault_alternate,e2e_latency_ms_std,min,60.38394971515967,5
hybrid,fault_alternate,e2e_latency_ms_std,max,963.043439686294,5
hybrid,fault_alternate,escalated_samples,count,5,5
hybrid,fault_alternate,escalated_samples,mean,1557.6,5
hybrid,fault_alternate,escalated_samples,median,1533.0,5
hybrid,fault_alternate,escalated_samples,std,50.65866164833019,5
hybrid,fault_alternate,escalated_samples,p95,1612.8,5
hybrid,fault_alternate,escalated_samples,min,1514.0,5
hybrid,fault_alternate,escalated_samples,max,1613.0,5
hybrid,fault_alternate,estimated_cloud_data_bytes,count,5,5
hybrid,fault_alternate,estimated_cloud_data_bytes,mean,1522289.208,5
hybrid,fault_alternate,estimated_cloud_data_bytes,median,1498246.8900000001,5
hybrid,fault_alternate,estimated_cloud_data_bytes,std,49510.229788762495,5
hybrid,fault_alternate,estimated_cloud_data_bytes,p95,1576237.824,5
hybrid,fault_alternate,estimated_cloud_data_bytes,min,1479677.62,5
hybrid,fault_alternate,estimated_cloud_data_bytes,max,1576433.29,5
hybrid,fault_alternate,estimated_cloud_data_bytes_per_minute,count,5,5
hybrid,fault_alternate,estimated_cloud_data_bytes_per_minute,mean,303866.17604833393,5
hybrid,fault_alternate,estimated_cloud_data_bytes_per_minute,median,299547.6536859036,5
hybrid,fault_alternate,estimated_cloud_data_bytes_per_minute,std,10524.103300685234,5
hybrid,fault_alternate,estimated_cloud_data_bytes_per_minute,p95,315731.5861166677,5
hybrid,fault_alternate,estimated_cloud_data_bytes_per_minute,min,293804.16497804323,5
hybrid,fault_alternate,estimated_cloud_data_bytes_per_minute,max,316123.27204387693,5
hybrid,fault_alternate,estimated_sample_bytes,count,5,5
hybrid,fault_alternate,estimated_sample_bytes,mean,977.33,5
hybrid,fault_alternate,estimated_sample_bytes,median,977.33,5
hybrid,fault_alternate,estimated_sample_bytes,std,0.0,5
hybrid,fault_alternate,estimated_sample_bytes,p95,977.33,5
hybrid,fault_alternate,estimated_sample_bytes,min,977.33,5
hybrid,fault_alternate,estimated_sample_bytes,max,977.33,5
hybrid,fault_alternate,measurement_seconds,count,5,5
hybrid,fault_alternate,measurement_seconds,mean,300.6032279491425,5
hybrid,fault_alternate,measurement_seconds,median,300.24814105033875,5
hybrid,fault_alternate,measurement_seconds,std,1.254838098901289,5
hybrid,fault_alternate,measurement_seconds,p95,302.23730211257936,5
hybrid,fault_alternate,measurement_seconds,min,299.2060558795929,5
hybrid,fault_alternate,measurement_seconds,max,302.5754818916321,5
hybrid,fault_alternate,normal_decisions,count,5,5
hybrid,fault_alternate,normal_decisions,mean,13.4,5
hybrid,fault_alternate,normal_decisions,median,13.0,5
hybrid,fault_alternate,normal_decisions,std,0.5477225575051661,5
hybrid,fault_alternate,normal_decisions,p95,14.0,5
hybrid,fault_alternate,normal_decisions,min,13.0,5
hybrid,fault_alternate,normal_decisions,max,14.0,5
hybrid,fault_alternate,orchestrator_cpu_count,count,5,5
hybrid,fault_alternate,orchestrator_cpu_count,mean,31.4,5
hybrid,fault_alternate,orchestrator_cpu_count,median,31.0,5
hybrid,fault_alternate,orchestrator_cpu_count,std,0.5477225575051661,5
hybrid,fault_alternate,orchestrator_cpu_count,p95,32.0,5
hybrid,fault_alternate,orchestrator_cpu_count,min,31.0,5
hybrid,fault_alternate,orchestrator_cpu_count,max,32.0,5
hybrid,fault_alternate,orchestrator_cpu_max,count,5,5
hybrid,fault_alternate,orchestrator_cpu_max,mean,0.0,5
hybrid,fault_alternate,orchestrator_cpu_max,median,0.0,5
hybrid,fault_alternate,orchestrator_cpu_max,std,0.0,5
hybrid,fault_alternate,orchestrator_cpu_max,p95,0.0,5
hybrid,fault_alternate,orchestrator_cpu_max,min,0.0,5
hybrid,fault_alternate,orchestrator_cpu_max,max,0.0,5
hybrid,fault_alternate,orchestrator_cpu_mean,count,5,5
hybrid,fault_alternate,orchestrator_cpu_mean,mean,0.0,5
hybrid,fault_alternate,orchestrator_cpu_mean,median,0.0,5
hybrid,fault_alternate,orchestrator_cpu_mean,std,0.0,5
hybrid,fault_alternate,orchestrator_cpu_mean,p95,0.0,5
hybrid,fault_alternate,orchestrator_cpu_mean,min,0.0,5
hybrid,fault_alternate,orchestrator_cpu_mean,max,0.0,5
hybrid,fault_alternate,orchestrator_cpu_median,count,5,5
hybrid,fault_alternate,orchestrator_cpu_median,mean,0.0,5
hybrid,fault_alternate,orchestrator_cpu_median,median,0.0,5
hybrid,fault_alternate,orchestrator_cpu_median,std,0.0,5
hybrid,fault_alternate,orchestrator_cpu_median,p95,0.0,5
hybrid,fault_alternate,orchestrator_cpu_median,min,0.0,5
hybrid,fault_alternate,orchestrator_cpu_median,max,0.0,5
hybrid,fault_alternate,orchestrator_cpu_min,count,5,5
hybrid,fault_alternate,orchestrator_cpu_min,mean,0.0,5
hybrid,fault_alternate,orchestrator_cpu_min,median,0.0,5
hybrid,fault_alternate,orchestrator_cpu_min,std,0.0,5
hybrid,fault_alternate,orchestrator_cpu_min,p95,0.0,5
hybrid,fault_alternate,orchestrator_cpu_min,min,0.0,5
hybrid,fault_alternate,orchestrator_cpu_min,max,0.0,5
hybrid,fault_alternate,orchestrator_cpu_p95,count,5,5
hybrid,fault_alternate,orchestrator_cpu_p95,mean,0.0,5
hybrid,fault_alternate,orchestrator_cpu_p95,median,0.0,5
hybrid,fault_alternate,orchestrator_cpu_p95,std,0.0,5
hybrid,fault_alternate,orchestrator_cpu_p95,p95,0.0,5
hybrid,fault_alternate,orchestrator_cpu_p95,min,0.0,5
hybrid,fault_alternate,orchestrator_cpu_p95,max,0.0,5
hybrid,fault_alternate,orchestrator_cpu_std,count,5,5
hybrid,fault_alternate,orchestrator_cpu_std,mean,0.0,5
hybrid,fault_alternate,orchestrator_cpu_std,median,0.0,5
hybrid,fault_alternate,orchestrator_cpu_std,std,0.0,5
hybrid,fault_alternate,orchestrator_cpu_std,p95,0.0,5
hybrid,fault_alternate,orchestrator_cpu_std,min,0.0,5
hybrid,fault_alternate,orchestrator_cpu_std,max,0.0,5
hybrid,fault_alternate,orchestrator_memory_count,count,5,5
hybrid,fault_alternate,orchestrator_memory_count,mean,31.4,5
hybrid,fault_alternate,orchestrator_memory_count,median,31.0,5
hybrid,fault_alternate,orchestrator_memory_count,std,0.5477225575051661,5
hybrid,fault_alternate,orchestrator_memory_count,p95,32.0,5
hybrid,fault_alternate,orchestrator_memory_count,min,31.0,5
hybrid,fault_alternate,orchestrator_memory_count,max,32.0,5
hybrid,fault_alternate,orchestrator_memory_max,count,5,5
hybrid,fault_alternate,orchestrator_memory_max,mean,23860838.4,5
hybrid,fault_alternate,orchestrator_memory_max,median,23703552.0,5
hybrid,fault_alternate,orchestrator_memory_max,std,472902.6684602234,5
hybrid,fault_alternate,orchestrator_memory_max,p95,24498995.2,5
hybrid,fault_alternate,orchestrator_memory_max,min,23420928.0,5
hybrid,fault_alternate,orchestrator_memory_max,max,24657920.0,5
hybrid,fault_alternate,orchestrator_memory_mean,count,5,5
hybrid,fault_alternate,orchestrator_memory_mean,mean,23369714.787096776,5
hybrid,fault_alternate,orchestrator_memory_mean,median,23437184.0,5
hybrid,fault_alternate,orchestrator_memory_mean,std,266064.036999062,5
hybrid,fault_alternate,orchestrator_memory_mean,p95,23609554.580645163,5
hybrid,fault_alternate,orchestrator_memory_mean,min,22929540.129032258,5
hybrid,fault_alternate,orchestrator_memory_mean,max,23649511.225806452,5
hybrid,fault_alternate,orchestrator_memory_median,count,5,5
hybrid,fault_alternate,orchestrator_memory_median,mean,23411097.6,5
hybrid,fault_alternate,orchestrator_memory_median,median,23394304.0,5
hybrid,fault_alternate,orchestrator_memory_median,std,160041.73279741756,5
hybrid,fault_alternate,orchestrator_memory_median,p95,23602380.8,5
hybrid,fault_alternate,orchestrator_memory_median,min,23195648.0,5
hybrid,fault_alternate,orchestrator_memory_median,max,23638016.0,5
hybrid,fault_alternate,orchestrator_memory_min,count,5,5
hybrid,fault_alternate,orchestrator_memory_min,mean,22957260.8,5
hybrid,fault_alternate,orchestrator_memory_min,median,23117824.0,5
hybrid,fault_alternate,orchestrator_memory_min,std,573903.5383644189,5
hybrid,fault_alternate,orchestrator_memory_min,p95,23369318.4,5
hybrid,fault_alternate,orchestrator_memory_min,min,21954560.0,5
hybrid,fault_alternate,orchestrator_memory_min,max,23416832.0,5
hybrid,fault_alternate,orchestrator_memory_p95,count,5,5
hybrid,fault_alternate,orchestrator_memory_p95,mean,23608197.12,5
hybrid,fault_alternate,orchestrator_memory_p95,median,23611392.0,5
hybrid,fault_alternate,orchestrator_memory_p95,std,165775.0434193037,5
hybrid,fault_alternate,orchestrator_memory_p95,p95,23791697.92,5
hybrid,fault_alternate,orchestrator_memory_p95,min,23363584.0,5
hybrid,fault_alternate,orchestrator_memory_p95,max,23828480.0,5
hybrid,fault_alternate,orchestrator_memory_std,count,5,5
hybrid,fault_alternate,orchestrator_memory_std,mean,226879.45073632183,5
hybrid,fault_alternate,orchestrator_memory_std,median,139189.8843893416,5
hybrid,fault_alternate,orchestrator_memory_std,std,169099.76516222884,5
hybrid,fault_alternate,orchestrator_memory_std,p95,460143.9041562126,5
hybrid,fault_alternate,orchestrator_memory_std,min,111153.99634222474,5
hybrid,fault_alternate,orchestrator_memory_std,max,512891.0427672881,5
hybrid,fault_alternate,orchestrator_processing_ms_count,count,5,5
hybrid,fault_alternate,orchestrator_processing_ms_count,mean,31.4,5
hybrid,fault_alternate,orchestrator_processing_ms_count,median,31.0,5
hybrid,fault_alternate,orchestrator_processing_ms_count,std,0.5477225575051661,5
hybrid,fault_alternate,orchestrator_processing_ms_count,p95,32.0,5
hybrid,fault_alternate,orchestrator_processing_ms_count,min,31.0,5
hybrid,fault_alternate,orchestrator_processing_ms_count,max,32.0,5
hybrid,fault_alternate,orchestrator_processing_ms_max,count,5,5
hybrid,fault_alternate,orchestrator_processing_ms_max,mean,26.15041732788086,5
hybrid,fault_alternate,orchestrator_processing_ms_max,median,25.486230850219727,5
hybrid,fault_alternate,orchestrator_processing_ms_max,std,6.381775568835307,5
hybrid,fault_alternate,orchestrator_processing_ms_max,p95,32.90209770202637,5
hybrid,fault_alternate,orchestrator_processing_ms_max,min,19.833803176879883,5
hybrid,fault_alternate,orchestrator_processing_ms_max,max,33.04910659790039,5
hybrid,fault_alternate,orchestrator_processing_ms_mean,count,5,5
hybrid,fault_alternate,orchestrator_processing_ms_mean,mean,9.754595977644767,5
hybrid,fault_alternate,orchestrator_processing_ms_mean,median,9.843072583598476,5
hybrid,fault_alternate,orchestrator_processing_ms_mean,std,0.47055733507646813,5
hybrid,fault_alternate,orchestrator_processing_ms_mean,p95,10.282270177718132,5
hybrid,fault_alternate,orchestrator_processing_ms_mean,min,9.13381576538086,5
hybrid,fault_alternate,orchestrator_processing_ms_mean,max,10.362274944782257,5
hybrid,fault_alternate,orchestrator_processing_ms_median,count,5,5
hybrid,fault_alternate,orchestrator_processing_ms_median,mean,14.329719543457031,5
hybrid,fault_alternate,orchestrator_processing_ms_median,median,14.360904693603516,5
hybrid,fault_alternate,orchestrator_processing_ms_median,std,0.2056306962691268,5
hybrid,fault_alternate,orchestrator_processing_ms_median,p95,14.53866958618164,5
hybrid,fault_alternate,orchestrator_processing_ms_median,min,14.007568359375,5
hybrid,fault_alternate,orchestrator_processing_ms_median,max,14.577150344848633,5
hybrid,fault_alternate,orchestrator_processing_ms_min,count,5,5
hybrid,fault_alternate,orchestrator_processing_ms_min,mean,0.08368492126464844,5
hybrid,fault_alternate,orchestrator_processing_ms_min,median,0.08368492126464844,5
hybrid,fault_alternate,orchestrator_processing_ms_min,std,0.0042113117534293395,5
hybrid,fault_alternate,orchestrator_processing_ms_min,p95,0.08788108825683594,5
hybrid,fault_alternate,orchestrator_processing_ms_min,min,0.07700920104980469,5
hybrid,fault_alternate,orchestrator_processing_ms_min,max,0.08845329284667969,5
hybrid,fault_alternate,orchestrator_processing_ms_p95,count,5,5
hybrid,fault_alternate,orchestrator_processing_ms_p95,mean,22.40696668624878,5
hybrid,fault_alternate,orchestrator_processing_ms_p95,median,23.168206214904785,5
hybrid,fault_alternate,orchestrator_processing_ms_p95,std,2.9535096842654,5
hybrid,fault_alternate,orchestrator_processing_ms_p95,p95,25.658273696899414,5
hybrid,fault_alternate,orchestrator_processing_ms_p95,min,19.145047664642334,5
hybrid,fault_alternate,orchestrator_processing_ms_p95,max,26.068806648254395,5
hybrid,fault_alternate,orchestrator_processing_ms_std,count,5,5
hybrid,fault_alternate,orchestrator_processing_ms_std,mean,9.204710241184893,5
hybrid,fault_alternate,orchestrator_processing_ms_std,median,9.393778696301045,5
hybrid,fault_alternate,orchestrator_processing_ms_std,std,0.7073662518231664,5
hybrid,fault_alternate,orchestrator_processing_ms_std,p95,9.899713229989187,5
hybrid,fault_alternate,orchestrator_processing_ms_std,min,8.438365997140084,5
hybrid,fault_alternate,orchestrator_processing_ms_std,max,9.92973447284532,5
hybrid,fault_alternate,sensor-generator_cpu_count,count,5,5
hybrid,fault_alternate,sensor-generator_cpu_count,mean,68.2,5
hybrid,fault_alternate,sensor-generator_cpu_count,median,68.0,5
hybrid,fault_alternate,sensor-generator_cpu_count,std,0.4472135954999579,5
hybrid,fault_alternate,sensor-generator_cpu_count,p95,68.8,5
hybrid,fault_alternate,sensor-generator_cpu_count,min,68.0,5
hybrid,fault_alternate,sensor-generator_cpu_count,max,69.0,5
hybrid,fault_alternate,sensor-generator_cpu_max,count,5,5
hybrid,fault_alternate,sensor-generator_cpu_max,mean,95.1018,5
hybrid,fault_alternate,sensor-generator_cpu_max,median,95.835,5
hybrid,fault_alternate,sensor-generator_cpu_max,std,2.9571497594812453,5
hybrid,fault_alternate,sensor-generator_cpu_max,p95,97.8894,5
hybrid,fault_alternate,sensor-generator_cpu_max,min,91.23,5
hybrid,fault_alternate,sensor-generator_cpu_max,max,97.958,5
hybrid,fault_alternate,sensor-generator_cpu_mean,count,5,5
hybrid,fault_alternate,sensor-generator_cpu_mean,mean,30.435298976982097,5
hybrid,fault_alternate,sensor-generator_cpu_mean,median,28.809691176470587,5
hybrid,fault_alternate,sensor-generator_cpu_mean,std,4.214508225149561,5
hybrid,fault_alternate,sensor-generator_cpu_mean,p95,35.4320753196931,5
hybrid,fault_alternate,sensor-generator_cpu_mean,min,25.596720588235293,5
hybrid,fault_alternate,sensor-generator_cpu_mean,max,35.86934782608696,5
hybrid,fault_alternate,sensor-generator_cpu_median,count,5,5
hybrid,fault_alternate,sensor-generator_cpu_median,mean,9.4314,5
hybrid,fault_alternate,sensor-generator_cpu_median,median,2.1425,5
hybrid,fault_alternate,sensor-generator_cpu_median,std,11.439284425828392,5
hybrid,fault_alternate,sensor-generator_cpu_median,p95,24.9608,5
hybrid,fault_alternate,sensor-generator_cpu_median,min,1.7725,5
hybrid,fault_alternate,sensor-generator_cpu_median,max,27.82,5
hybrid,fault_alternate,sensor-generator_cpu_min,count,5,5
hybrid,fault_alternate,sensor-generator_cpu_min,mean,0.3886,5
hybrid,fault_alternate,sensor-generator_cpu_min,median,0.168,5
hybrid,fault_alternate,sensor-generator_cpu_min,std,0.3781564491053934,5
hybrid,fault_alternate,sensor-generator_cpu_min,p95,0.8233999999999999,5
hybrid,fault_alternate,sensor-generator_cpu_min,min,0.072,5
hybrid,fault_alternate,sensor-generator_cpu_min,max,0.839,5
hybrid,fault_alternate,sensor-generator_cpu_p95,count,5,5
hybrid,fault_alternate,sensor-generator_cpu_p95,mean,84.32948,5
hybrid,fault_alternate,sensor-generator_cpu_p95,median,82.70835,5
hybrid,fault_alternate,sensor-generator_cpu_p95,std,2.8334171618824513,5
hybrid,fault_alternate,sensor-generator_cpu_p95,p95,87.57136,5
hybrid,fault_alternate,sensor-generator_cpu_p95,min,81.96685,5
hybrid,fault_alternate,sensor-generator_cpu_p95,max,87.6776,5
hybrid,fault_alternate,sensor-generator_cpu_std,count,5,5
hybrid,fault_alternate,sensor-generator_cpu_std,mean,33.80465518975642,5
hybrid,fault_alternate,sensor-generator_cpu_std,median,33.75189101673007,5
hybrid,fault_alternate,sensor-generator_cpu_std,std,1.3671109449738377,5
hybrid,fault_alternate,sensor-generator_cpu_std,p95,35.53160728721346,5
hybrid,fault_alternate,sensor-generator_cpu_std,min,32.41944038982506,5
hybrid,fault_alternate,sensor-generator_cpu_std,max,35.84338193644601,5
hybrid,fault_alternate,sensor-generator_memory_count,count,5,5
hybrid,fault_alternate,sensor-generator_memory_count,mean,68.2,5
hybrid,fault_alternate,sensor-generator_memory_count,median,68.0,5
hybrid,fault_alternate,sensor-generator_memory_count,std,0.4472135954999579,5
hybrid,fault_alternate,sensor-generator_memory_count,p95,68.8,5
hybrid,fault_alternate,sensor-generator_memory_count,min,68.0,5
hybrid,fault_alternate,sensor-generator_memory_count,max,69.0,5
hybrid,fault_alternate,sensor-generator_memory_max,count,5,5
hybrid,fault_alternate,sensor-generator_memory_max,mean,135749632.0,5
hybrid,fault_alternate,sensor-generator_memory_max,median,136261632.0,5
hybrid,fault_alternate,sensor-generator_memory_max,std,3744164.107719639,5
hybrid,fault_alternate,sensor-generator_memory_max,p95,138883891.2,5
hybrid,fault_alternate,sensor-generator_memory_max,min,129441792.0,5
hybrid,fault_alternate,sensor-generator_memory_max,max,139141120.0,5
hybrid,fault_alternate,sensor-generator_memory_mean,count,5,5
hybrid,fault_alternate,sensor-generator_memory_mean,mean,134596807.38755327,5
hybrid,fault_alternate,sensor-generator_memory_mean,median,136012860.2352941,5
hybrid,fault_alternate,sensor-generator_memory_mean,std,3094044.5780661213,5
hybrid,fault_alternate,sensor-generator_memory_mean,p95,136083751.76402387,5
hybrid,fault_alternate,sensor-generator_memory_mean,min,129065923.76470588,5
hybrid,fault_alternate,sensor-generator_memory_mean,max,136100261.6470588,5
hybrid,fault_alternate,sensor-generator_memory_median,count,5,5
hybrid,fault_alternate,sensor-generator_memory_median,mean,134582681.6,5
hybrid,fault_alternate,sensor-generator_memory_median,median,135979008.0,5
hybrid,fault_alternate,sensor-generator_memory_median,std,3062192.994667188,5
hybrid,fault_alternate,sensor-generator_memory_median,p95,136038809.6,5
hybrid,fault_alternate,sensor-generator_memory_median,min,129107968.0,5
hybrid,fault_alternate,sensor-generator_memory_median,max,136048640.0,5
hybrid,fault_alternate,sensor-generator_memory_min,count,5,5
hybrid,fault_alternate,sensor-generator_memory_min,mean,134284083.2,5
hybrid,fault_alternate,sensor-generator_memory_min,median,135749632.0,5
hybrid,fault_alternate,sensor-generator_memory_min,std,3253464.9441042393,5
hybrid,fault_alternate,sensor-generator_memory_min,p95,135834828.8,5
hybrid,fault_alternate,sensor-generator_memory_min,min,128466944.0,5
hybrid,fault_alternate,sensor-generator_memory_min,max,135847936.0,5
hybrid,fault_alternate,sensor-generator_memory_p95,count,5,5
hybrid,fault_alternate,sensor-generator_memory_p95,mean,134803988.48,5
hybrid,fault_alternate,sensor-generator_memory_p95,median,136202854.4,5
hybrid,fault_alternate,sensor-generator_memory_p95,std,3031208.507661942,5
hybrid,fault_alternate,sensor-generator_memory_p95,p95,136227389.44,5
hybrid,fault_alternate,sensor-generator_memory_p95,min,129384857.6,5
hybrid,fault_alternate,sensor-generator_memory_p95,max,136227430.4,5
hybrid,fault_alternate,sensor-generator_memory_std,count,5,5
hybrid,fault_alternate,sensor-generator_memory_std,mean,222568.55852008768,5
hybrid,fault_alternate,sensor-generator_memory_std,median,248544.29996184967,5
hybrid,fault_alternate,sensor-generator_memory_std,std,116025.92767546383,5
hybrid,fault_alternate,sensor-generator_memory_std,p95,361074.71071139525,5
hybrid,fault_alternate,sensor-generator_memory_std,min,108171.67012489188,5
hybrid,fault_alternate,sensor-generator_memory_std,max,387743.4196063074,5
hybrid,fault_alternate,sensor-generator_processing_ms_count,count,5,5
hybrid,fault_alternate,sensor-generator_processing_ms_count,mean,68.2,5
hybrid,fault_alternate,sensor-generator_processing_ms_count,median,68.0,5
hybrid,fault_alternate,sensor-generator_processing_ms_count,std,0.4472135954999579,5
hybrid,fault_alternate,sensor-generator_processing_ms_count,p95,68.8,5
hybrid,fault_alternate,sensor-generator_processing_ms_count,min,68.0,5
hybrid,fault_alternate,sensor-generator_processing_ms_count,max,69.0,5
hybrid,fault_alternate,sensor-generator_processing_ms_max,count,5,5
hybrid,fault_alternate,sensor-generator_processing_ms_max,mean,0.22721290588378906,5
hybrid,fault_alternate,sensor-generator_processing_ms_max,median,0.06532669067382812,5
hybrid,fault_alternate,sensor-generator_processing_ms_max,std,0.38546835762641934,5
hybrid,fault_alternate,sensor-generator_processing_ms_max,p95,0.7479667663574218,5
hybrid,fault_alternate,sensor-generator_processing_ms_max,min,0.02765655517578125,5
hybrid,fault_alternate,sensor-generator_processing_ms_max,max,0.9160041809082031,5
hybrid,fault_alternate,sensor-generator_processing_ms_mean,count,5,5
hybrid,fault_alternate,sensor-generator_processing_ms_mean,mean,0.01865474972476943,5
hybrid,fault_alternate,sensor-generator_processing_ms_mean,median,0.015914440155029297,5
hybrid,fault_alternate,sensor-generator_processing_ms_mean,std,0.008350068457601329,5
hybrid,fault_alternate,sensor-generator_processing_ms_mean,p95,0.029983941246481502,5
hybrid,fault_alternate,sensor-generator_processing_ms_mean,min,0.013385993846948597,5
hybrid,fault_alternate,sensor-generator_processing_ms_mean,max,0.03345924265244428,5
hybrid,fault_alternate,sensor-generator_processing_ms_median,count,5,5
hybrid,fault_alternate,sensor-generator_processing_ms_median,mean,0.015473365783691406,5
hybrid,fault_alternate,sensor-generator_processing_ms_median,median,0.01728534698486328,5
hybrid,fault_alternate,sensor-generator_processing_ms_median,std,0.003061845988226508,5
hybrid,fault_alternate,sensor-generator_processing_ms_median,p95,0.01766681671142578,5
hybrid,fault_alternate,sensor-generator_processing_ms_median,min,0.01049041748046875,5
hybrid,fault_alternate,sensor-generator_processing_ms_median,max,0.017762184143066406,5
hybrid,fault_alternate,sensor-generator_processing_ms_min,count,5,5
hybrid,fault_alternate,sensor-generator_processing_ms_min,mean,0.0068187713623046875,5
hybrid,fault_alternate,sensor-generator_processing_ms_min,median,0.0069141387939453125,5
hybrid,fault_alternate,sensor-generator_processing_ms_min,std,0.0003615796777749801,5
hybrid,fault_alternate,sensor-generator_processing_ms_min,p95,0.0071048736572265625,5
hybrid,fault_alternate,sensor-generator_processing_ms_min,min,0.006198883056640625,5
hybrid,fault_alternate,sensor-generator_processing_ms_min,max,0.007152557373046875,5
hybrid,fault_alternate,sensor-generator_processing_ms_p95,count,5,5
hybrid,fault_alternate,sensor-generator_processing_ms_p95,mean,0.03517866134643553,5
hybrid,fault_alternate,sensor-generator_processing_ms_p95,median,0.027096271514892578,5
hybrid,fault_alternate,sensor-generator_processing_ms_p95,std,0.023334305691803215,5
hybrid,fault_alternate,sensor-generator_processing_ms_p95,p95,0.0669503211975097,5
hybrid,fault_alternate,sensor-generator_processing_ms_p95,min,0.02129077911376953,5
hybrid,fault_alternate,sensor-generator_processing_ms_p95,max,0.07656812667846673,5
hybrid,fault_alternate,sensor-generator_processing_ms_std,count,5,5
hybrid,fault_alternate,sensor-generator_processing_ms_std,mean,0.02933091687428795,5
hybrid,fault_alternate,sensor-generator_processing_ms_std,median,0.01061929824585426,5
hybrid,fault_alternate,sensor-generator_processing_ms_std,std,0.046106570450766056,5
hybrid,fault_alternate,sensor-generator_processing_ms_std,p95,0.09155961548837373,5
hybrid,fault_alternate,sensor-generator_processing_ms_std,min,0.006047106526992941,5
hybrid,fault_alternate,sensor-generator_processing_ms_std,max,0.1117247303341209,5
hybrid,fault_alternate,uncertain_decisions,count,5,5
hybrid,fault_alternate,uncertain_decisions,mean,0.6,5
hybrid,fault_alternate,uncertain_decisions,median,1.0,5
hybrid,fault_alternate,uncertain_decisions,std,0.5477225575051661,5
hybrid,fault_alternate,uncertain_decisions,p95,1.0,5
hybrid,fault_alternate,uncertain_decisions,min,0.0,5
hybrid,fault_alternate,uncertain_decisions,max,1.0,5
hybrid,fault_free,anomaly_decisions,count,5,5
hybrid,fault_free,anomaly_decisions,mean,0.0,5
hybrid,fault_free,anomaly_decisions,median,0.0,5
hybrid,fault_free,anomaly_decisions,std,0.0,5
hybrid,fault_free,anomaly_decisions,p95,0.0,5
hybrid,fault_free,anomaly_decisions,min,0.0,5
hybrid,fault_free,anomaly_decisions,max,0.0,5
hybrid,fault_free,anomaly_events,count,5,5
hybrid,fault_free,anomaly_events,mean,34.0,5
hybrid,fault_free,anomaly_events,median,34.0,5
hybrid,fault_free,anomaly_events,std,0.0,5
hybrid,fault_free,anomaly_events,p95,34.0,5
hybrid,fault_free,anomaly_events,min,34.0,5
hybrid,fault_free,anomaly_events,max,34.0,5
hybrid,fault_free,classifier_correct_count,count,5,5
hybrid,fault_free,classifier_correct_count,mean,0.0,5
hybrid,fault_free,classifier_correct_count,median,0.0,5
hybrid,fault_free,classifier_correct_count,std,0.0,5
hybrid,fault_free,classifier_correct_count,p95,0.0,5
hybrid,fault_free,classifier_correct_count,min,0.0,5
hybrid,fault_free,classifier_correct_count,max,0.0,5
hybrid,fault_free,classifier_cpu_count,count,5,5
hybrid,fault_free,classifier_cpu_count,mean,159.6,5
hybrid,fault_free,classifier_cpu_count,median,160.0,5
hybrid,fault_free,classifier_cpu_count,std,0.5477225575051661,5
hybrid,fault_free,classifier_cpu_count,p95,160.0,5
hybrid,fault_free,classifier_cpu_count,min,159.0,5
hybrid,fault_free,classifier_cpu_count,max,160.0,5
hybrid,fault_free,classifier_cpu_max,count,5,5
hybrid,fault_free,classifier_cpu_max,mean,2.2186,5
hybrid,fault_free,classifier_cpu_max,median,2.255,5
hybrid,fault_free,classifier_cpu_max,std,0.16457308406905424,5
hybrid,fault_free,classifier_cpu_max,p95,2.3982,5
hybrid,fault_free,classifier_cpu_max,min,2.02,5
hybrid,fault_free,classifier_cpu_max,max,2.419,5
hybrid,fault_free,classifier_cpu_mean,count,5,5
hybrid,fault_free,classifier_cpu_mean,mean,0.4807944575471698,5
hybrid,fault_free,classifier_cpu_mean,median,0.4712125,5
hybrid,fault_free,classifier_cpu_mean,std,0.02680178524386169,5
hybrid,fault_free,classifier_cpu_mean,p95,0.5108875,5
hybrid,fault_free,classifier_cpu_mean,min,0.4519874213836478,5
hybrid,fault_free,classifier_cpu_mean,max,0.51208125,5
hybrid,fault_free,classifier_cpu_median,count,5,5
hybrid,fault_free,classifier_cpu_median,mean,0.1036,5
hybrid,fault_free,classifier_cpu_median,median,0.103,5
hybrid,fault_free,classifier_cpu_median,std,0.005856620185738528,5
hybrid,fault_free,classifier_cpu_median,p95,0.1104,5
hybrid,fault_free,classifier_cpu_median,min,0.098,5
hybrid,fault_free,classifier_cpu_median,max,0.111,5
hybrid,fault_free,classifier_cpu_min,count,5,5
hybrid,fault_free,classifier_cpu_min,mean,0.088,5
hybrid,fault_free,classifier_cpu_min,median,0.091,5
hybrid,fault_free,classifier_cpu_min,std,0.00565685424949238,5
hybrid,fault_free,classifier_cpu_min,p95,0.0926,5
hybrid,fault_free,classifier_cpu_min,min,0.079,5
hybrid,fault_free,classifier_cpu_min,max,0.093,5
hybrid,fault_free,classifier_cpu_p95,count,5,5
hybrid,fault_free,classifier_cpu_p95,mean,2.06669,5
hybrid,fault_free,classifier_cpu_p95,median,2.0232,5
hybrid,fault_free,classifier_cpu_p95,std,0.14495622787586598,5
hybrid,fault_free,classifier_cpu_p95,p95,2.22247,5
hybrid,fault_free,classifier_cpu_p95,min,1.8822999999999999,5
hybrid,fault_free,classifier_cpu_p95,max,2.2282,5
hybrid,fault_free,classifier_cpu_std,count,5,5
hybrid,fault_free,classifier_cpu_std,mean,0.7625701789871248,5
hybrid,fault_free,classifier_cpu_std,median,0.7516935126430755,5
hybrid,fault_free,classifier_cpu_std,std,0.05136312333516944,5
hybrid,fault_free,classifier_cpu_std,p95,0.8207684148160788,5
hybrid,fault_free,classifier_cpu_std,min,0.7035894857072119,5
hybrid,fault_free,classifier_cpu_std,max,0.8245030519440751,5
hybrid,fault_free,classifier_ground_truth_count,count,5,5
hybrid,fault_free,classifier_ground_truth_count,mean,0.0,5
hybrid,fault_free,classifier_ground_truth_count,median,0.0,5
hybrid,fault_free,classifier_ground_truth_count,std,0.0,5
hybrid,fault_free,classifier_ground_truth_count,p95,0.0,5
hybrid,fault_free,classifier_ground_truth_count,min,0.0,5
hybrid,fault_free,classifier_ground_truth_count,max,0.0,5
hybrid,fault_free,classifier_memory_count,count,5,5
hybrid,fault_free,classifier_memory_count,mean,159.6,5
hybrid,fault_free,classifier_memory_count,median,160.0,5
hybrid,fault_free,classifier_memory_count,std,0.5477225575051661,5
hybrid,fault_free,classifier_memory_count,p95,160.0,5
hybrid,fault_free,classifier_memory_count,min,159.0,5
hybrid,fault_free,classifier_memory_count,max,160.0,5
hybrid,fault_free,classifier_memory_max,count,5,5
hybrid,fault_free,classifier_memory_max,mean,245107097.6,5
hybrid,fault_free,classifier_memory_max,median,245100544.0,5
hybrid,fault_free,classifier_memory_max,std,3197014.720668768,5
hybrid,fault_free,classifier_memory_max,p95,249091686.4,5
hybrid,fault_free,classifier_memory_max,min,241860608.0,5
hybrid,fault_free,classifier_memory_max,max,249782272.0,5
hybrid,fault_free,classifier_memory_mean,count,5,5
hybrid,fault_free,classifier_memory_mean,mean,241265582.3054088,5
hybrid,fault_free,classifier_memory_mean,median,241593548.8,5
hybrid,fault_free,classifier_memory_mean,std,759621.4551010148,5
hybrid,fault_free,classifier_memory_mean,p95,241626661.99748427,5
hybrid,fault_free,classifier_memory_mean,min,239907046.4,5
hybrid,fault_free,classifier_memory_mean,max,241633112.5534591,5
hybrid,fault_free,classifier_memory_median,count,5,5
hybrid,fault_free,classifier_memory_median,mean,241238835.2,5
hybrid,fault_free,classifier_memory_median,median,241586176.0,5
hybrid,fault_free,classifier_memory_median,std,772176.9379327513,5
hybrid,fault_free,classifier_memory_median,p95,241593548.8,5
hybrid,fault_free,classifier_memory_median,min,239857664.0,5
hybrid,fault_free,classifier_memory_median,max,241594368.0,5
hybrid,fault_free,classifier_memory_min,count,5,5
hybrid,fault_free,classifier_memory_min,mean,240980787.2,5
hybrid,fault_free,classifier_memory_min,median,241315840.0,5
hybrid,fault_free,classifier_memory_min,std,769897.6534080358,5
hybrid,fault_free,classifier_memory_min,p95,241340416.0,5
hybrid,fault_free,classifier_memory_min,min,239603712.0,5
hybrid,fault_free,classifier_memory_min,max,241344512.0,5
hybrid,fault_free,classifier_memory_p95,count,5,5
hybrid,fault_free,classifier_memory_p95,mean,241442078.72,5
hybrid,fault_free,classifier_memory_p95,median,241799168.0,5
hybrid,fault_free,classifier_memory_p95,std,812592.2252910071,5
hybrid,fault_free,classifier_memory_p95,p95,241819975.68,5
hybrid,fault_free,classifier_memory_p95,min,239988736.0,5
hybrid,fault_free,classifier_memory_p95,max,241820057.6,5
hybrid,fault_free,classifier_memory_std,count,5,5
hybrid,fault_free,classifier_memory_std,mean,352026.5829580858,5
hybrid,fault_free,classifier_memory_std,median,312040.18879081367,5
hybrid,fault_free,classifier_memory_std,std,272045.664331848,5
hybrid,fault_free,classifier_memory_std,p95,713264.5211437528,5
hybrid,fault_free,classifier_memory_std,min,128755.41752797246,5
hybrid,fault_free,classifier_memory_std,max,793084.3169076161,5
hybrid,fault_free,classifier_processing_ms_count,count,5,5
hybrid,fault_free,classifier_processing_ms_count,mean,0.0,5
hybrid,fault_free,classifier_processing_ms_count,median,0.0,5
hybrid,fault_free,classifier_processing_ms_count,std,0.0,5
hybrid,fault_free,classifier_processing_ms_count,p95,0.0,5
hybrid,fault_free,classifier_processing_ms_count,min,0.0,5
hybrid,fault_free,classifier_processing_ms_count,max,0.0,5
hybrid,fault_free,cloud_escalations,count,5,5
hybrid,fault_free,cloud_escalations,mean,0.0,5
hybrid,fault_free,cloud_escalations,median,0.0,5
hybrid,fault_free,cloud_escalations,std,0.0,5
hybrid,fault_free,cloud_escalations,p95,0.0,5
hybrid,fault_free,cloud_escalations,min,0.0,5
hybrid,fault_free,cloud_escalations,max,0.0,5
hybrid,fault_free,decision_time_ms_count,count,5,5
hybrid,fault_free,decision_time_ms_count,mean,32.0,5
hybrid,fault_free,decision_time_ms_count,median,32.0,5
hybrid,fault_free,decision_time_ms_count,std,0.0,5
hybrid,fault_free,decision_time_ms_count,p95,32.0,5
hybrid,fault_free,decision_time_ms_count,min,32.0,5
hybrid,fault_free,decision_time_ms_count,max,32.0,5
hybrid,fault_free,decision_time_ms_max,count,5,5
hybrid,fault_free,decision_time_ms_max,mean,0.15192031860351562,5
hybrid,fault_free,decision_time_ms_max,median,0.15401840209960938,5
hybrid,fault_free,decision_time_ms_max,std,0.021151772900344822,5
hybrid,fault_free,decision_time_ms_max,p95,0.17189979553222656,5
hybrid,fault_free,decision_time_ms_max,min,0.12040138244628906,5
hybrid,fault_free,decision_time_ms_max,max,0.17261505126953125,5
hybrid,fault_free,decision_time_ms_mean,count,5,5
hybrid,fault_free,decision_time_ms_mean,mean,0.08547455072402954,5
hybrid,fault_free,decision_time_ms_mean,median,0.08441507816314697,5
hybrid,fault_free,decision_time_ms_mean,std,0.002377595725158037,5
hybrid,fault_free,decision_time_ms_mean,p95,0.0884905457496643,5
hybrid,fault_free,decision_time_ms_mean,min,0.08329004049301147,5
hybrid,fault_free,decision_time_ms_mean,max,0.08885562419891357,5
hybrid,fault_free,decision_time_ms_median,count,5,5
hybrid,fault_free,decision_time_ms_median,mean,0.07762908935546875,5
hybrid,fault_free,decision_time_ms_median,median,0.0768899917602539,5
hybrid,fault_free,decision_time_ms_median,std,0.0022812310265965994,5
hybrid,fault_free,decision_time_ms_median,p95,0.08039474487304688,5
hybrid,fault_free,decision_time_ms_median,min,0.0749826431274414,5
hybrid,fault_free,decision_time_ms_median,max,0.0807046890258789,5
hybrid,fault_free,decision_time_ms_min,count,5,5
hybrid,fault_free,decision_time_ms_min,mean,0.06279945373535156,5
hybrid,fault_free,decision_time_ms_min,median,0.06222724914550781,5
hybrid,fault_free,decision_time_ms_min,std,0.0018513935716931512,5
hybrid,fault_free,decision_time_ms_min,p95,0.06532669067382812,5
hybrid,fault_free,decision_time_ms_min,min,0.061511993408203125,5
hybrid,fault_free,decision_time_ms_min,max,0.06604194641113281,5
hybrid,fault_free,decision_time_ms_p95,count,5,5
hybrid,fault_free,decision_time_ms_p95,mean,0.12402057647705078,5
hybrid,fault_free,decision_time_ms_p95,median,0.11698007583618163,5
hybrid,fault_free,decision_time_ms_p95,std,0.01664269615979728,5
hybrid,fault_free,decision_time_ms_p95,p95,0.14679193496704102,5
hybrid,fault_free,decision_time_ms_p95,min,0.1148223876953125,5
hybrid,fault_free,decision_time_ms_p95,max,0.15360116958618164,5
hybrid,fault_free,decision_time_ms_std,count,5,5
hybrid,fault_free,decision_time_ms_std,mean,0.020891091772975785,5
hybrid,fault_free,decision_time_ms_std,median,0.019620598135657707,5
hybrid,fault_free,decision_time_ms_std,std,0.0033689708723903225,5
hybrid,fault_free,decision_time_ms_std,p95,0.02533317378176085,5
hybrid,fault_free,decision_time_ms_std,min,0.017580868851770282,5
hybrid,fault_free,decision_time_ms_std,max,0.026116986035138397,5
hybrid,fault_free,decision_windows,count,5,5
hybrid,fault_free,decision_windows,mean,32.0,5
hybrid,fault_free,decision_windows,median,32.0,5
hybrid,fault_free,decision_windows,std,0.0,5
hybrid,fault_free,decision_windows,p95,32.0,5
hybrid,fault_free,decision_windows,min,32.0,5
hybrid,fault_free,decision_windows,max,32.0,5
hybrid,fault_free,detection_latency_ms_count,count,5,5
hybrid,fault_free,detection_latency_ms_count,mean,34.0,5
hybrid,fault_free,detection_latency_ms_count,median,34.0,5
hybrid,fault_free,detection_latency_ms_count,std,0.0,5
hybrid,fault_free,detection_latency_ms_count,p95,34.0,5
hybrid,fault_free,detection_latency_ms_count,min,34.0,5
hybrid,fault_free,detection_latency_ms_count,max,34.0,5
hybrid,fault_free,detection_latency_ms_max,count,5,5
hybrid,fault_free,detection_latency_ms_max,mean,5.672502517700195,5
hybrid,fault_free,detection_latency_ms_max,median,4.645109176635742,5
hybrid,fault_free,detection_latency_ms_max,std,1.8881264706924359,5
hybrid,fault_free,detection_latency_ms_max,p95,8.246803283691406,5
hybrid,fault_free,detection_latency_ms_max,min,4.212617874145508,5
hybrid,fault_free,detection_latency_ms_max,max,8.757829666137695,5
hybrid,fault_free,detection_latency_ms_mean,count,5,5
hybrid,fault_free,detection_latency_ms_mean,mean,4.009622686049518,5
hybrid,fault_free,detection_latency_ms_mean,median,3.9750127231373504,5
hybrid,fault_free,detection_latency_ms_mean,std,0.10716872454677359,5
hybrid,fault_free,detection_latency_ms_mean,p95,4.142836963429171,5
hybrid,fault_free,detection_latency_ms_mean,min,3.897596808040843,5
hybrid,fault_free,detection_latency_ms_mean,max,4.158861496869256,5
hybrid,fault_free,detection_latency_ms_median,count,5,5
hybrid,fault_free,detection_latency_ms_median,mean,3.923344612121582,5
hybrid,fault_free,detection_latency_ms_median,median,3.9228200912475586,5
hybrid,fault_free,detection_latency_ms_median,std,0.032191982510171115,5
hybrid,fault_free,detection_latency_ms_median,p95,3.963160514831543,5
hybrid,fault_free,detection_latency_ms_median,min,3.8846731185913086,5
hybrid,fault_free,detection_latency_ms_median,max,3.9707422256469727,5
hybrid,fault_free,detection_latency_ms_min,count,5,5
hybrid,fault_free,detection_latency_ms_min,mean,3.7663936614990234,5
hybrid,fault_free,detection_latency_ms_min,median,3.7689208984375,5
hybrid,fault_free,detection_latency_ms_min,std,0.0401923096116848,5
hybrid,fault_free,detection_latency_ms_min,p95,3.8122177124023438,5
hybrid,fault_free,detection_latency_ms_min,min,3.72314453125,5
hybrid,fault_free,detection_latency_ms_min,max,3.8170814514160156,5
hybrid,fault_free,detection_latency_ms_p95,count,5,5
hybrid,fault_free,detection_latency_ms_p95,mean,4.485604763031005,5
hybrid,fault_free,detection_latency_ms_p95,median,4.614734649658202,5
hybrid,fault_free,detection_latency_ms_p95,std,0.40248370953927104,5
hybrid,fault_free,detection_latency_ms_p95,p95,4.9389576911926225,5
hybrid,fault_free,detection_latency_ms_p95,min,4.075586795806885,5
hybrid,fault_free,detection_latency_ms_p95,max,5.0140142440795845,5
hybrid,fault_free,detection_latency_ms_std,count,5,5
hybrid,fault_free,detection_latency_ms_std,mean,0.36444099359007576,5
hybrid,fault_free,detection_latency_ms_std,median,0.22572276180684417,5
hybrid,fault_free,detection_latency_ms_std,std,0.34629188163710595,5
hybrid,fault_free,detection_latency_ms_std,p95,0.8385930491344715,5
hybrid,fault_free,detection_latency_ms_std,min,0.10918232405243981,5
hybrid,fault_free,detection_latency_ms_std,max,0.9441012154152155,5
hybrid,fault_free,detector_cpu_count,count,5,5
hybrid,fault_free,detector_cpu_count,mean,159.2,5
hybrid,fault_free,detector_cpu_count,median,159.0,5
hybrid,fault_free,detector_cpu_count,std,0.4472135954999579,5
hybrid,fault_free,detector_cpu_count,p95,159.8,5
hybrid,fault_free,detector_cpu_count,min,159.0,5
hybrid,fault_free,detector_cpu_count,max,160.0,5
hybrid,fault_free,detector_cpu_max,count,5,5
hybrid,fault_free,detector_cpu_max,mean,17.977,5
hybrid,fault_free,detector_cpu_max,median,9.617,5
hybrid,fault_free,detector_cpu_max,std,16.846729237451406,5
hybrid,fault_free,detector_cpu_max,p95,41.25099999999999,5
hybrid,fault_free,detector_cpu_max,min,6.373,5
hybrid,fault_free,detector_cpu_max,max,47.211,5
hybrid,fault_free,detector_cpu_mean,count,5,5
hybrid,fault_free,detector_cpu_mean,mean,4.146103592767296,5
hybrid,fault_free,detector_cpu_mean,median,4.064490566037736,5
hybrid,fault_free,detector_cpu_mean,std,0.18304606835228782,5
hybrid,fault_free,detector_cpu_mean,p95,4.3984452830188685,5
hybrid,fault_free,detector_cpu_mean,min,4.015572327044025,5
hybrid,fault_free,detector_cpu_mean,max,4.458805031446541,5
hybrid,fault_free,detector_cpu_median,count,5,5
hybrid,fault_free,detector_cpu_median,mean,3.6696999999999997,5
hybrid,fault_free,detector_cpu_median,median,3.666,5
hybrid,fault_free,detector_cpu_median,std,0.01263724653553936,5
hybrid,fault_free,detector_cpu_median,p95,3.6859,5
hybrid,fault_free,detector_cpu_median,min,3.655,5
hybrid,fault_free,detector_cpu_median,max,3.689,5
hybrid,fault_free,detector_cpu_min,count,5,5
hybrid,fault_free,detector_cpu_min,mean,0.28159999999999996,5
hybrid,fault_free,detector_cpu_min,median,0.065,5
hybrid,fault_free,detector_cpu_min,std,0.48323006942863145,5
hybrid,fault_free,detector_cpu_min,p95,0.9311999999999996,5
hybrid,fault_free,detector_cpu_min,min,0.062,5
hybrid,fault_free,detector_cpu_min,max,1.146,5
hybrid,fault_free,detector_cpu_p95,count,5,5
hybrid,fault_free,detector_cpu_p95,mean,6.06749,5
hybrid,fault_free,detector_cpu_p95,median,5.9254999999999995,5
hybrid,fault_free,detector_cpu_p95,std,0.3128566173185409,5
hybrid,fault_free,detector_cpu_p95,p95,6.49816,5
hybrid,fault_free,detector_cpu_p95,min,5.847300000000001,5
hybrid,fault_free,detector_cpu_p95,max,6.6143,5
hybrid,fault_free,detector_cpu_std,count,5,5
hybrid,fault_free,detector_cpu_std,mean,1.6111995633643492,5
hybrid,fault_free,detector_cpu_std,median,1.0242873005978692,5
hybrid,fault_free,detector_cpu_std,std,1.1421615255230746,5
hybrid,fault_free,detector_cpu_std,p95,3.1878851940885236,5
hybrid,fault_free,detector_cpu_std,min,0.9693691740292633,5
hybrid,fault_free,detector_cpu_std,max,3.625406132601372,5
hybrid,fault_free,detector_memory_count,count,5,5
hybrid,fault_free,detector_memory_count,mean,159.2,5
hybrid,fault_free,detector_memory_count,median,159.0,5
hybrid,fault_free,detector_memory_count,std,0.4472135954999579,5
hybrid,fault_free,detector_memory_count,p95,159.8,5
hybrid,fault_free,detector_memory_count,min,159.0,5
hybrid,fault_free,detector_memory_count,max,160.0,5
hybrid,fault_free,detector_memory_max,count,5,5
hybrid,fault_free,detector_memory_max,mean,292475699.2,5
hybrid,fault_free,detector_memory_max,median,290631680.0,5
hybrid,fault_free,detector_memory_max,std,4780816.739012195,5
hybrid,fault_free,detector_memory_max,p95,299049779.2,5
hybrid,fault_free,detector_memory_max,min,289447936.0,5
hybrid,fault_free,detector_memory_max,max,300863488.0,5
hybrid,fault_free,detector_memory_mean,count,5,5
hybrid,fault_free,detector_memory_mean,mean,290816351.7987421,5
hybrid,fault_free,detector_memory_mean,median,288516675.6226415,5
hybrid,fault_free,detector_memory_mean,std,5165063.383237748,5
hybrid,fault_free,detector_memory_mean,p95,297749699.9446541,5
hybrid,fault_free,detector_memory_mean,min,288472984.9559748,5
hybrid,fault_free,detector_memory_mean,max,300055828.9308176,5
hybrid,fault_free,detector_memory_median,count,5,5
hybrid,fault_free,detector_memory_median,mean,290802892.8,5
hybrid,fault_free,detector_memory_median,median,288501760.0,5
hybrid,fault_free,detector_memory_median,std,5168404.150022635,5
hybrid,fault_free,detector_memory_median,p95,297739059.2,5
hybrid,fault_free,detector_memory_median,min,288468992.0,5
hybrid,fault_free,detector_memory_median,max,300048384.0,5
hybrid,fault_free,detector_memory_min,count,5,5
hybrid,fault_free,detector_memory_min,mean,290566144.0,5
hybrid,fault_free,detector_memory_min,median,288260096.0,5
hybrid,fault_free,detector_memory_min,std,5165669.064330002,5
hybrid,fault_free,detector_memory_min,p95,297501491.2,5
hybrid,fault_free,detector_memory_min,min,288231424.0,5
hybrid,fault_free,detector_memory_min,max,299806720.0,5
hybrid,fault_free,detector_memory_p95,count,5,5
hybrid,fault_free,detector_memory_p95,mean,291000074.24,5
hybrid,fault_free,detector_memory_p95,median,288703283.2,5
hybrid,fault_free,detector_memory_p95,std,5157348.385371527,5
hybrid,fault_free,detector_memory_p95,p95,297923543.04,5
hybrid,fault_free,detector_memory_p95,min,288658227.2,5
hybrid,fault_free,detector_memory_p95,max,300225740.8,5
hybrid,fault_free,detector_memory_std,count,5,5
hybrid,fault_free,detector_memory_std,mean,173472.66958994296,5
hybrid,fault_free,detector_memory_std,median,135511.57702259268,5
hybrid,fault_free,detector_memory_std,std,67823.69699716319,5
hybrid,fault_free,detector_memory_std,p95,264976.8146656833,5
hybrid,fault_free,detector_memory_std,min,123902.21559482021,5
hybrid,fault_free,detector_memory_std,max,281208.3301112804,5
hybrid,fault_free,detector_processing_ms_count,count,5,5
hybrid,fault_free,detector_processing_ms_count,mean,155.8,5
hybrid,fault_free,detector_processing_ms_count,median,156.0,5
hybrid,fault_free,detector_processing_ms_count,std,0.8366600265340756,5
hybrid,fault_free,detector_processing_ms_count,p95,156.8,5
hybrid,fault_free,detector_processing_ms_count,min,155.0,5
hybrid,fault_free,detector_processing_ms_count,max,157.0,5
hybrid,fault_free,detector_processing_ms_max,count,5,5
hybrid,fault_free,detector_processing_ms_max,mean,100.82526206970215,5
hybrid,fault_free,detector_processing_ms_max,median,100.97098350524902,5
hybrid,fault_free,detector_processing_ms_max,std,0.2967997902100519,5
hybrid,fault_free,detector_processing_ms_max,p95,101.05562210083008,5
hybrid,fault_free,detector_processing_ms_max,min,100.36063194274902,5
hybrid,fault_free,detector_processing_ms_max,max,101.06086730957031,5
hybrid,fault_free,detector_processing_ms_mean,count,5,5
hybrid,fault_free,detector_processing_ms_mean,mean,50.68248678223284,5
hybrid,fault_free,detector_processing_ms_mean,median,50.65323909123739,5
hybrid,fault_free,detector_processing_ms_mean,std,1.8684709275769797,5
hybrid,fault_free,detector_processing_ms_mean,p95,52.76363704541098,5
hybrid,fault_free,detector_processing_ms_mean,min,48.305033109126946,5
hybrid,fault_free,detector_processing_ms_mean,max,52.95345552505985,5
hybrid,fault_free,detector_processing_ms_median,count,5,5
hybrid,fault_free,detector_processing_ms_median,mean,49.42514896392822,5
hybrid,fault_free,detector_processing_ms_median,median,50.70054531097412,5
hybrid,fault_free,detector_processing_ms_median,std,2.6390078522525435,5
hybrid,fault_free,detector_processing_ms_median,p95,51.9895076751709,5
hybrid,fault_free,detector_processing_ms_median,min,46.5850830078125,5
hybrid,fault_free,detector_processing_ms_median,max,52.24466323852539,5
hybrid,fault_free,detector_processing_ms_min,count,5,5
hybrid,fault_free,detector_processing_ms_min,mean,2.8482437133789062,5
hybrid,fault_free,detector_processing_ms_min,median,2.8069019317626953,5
hybrid,fault_free,detector_processing_ms_min,std,0.10113102356066732,5
hybrid,fault_free,detector_processing_ms_min,p95,2.9829025268554688,5
hybrid,fault_free,detector_processing_ms_min,min,2.764463424682617,5
hybrid,fault_free,detector_processing_ms_min,max,3.0062198638916016,5
hybrid,fault_free,detector_processing_ms_p95,count,5,5
hybrid,fault_free,detector_processing_ms_p95,mean,97.38524436950684,5
hybrid,fault_free,detector_processing_ms_p95,median,97.36261367797852,5
hybrid,fault_free,detector_processing_ms_p95,std,0.13170831021761187,5
hybrid,fault_free,detector_processing_ms_p95,p95,97.5597620010376,5
hybrid,fault_free,detector_processing_ms_p95,min,97.26053476333618,5
hybrid,fault_free,detector_processing_ms_p95,max,97.59789705276489,5
hybrid,fault_free,detector_processing_ms_std,count,5,5
hybrid,fault_free,detector_processing_ms_std,mean,29.393946385088107,5
hybrid,fault_free,detector_processing_ms_std,median,29.297405041296166,5
hybrid,fault_free,detector_processing_ms_std,std,0.862217375949381,5
hybrid,fault_free,detector_processing_ms_std,p95,30.466400018241576,5
hybrid,fault_free,detector_processing_ms_std,min,28.421473356011052,5
hybrid,fault_free,detector_processing_ms_std,max,30.636226008951958,5
hybrid,fault_free,diagnosis_latency_ms_count,count,5,5
hybrid,fault_free,diagnosis_latency_ms_count,mean,0.0,5
hybrid,fault_free,diagnosis_latency_ms_count,median,0.0,5
hybrid,fault_free,diagnosis_latency_ms_count,std,0.0,5
hybrid,fault_free,diagnosis_latency_ms_count,p95,0.0,5
hybrid,fault_free,diagnosis_latency_ms_count,min,0.0,5
hybrid,fault_free,diagnosis_latency_ms_count,max,0.0,5
hybrid,fault_free,e2e_latency_ms_count,count,5,5
hybrid,fault_free,e2e_latency_ms_count,mean,0.0,5
hybrid,fault_free,e2e_latency_ms_count,median,0.0,5
hybrid,fault_free,e2e_latency_ms_count,std,0.0,5
hybrid,fault_free,e2e_latency_ms_count,p95,0.0,5
hybrid,fault_free,e2e_latency_ms_count,min,0.0,5
hybrid,fault_free,e2e_latency_ms_count,max,0.0,5
hybrid,fault_free,escalated_samples,count,5,5
hybrid,fault_free,escalated_samples,mean,0.0,5
hybrid,fault_free,escalated_samples,median,0.0,5
hybrid,fault_free,escalated_samples,std,0.0,5
hybrid,fault_free,escalated_samples,p95,0.0,5
hybrid,fault_free,escalated_samples,min,0.0,5
hybrid,fault_free,escalated_samples,max,0.0,5
hybrid,fault_free,estimated_cloud_data_bytes,count,5,5
hybrid,fault_free,estimated_cloud_data_bytes,mean,0.0,5
hybrid,fault_free,estimated_cloud_data_bytes,median,0.0,5
hybrid,fault_free,estimated_cloud_data_bytes,std,0.0,5
hybrid,fault_free,estimated_cloud_data_bytes,p95,0.0,5
hybrid,fault_free,estimated_cloud_data_bytes,min,0.0,5
hybrid,fault_free,estimated_cloud_data_bytes,max,0.0,5
hybrid,fault_free,estimated_cloud_data_bytes_per_minute,count,5,5
hybrid,fault_free,estimated_cloud_data_bytes_per_minute,mean,0.0,5
hybrid,fault_free,estimated_cloud_data_bytes_per_minute,median,0.0,5
hybrid,fault_free,estimated_cloud_data_bytes_per_minute,std,0.0,5
hybrid,fault_free,estimated_cloud_data_bytes_per_minute,p95,0.0,5
hybrid,fault_free,estimated_cloud_data_bytes_per_minute,min,0.0,5
hybrid,fault_free,estimated_cloud_data_bytes_per_minute,max,0.0,5
hybrid,fault_free,estimated_sample_bytes,count,5,5
hybrid,fault_free,estimated_sample_bytes,mean,983.644,5
hybrid,fault_free,estimated_sample_bytes,median,983.644,5
hybrid,fault_free,estimated_sample_bytes,std,0.0,5
hybrid,fault_free,estimated_sample_bytes,p95,983.644,5
hybrid,fault_free,estimated_sample_bytes,min,983.644,5
hybrid,fault_free,estimated_sample_bytes,max,983.644,5
hybrid,fault_free,measurement_seconds,count,5,5
hybrid,fault_free,measurement_seconds,mean,300.83045239448546,5
hybrid,fault_free,measurement_seconds,median,300.56594705581665,5
hybrid,fault_free,measurement_seconds,std,0.8334113606254688,5
hybrid,fault_free,measurement_seconds,p95,301.8176354885101,5
hybrid,fault_free,measurement_seconds,min,300.083664894104,5
hybrid,fault_free,measurement_seconds,max,301.8919401168823,5
hybrid,fault_free,normal_decisions,count,5,5
hybrid,fault_free,normal_decisions,mean,31.4,5
hybrid,fault_free,normal_decisions,median,31.0,5
hybrid,fault_free,normal_decisions,std,0.5477225575051661,5
hybrid,fault_free,normal_decisions,p95,32.0,5
hybrid,fault_free,normal_decisions,min,31.0,5
hybrid,fault_free,normal_decisions,max,32.0,5
hybrid,fault_free,orchestrator_cpu_count,count,5,5
hybrid,fault_free,orchestrator_cpu_count,mean,32.0,5
hybrid,fault_free,orchestrator_cpu_count,median,32.0,5
hybrid,fault_free,orchestrator_cpu_count,std,0.0,5
hybrid,fault_free,orchestrator_cpu_count,p95,32.0,5
hybrid,fault_free,orchestrator_cpu_count,min,32.0,5
hybrid,fault_free,orchestrator_cpu_count,max,32.0,5
hybrid,fault_free,orchestrator_cpu_max,count,5,5
hybrid,fault_free,orchestrator_cpu_max,mean,0.0,5
hybrid,fault_free,orchestrator_cpu_max,median,0.0,5
hybrid,fault_free,orchestrator_cpu_max,std,0.0,5
hybrid,fault_free,orchestrator_cpu_max,p95,0.0,5
hybrid,fault_free,orchestrator_cpu_max,min,0.0,5
hybrid,fault_free,orchestrator_cpu_max,max,0.0,5
hybrid,fault_free,orchestrator_cpu_mean,count,5,5
hybrid,fault_free,orchestrator_cpu_mean,mean,0.0,5
hybrid,fault_free,orchestrator_cpu_mean,median,0.0,5
hybrid,fault_free,orchestrator_cpu_mean,std,0.0,5
hybrid,fault_free,orchestrator_cpu_mean,p95,0.0,5
hybrid,fault_free,orchestrator_cpu_mean,min,0.0,5
hybrid,fault_free,orchestrator_cpu_mean,max,0.0,5
hybrid,fault_free,orchestrator_cpu_median,count,5,5
hybrid,fault_free,orchestrator_cpu_median,mean,0.0,5
hybrid,fault_free,orchestrator_cpu_median,median,0.0,5
hybrid,fault_free,orchestrator_cpu_median,std,0.0,5
hybrid,fault_free,orchestrator_cpu_median,p95,0.0,5
hybrid,fault_free,orchestrator_cpu_median,min,0.0,5
hybrid,fault_free,orchestrator_cpu_median,max,0.0,5
hybrid,fault_free,orchestrator_cpu_min,count,5,5
hybrid,fault_free,orchestrator_cpu_min,mean,0.0,5
hybrid,fault_free,orchestrator_cpu_min,median,0.0,5
hybrid,fault_free,orchestrator_cpu_min,std,0.0,5
hybrid,fault_free,orchestrator_cpu_min,p95,0.0,5
hybrid,fault_free,orchestrator_cpu_min,min,0.0,5
hybrid,fault_free,orchestrator_cpu_min,max,0.0,5
hybrid,fault_free,orchestrator_cpu_p95,count,5,5
hybrid,fault_free,orchestrator_cpu_p95,mean,0.0,5
hybrid,fault_free,orchestrator_cpu_p95,median,0.0,5
hybrid,fault_free,orchestrator_cpu_p95,std,0.0,5
hybrid,fault_free,orchestrator_cpu_p95,p95,0.0,5
hybrid,fault_free,orchestrator_cpu_p95,min,0.0,5
hybrid,fault_free,orchestrator_cpu_p95,max,0.0,5
hybrid,fault_free,orchestrator_cpu_std,count,5,5
hybrid,fault_free,orchestrator_cpu_std,mean,0.0,5
hybrid,fault_free,orchestrator_cpu_std,median,0.0,5
hybrid,fault_free,orchestrator_cpu_std,std,0.0,5
hybrid,fault_free,orchestrator_cpu_std,p95,0.0,5
hybrid,fault_free,orchestrator_cpu_std,min,0.0,5
hybrid,fault_free,orchestrator_cpu_std,max,0.0,5
hybrid,fault_free,orchestrator_memory_count,count,5,5
hybrid,fault_free,orchestrator_memory_count,mean,32.0,5
hybrid,fault_free,orchestrator_memory_count,median,32.0,5
hybrid,fault_free,orchestrator_memory_count,std,0.0,5
hybrid,fault_free,orchestrator_memory_count,p95,32.0,5
hybrid,fault_free,orchestrator_memory_count,min,32.0,5
hybrid,fault_free,orchestrator_memory_count,max,32.0,5
hybrid,fault_free,orchestrator_memory_max,count,5,5
hybrid,fault_free,orchestrator_memory_max,mean,22107750.4,5
hybrid,fault_free,orchestrator_memory_max,median,22085632.0,5
hybrid,fault_free,orchestrator_memory_max,std,84817.8649860983,5
hybrid,fault_free,orchestrator_memory_max,p95,22223257.6,5
hybrid,fault_free,orchestrator_memory_max,min,22044672.0,5
hybrid,fault_free,orchestrator_memory_max,max,22253568.0,5
hybrid,fault_free,orchestrator_memory_mean,count,5,5
hybrid,fault_free,orchestrator_memory_mean,mean,21863603.2,5
hybrid,fault_free,orchestrator_memory_mean,median,21818112.0,5
hybrid,fault_free,orchestrator_memory_mean,std,84324.00628053675,5
hybrid,fault_free,orchestrator_memory_mean,p95,21980390.4,5
hybrid,fault_free,orchestrator_memory_mean,min,21810944.0,5
hybrid,fault_free,orchestrator_memory_mean,max,22009344.0,5
hybrid,fault_free,orchestrator_memory_median,count,5,5
hybrid,fault_free,orchestrator_memory_median,mean,21853798.4,5
hybrid,fault_free,orchestrator_memory_median,median,21805056.0,5
hybrid,fault_free,orchestrator_memory_median,std,92062.09911141501,5
hybrid,fault_free,orchestrator_memory_median,p95,21980364.8,5
hybrid,fault_free,orchestrator_memory_median,min,21786624.0,5
hybrid,fault_free,orchestrator_memory_median,max,22007808.0,5
hybrid,fault_free,orchestrator_memory_min,count,5,5
hybrid,fault_free,orchestrator_memory_min,mean,21628518.4,5
hybrid,fault_free,orchestrator_memory_min,median,21618688.0,5
hybrid,fault_free,orchestrator_memory_min,std,90511.4057608211,5
hybrid,fault_free,orchestrator_memory_min,p95,21743206.4,5
hybrid,fault_free,orchestrator_memory_min,min,21544960.0,5
hybrid,fault_free,orchestrator_memory_min,max,21762048.0,5
hybrid,fault_free,orchestrator_memory_p95,count,5,5
hybrid,fault_free,orchestrator_memory_p95,mean,22052372.48,5
hybrid,fault_free,orchestrator_memory_p95,median,22018457.6,5
hybrid,fault_free,orchestrator_memory_p95,std,88096.92854141974,5
hybrid,fault_free,orchestrator_memory_p95,p95,22171811.84,5
hybrid,fault_free,orchestrator_memory_p95,min,21972172.8,5
hybrid,fault_free,orchestrator_memory_p95,max,22200524.8,5
hybrid,fault_free,orchestrator_memory_std,count,5,5
hybrid,fault_free,orchestrator_memory_std,mean,118893.868376804,5
hybrid,fault_free,orchestrator_memory_std,median,116369.46190696307,5
hybrid,fault_free,orchestrator_memory_std,std,5441.42828133767,5
hybrid,fault_free,orchestrator_memory_std,p95,125088.36238097714,5
hybrid,fault_free,orchestrator_memory_std,min,114127.36704735324,5
hybrid,fault_free,orchestrator_memory_std,max,125303.78595109335,5
hybrid,fault_free,orchestrator_processing_ms_count,count,5,5
hybrid,fault_free,orchestrator_processing_ms_count,mean,32.0,5
hybrid,fault_free,orchestrator_processing_ms_count,median,32.0,5
hybrid,fault_free,orchestrator_processing_ms_count,std,0.0,5
hybrid,fault_free,orchestrator_processing_ms_count,p95,32.0,5
hybrid,fault_free,orchestrator_processing_ms_count,min,32.0,5
hybrid,fault_free,orchestrator_processing_ms_count,max,32.0,5
hybrid,fault_free,orchestrator_processing_ms_max,count,5,5
hybrid,fault_free,orchestrator_processing_ms_max,mean,0.16422271728515625,5
hybrid,fault_free,orchestrator_processing_ms_max,median,0.16689300537109375,5
hybrid,fault_free,orchestrator_processing_ms_max,std,0.020996678395850347,5
hybrid,fault_free,orchestrator_processing_ms_max,p95,0.18219947814941406,5
hybrid,fault_free,orchestrator_processing_ms_max,min,0.12969970703125,5
hybrid,fault_free,orchestrator_processing_ms_max,max,0.18310546875,5
hybrid,fault_free,orchestrator_processing_ms_mean,count,5,5
hybrid,fault_free,orchestrator_processing_ms_mean,mean,0.09578466415405273,5
hybrid,fault_free,orchestrator_processing_ms_mean,median,0.09623914957046509,5
hybrid,fault_free,orchestrator_processing_ms_mean,std,0.0020729491592443045,5
hybrid,fault_free,orchestrator_processing_ms_mean,p95,0.09814798831939697,5
hybrid,fault_free,orchestrator_processing_ms_mean,min,0.0935867428779602,5
hybrid,fault_free,orchestrator_processing_ms_mean,max,0.09848922491073608,5
hybrid,fault_free,orchestrator_processing_ms_median,count,5,5
hybrid,fault_free,orchestrator_processing_ms_median,mean,0.08802413940429688,5
hybrid,fault_free,orchestrator_processing_ms_median,median,0.08845329284667969,5
hybrid,fault_free,orchestrator_processing_ms_median,std,0.002888950497021044,5
hybrid,fault_free,orchestrator_processing_ms_median,p95,0.09143352508544922,5
hybrid,fault_free,orchestrator_processing_ms_median,min,0.0845193862915039,5
hybrid,fault_free,orchestrator_processing_ms_median,max,0.09202957153320312,5
hybrid,fault_free,orchestrator_processing_ms_min,count,5,5
hybrid,fault_free,orchestrator_processing_ms_min,mean,0.07104873657226562,5
hybrid,fault_free,orchestrator_processing_ms_min,median,0.07009506225585938,5
hybrid,fault_free,orchestrator_processing_ms_min,std,0.002132480599880018,5
hybrid,fault_free,orchestrator_processing_ms_min,p95,0.07390975952148438,5
hybrid,fault_free,orchestrator_processing_ms_min,min,0.07009506225585938,5
hybrid,fault_free,orchestrator_processing_ms_min,max,0.07486343383789062,5
hybrid,fault_free,orchestrator_processing_ms_p95,count,5,5
hybrid,fault_free,orchestrator_processing_ms_p95,mean,0.1401352882385254,5
hybrid,fault_free,orchestrator_processing_ms_p95,median,0.13848543167114255,5
hybrid,fault_free,orchestrator_processing_ms_p95,std,0.015572145732099451,5
hybrid,fault_free,orchestrator_processing_ms_p95,p95,0.16010761260986328,5
hybrid,fault_free,orchestrator_processing_ms_p95,min,0.12369155883789062,5
hybrid,fault_free,orchestrator_processing_ms_p95,max,0.16391277313232422,5
hybrid,fault_free,orchestrator_processing_ms_std,count,5,5
hybrid,fault_free,orchestrator_processing_ms_std,mean,0.022338859279607597,5
hybrid,fault_free,orchestrator_processing_ms_std,median,0.022482169732726542,5
hybrid,fault_free,orchestrator_processing_ms_std,std,0.0030744151679769527,5
hybrid,fault_free,orchestrator_processing_ms_std,p95,0.025794806328485995,5
hybrid,fault_free,orchestrator_processing_ms_std,min,0.017888410022215567,5
hybrid,fault_free,orchestrator_processing_ms_std,max,0.026524595130577675,5
hybrid,fault_free,sensor-generator_cpu_count,count,5,5
hybrid,fault_free,sensor-generator_cpu_count,mean,66.0,5
hybrid,fault_free,sensor-generator_cpu_count,median,66.0,5
hybrid,fault_free,sensor-generator_cpu_count,std,0.0,5
hybrid,fault_free,sensor-generator_cpu_count,p95,66.0,5
hybrid,fault_free,sensor-generator_cpu_count,min,66.0,5
hybrid,fault_free,sensor-generator_cpu_count,max,66.0,5
hybrid,fault_free,sensor-generator_cpu_max,count,5,5
hybrid,fault_free,sensor-generator_cpu_max,mean,95.463,5
hybrid,fault_free,sensor-generator_cpu_max,median,95.707,5
hybrid,fault_free,sensor-generator_cpu_max,std,2.331287948752792,5
hybrid,fault_free,sensor-generator_cpu_max,p95,98.3232,5
hybrid,fault_free,sensor-generator_cpu_max,min,92.755,5
hybrid,fault_free,sensor-generator_cpu_max,max,98.916,5
hybrid,fault_free,sensor-generator_cpu_mean,count,5,5
hybrid,fault_free,sensor-generator_cpu_mean,mean,59.05810909090909,5
hybrid,fault_free,sensor-generator_cpu_mean,median,57.12859090909091,5
hybrid,fault_free,sensor-generator_cpu_mean,std,6.151563991739613,5
hybrid,fault_free,sensor-generator_cpu_mean,p95,67.0234090909091,5
hybrid,fault_free,sensor-generator_cpu_mean,min,52.99418181818182,5
hybrid,fault_free,sensor-generator_cpu_mean,max,68.28584848484849,5
hybrid,fault_free,sensor-generator_cpu_median,count,5,5
hybrid,fault_free,sensor-generator_cpu_median,mean,70.9747,5
hybrid,fault_free,sensor-generator_cpu_median,median,72.214,5
hybrid,fault_free,sensor-generator_cpu_median,std,6.9996600774609,5
hybrid,fault_free,sensor-generator_cpu_median,p95,77.39849999999998,5
hybrid,fault_free,sensor-generator_cpu_median,min,59.739000000000004,5
hybrid,fault_free,sensor-generator_cpu_median,max,77.93799999999999,5
hybrid,fault_free,sensor-generator_cpu_min,count,5,5
hybrid,fault_free,sensor-generator_cpu_min,mean,0.0806,5
hybrid,fault_free,sensor-generator_cpu_min,median,0.066,5
hybrid,fault_free,sensor-generator_cpu_min,std,0.033328666339954266,5
hybrid,fault_free,sensor-generator_cpu_min,p95,0.126,5
hybrid,fault_free,sensor-generator_cpu_min,min,0.062,5
hybrid,fault_free,sensor-generator_cpu_min,max,0.14,5
hybrid,fault_free,sensor-generator_cpu_p95,count,5,5
hybrid,fault_free,sensor-generator_cpu_p95,mean,91.67345,5
hybrid,fault_free,sensor-generator_cpu_p95,median,91.83975,5
hybrid,fault_free,sensor-generator_cpu_p95,std,0.4406171595047128,5
hybrid,fault_free,sensor-generator_cpu_p95,p95,92.07205,5
hybrid,fault_free,sensor-generator_cpu_p95,min,90.972,5
hybrid,fault_free,sensor-generator_cpu_p95,max,92.1195,5
hybrid,fault_free,sensor-generator_cpu_std,count,5,5
hybrid,fault_free,sensor-generator_cpu_std,mean,32.131767733359204,5
hybrid,fault_free,sensor-generator_cpu_std,median,33.25879204336676,5
hybrid,fault_free,sensor-generator_cpu_std,std,4.2808769129550575,5
hybrid,fault_free,sensor-generator_cpu_std,p95,36.87983503473133,5
hybrid,fault_free,sensor-generator_cpu_std,min,26.741318830167856,5
hybrid,fault_free,sensor-generator_cpu_std,max,37.59339937216698,5
hybrid,fault_free,sensor-generator_memory_count,count,5,5
hybrid,fault_free,sensor-generator_memory_count,mean,66.0,5
hybrid,fault_free,sensor-generator_memory_count,median,66.0,5
hybrid,fault_free,sensor-generator_memory_count,std,0.0,5
hybrid,fault_free,sensor-generator_memory_count,p95,66.0,5
hybrid,fault_free,sensor-generator_memory_count,min,66.0,5
hybrid,fault_free,sensor-generator_memory_count,max,66.0,5
hybrid,fault_free,sensor-generator_memory_max,count,5,5
hybrid,fault_free,sensor-generator_memory_max,mean,90875494.4,5
hybrid,fault_free,sensor-generator_memory_max,median,91553792.0,5
hybrid,fault_free,sensor-generator_memory_max,std,3030941.196227469,5
hybrid,fault_free,sensor-generator_memory_max,p95,93239705.6,5
hybrid,fault_free,sensor-generator_memory_max,min,85676032.0,5
hybrid,fault_free,sensor-generator_memory_max,max,93425664.0,5
hybrid,fault_free,sensor-generator_memory_mean,count,5,5
hybrid,fault_free,sensor-generator_memory_mean,mean,89438791.36969697,5
hybrid,fault_free,sensor-generator_memory_mean,median,91002942.06060606,5
hybrid,fault_free,sensor-generator_memory_mean,std,3702548.4985463275,5
hybrid,fault_free,sensor-generator_memory_mean,p95,91288818.03636363,5
hybrid,fault_free,sensor-generator_memory_mean,min,82825774.54545455,5
hybrid,fault_free,sensor-generator_memory_mean,max,91291399.75757575,5
hybrid,fault_free,sensor-generator_memory_median,count,5,5
hybrid,fault_free,sensor-generator_memory_median,mean,89421824.0,5
hybrid,fault_free,sensor-generator_memory_median,median,91009024.0,5
hybrid,fault_free,sensor-generator_memory_median,std,3713258.6710176817,5
hybrid,fault_free,sensor-generator_memory_median,p95,91289600.0,5
hybrid,fault_free,sensor-generator_memory_median,min,82790400.0,5
hybrid,fault_free,sensor-generator_memory_median,max,91299840.0,5
hybrid,fault_free,sensor-generator_memory_min,count,5,5
hybrid,fault_free,sensor-generator_memory_min,mean,89178112.0,5
hybrid,fault_free,sensor-generator_memory_min,median,90755072.0,5
hybrid,fault_free,sensor-generator_memory_min,std,3701022.164918227,5
hybrid,fault_free,sensor-generator_memory_min,p95,91018854.4,5
hybrid,fault_free,sensor-generator_memory_min,min,82567168.0,5
hybrid,fault_free,sensor-generator_memory_min,max,91021312.0,5
hybrid,fault_free,sensor-generator_memory_p95,count,5,5
hybrid,fault_free,sensor-generator_memory_p95,mean,89601228.8,5
hybrid,fault_free,sensor-generator_memory_p95,median,91191296.0,5
hybrid,fault_free,sensor-generator_memory_p95,std,3723543.8856298174,5
hybrid,fault_free,sensor-generator_memory_p95,p95,91458355.2,5
hybrid,fault_free,sensor-generator_memory_p95,min,82949120.0,5
hybrid,fault_free,sensor-generator_memory_p95,max,91470848.0,5
hybrid,fault_free,sensor-generator_memory_std,count,5,5
hybrid,fault_free,sensor-generator_memory_std,mean,225362.97511030716,5
hybrid,fault_free,sensor-generator_memory_std,median,238486.01550520465,5
hybrid,fault_free,sensor-generator_memory_std,std,112484.60850576051,5
hybrid,fault_free,sensor-generator_memory_std,p95,356605.4284944049,5
hybrid,fault_free,sensor-generator_memory_std,min,108969.09789701196,5
hybrid,fault_free,sensor-generator_memory_std,max,374557.87622283347,5
hybrid,fault_free,sensor-generator_processing_ms_count,count,5,5
hybrid,fault_free,sensor-generator_processing_ms_count,mean,66.0,5
hybrid,fault_free,sensor-generator_processing_ms_count,median,66.0,5
hybrid,fault_free,sensor-generator_processing_ms_count,std,0.0,5
hybrid,fault_free,sensor-generator_processing_ms_count,p95,66.0,5
hybrid,fault_free,sensor-generator_processing_ms_count,min,66.0,5
hybrid,fault_free,sensor-generator_processing_ms_count,max,66.0,5
hybrid,fault_free,sensor-generator_processing_ms_max,count,5,5
hybrid,fault_free,sensor-generator_processing_ms_max,mean,0.03380775451660156,5
hybrid,fault_free,sensor-generator_processing_ms_max,median,0.021696090698242188,5
hybrid,fault_free,sensor-generator_processing_ms_max,std,0.018478132050378238,5
hybrid,fault_free,sensor-generator_processing_ms_max,p95,0.05702972412109375,5
hybrid,fault_free,sensor-generator_processing_ms_max,min,0.02002716064453125,5
hybrid,fault_free,sensor-generator_processing_ms_max,max,0.05936622619628906,5
hybrid,fault_free,sensor-generator_processing_ms_mean,count,5,5
hybrid,fault_free,sensor-generator_processing_ms_mean,mean,0.010038867141261246,5
hybrid,fault_free,sensor-generator_processing_ms_mean,median,0.009840184992009943,5
hybrid,fault_free,sensor-generator_processing_ms_mean,std,0.0008671798251244066,5
hybrid,fault_free,sensor-generator_processing_ms_mean,p95,0.010947025183475378,5
hybrid,fault_free,sensor-generator_processing_ms_mean,min,0.008984045548872515,5
hybrid,fault_free,sensor-generator_processing_ms_mean,max,0.010960029833244555,5
hybrid,fault_free,sensor-generator_processing_ms_median,count,5,5
hybrid,fault_free,sensor-generator_processing_ms_median,mean,0.007843971252441406,5
hybrid,fault_free,sensor-generator_processing_ms_median,median,0.007867813110351562,5
hybrid,fault_free,sensor-generator_processing_ms_median,std,0.00017681595056285055,5
hybrid,fault_free,sensor-generator_processing_ms_median,p95,0.008058547973632812,5
hybrid,fault_free,sensor-generator_processing_ms_median,min,0.00762939453125,5
hybrid,fault_free,sensor-generator_processing_ms_median,max,0.008106231689453125,5
hybrid,fault_free,sensor-generator_processing_ms_min,count,5,5
hybrid,fault_free,sensor-generator_processing_ms_min,mean,0.00667572021484375,5
hybrid,fault_free,sensor-generator_processing_ms_min,median,0.00667572021484375,5
hybrid,fault_free,sensor-generator_processing_ms_min,std,0.00016858739404357613,5
hybrid,fault_free,sensor-generator_processing_ms_min,p95,0.006866455078125,5
hybrid,fault_free,sensor-generator_processing_ms_min,min,0.0064373016357421875,5
hybrid,fault_free,sensor-generator_processing_ms_min,max,0.0069141387939453125,5
hybrid,fault_free,sensor-generator_processing_ms_p95,count,5,5
hybrid,fault_free,sensor-generator_processing_ms_p95,mean,0.019466876983642578,5
hybrid,fault_free,sensor-generator_processing_ms_p95,median,0.019490718841552734,5
hybrid,fault_free,sensor-generator_processing_ms_p95,std,0.000727078947161527,5
hybrid,fault_free,sensor-generator_processing_ms_p95,p95,0.02034902572631836,5
hybrid,fault_free,sensor-generator_processing_ms_p95,min,0.018537044525146484,5
hybrid,fault_free,sensor-generator_processing_ms_p95,max,0.020563602447509766,5
hybrid,fault_free,sensor-generator_processing_ms_std,count,5,5
hybrid,fault_free,sensor-generator_processing_ms_std,mean,0.005304762096371717,5
hybrid,fault_free,sensor-generator_processing_ms_std,median,0.004842073005840139,5
hybrid,fault_free,sensor-generator_processing_ms_std,std,0.0015134301501796973,5
hybrid,fault_free,sensor-generator_processing_ms_std,p95,0.006873368626605141,5
hybrid,fault_free,sensor-generator_processing_ms_std,min,0.003477004698729541,5
hybrid,fault_free,sensor-generator_processing_ms_std,max,0.006875513300988068,5
hybrid,fault_free,uncertain_decisions,count,5,5
hybrid,fault_free,uncertain_decisions,mean,0.6,5
hybrid,fault_free,uncertain_decisions,median,1.0,5
hybrid,fault_free,uncertain_decisions,std,0.5477225575051661,5
hybrid,fault_free,uncertain_decisions,p95,1.0,5
hybrid,fault_free,uncertain_decisions,min,0.0,5
hybrid,fault_free,uncertain_decisions,max,1.0,5
hybrid,fault_sustained,anomaly_decisions,count,5,5
hybrid,fault_sustained,anomaly_decisions,mean,23.4,5
hybrid,fault_sustained,anomaly_decisions,median,23.0,5
hybrid,fault_sustained,anomaly_decisions,std,0.5477225575051661,5
hybrid,fault_sustained,anomaly_decisions,p95,24.0,5
hybrid,fault_sustained,anomaly_decisions,min,23.0,5
hybrid,fault_sustained,anomaly_decisions,max,24.0,5
hybrid,fault_sustained,anomaly_events,count,5,5
hybrid,fault_sustained,anomaly_events,mean,2215.8,5
hybrid,fault_sustained,anomaly_events,median,2216.0,5
hybrid,fault_sustained,anomaly_events,std,2.9495762407505253,5
hybrid,fault_sustained,anomaly_events,p95,2218.6,5
hybrid,fault_sustained,anomaly_events,min,2211.0,5
hybrid,fault_sustained,anomaly_events,max,2219.0,5
hybrid,fault_sustained,classifier_accuracy,count,5,5
hybrid,fault_sustained,classifier_accuracy,mean,0.9873351120230288,5
hybrid,fault_sustained,classifier_accuracy,median,0.9872727272727273,5
hybrid,fault_sustained,classifier_accuracy,std,0.0005819809662703659,5
hybrid,fault_sustained,classifier_accuracy,p95,0.9881122174095647,5
hybrid,fault_sustained,classifier_accuracy,min,0.9868852459016394,5
hybrid,fault_sustained,classifier_accuracy,max,0.9883177570093458,5
hybrid,fault_sustained,classifier_correct_count,count,5,5
hybrid,fault_sustained,classifier_correct_count,mean,2136.0,5
hybrid,fault_sustained,classifier_correct_count,median,2115.0,5
hybrid,fault_sustained,classifier_correct_count,std,34.36568055487916,5
hybrid,fault_sustained,classifier_correct_count,p95,2174.4,5
hybrid,fault_sustained,classifier_correct_count,min,2107.0,5
hybrid,fault_sustained,classifier_correct_count,max,2175.0,5
hybrid,fault_sustained,classifier_cpu_count,count,5,5
hybrid,fault_sustained,classifier_cpu_count,mean,158.8,5
hybrid,fault_sustained,classifier_cpu_count,median,159.0,5
hybrid,fault_sustained,classifier_cpu_count,std,0.4472135954999579,5
hybrid,fault_sustained,classifier_cpu_count,p95,159.0,5
hybrid,fault_sustained,classifier_cpu_count,min,158.0,5
hybrid,fault_sustained,classifier_cpu_count,max,159.0,5
hybrid,fault_sustained,classifier_cpu_max,count,5,5
hybrid,fault_sustained,classifier_cpu_max,mean,2.2376,5
hybrid,fault_sustained,classifier_cpu_max,median,2.068,5
hybrid,fault_sustained,classifier_cpu_max,std,0.2706830249572366,5
hybrid,fault_sustained,classifier_cpu_max,p95,2.6058,5
hybrid,fault_sustained,classifier_cpu_max,min,2.05,5
hybrid,fault_sustained,classifier_cpu_max,max,2.675,5
hybrid,fault_sustained,classifier_cpu_mean,count,5,5
hybrid,fault_sustained,classifier_cpu_mean,mean,0.523647902237083,5
hybrid,fault_sustained,classifier_cpu_mean,median,0.5210822784810126,5
hybrid,fault_sustained,classifier_cpu_mean,std,0.00865484382336801,5
hybrid,fault_sustained,classifier_cpu_mean,p95,0.5343056603773585,5
hybrid,fault_sustained,classifier_cpu_mean,min,0.5141509433962265,5
hybrid,fault_sustained,classifier_cpu_mean,max,0.5355786163522013,5
hybrid,fault_sustained,classifier_cpu_median,count,5,5
hybrid,fault_sustained,classifier_cpu_median,mean,0.105,5
hybrid,fault_sustained,classifier_cpu_median,median,0.105,5
hybrid,fault_sustained,classifier_cpu_median,std,0.0007071067811865482,5
hybrid,fault_sustained,classifier_cpu_median,p95,0.10579999999999999,5
hybrid,fault_sustained,classifier_cpu_median,min,0.104,5
hybrid,fault_sustained,classifier_cpu_median,max,0.106,5
hybrid,fault_sustained,classifier_cpu_min,count,5,5
hybrid,fault_sustained,classifier_cpu_min,mean,0.0912,5
hybrid,fault_sustained,classifier_cpu_min,median,0.091,5
hybrid,fault_sustained,classifier_cpu_min,std,0.0013038404810405309,5
hybrid,fault_sustained,classifier_cpu_min,p95,0.0928,5
hybrid,fault_sustained,classifier_cpu_min,min,0.09,5
hybrid,fault_sustained,classifier_cpu_min,max,0.093,5
hybrid,fault_sustained,classifier_cpu_p95,count,5,5
hybrid,fault_sustained,classifier_cpu_p95,mean,2.03701,5
hybrid,fault_sustained,classifier_cpu_p95,median,2.0332,5
hybrid,fault_sustained,classifier_cpu_p95,std,0.02289602585603012,5
hybrid,fault_sustained,classifier_cpu_p95,p95,2.06623,5
hybrid,fault_sustained,classifier_cpu_p95,min,2.011,5
hybrid,fault_sustained,classifier_cpu_p95,max,2.0741,5
hybrid,fault_sustained,classifier_cpu_std,count,5,5
hybrid,fault_sustained,classifier_cpu_std,mean,0.7551018329273219,5
hybrid,fault_sustained,classifier_cpu_std,median,0.7446493896312723,5
hybrid,fault_sustained,classifier_cpu_std,std,0.025608288893598903,5
hybrid,fault_sustained,classifier_cpu_std,p95,0.7899809623008145,5
hybrid,fault_sustained,classifier_cpu_std,min,0.732968830296223,5
hybrid,fault_sustained,classifier_cpu_std,max,0.7978086632044987,5
hybrid,fault_sustained,classifier_ground_truth_count,count,5,5
hybrid,fault_sustained,classifier_ground_truth_count,mean,2163.4,5
hybrid,fault_sustained,classifier_ground_truth_count,median,2140.0,5
hybrid,fault_sustained,classifier_ground_truth_count,std,34.846807601271024,5
hybrid,fault_sustained,classifier_ground_truth_count,p95,2202.4,5
hybrid,fault_sustained,classifier_ground_truth_count,min,2135.0,5
hybrid,fault_sustained,classifier_ground_truth_count,max,2203.0,5
hybrid,fault_sustained,classifier_memory_count,count,5,5
hybrid,fault_sustained,classifier_memory_count,mean,158.8,5
hybrid,fault_sustained,classifier_memory_count,median,159.0,5
hybrid,fault_sustained,classifier_memory_count,std,0.4472135954999579,5
hybrid,fault_sustained,classifier_memory_count,p95,159.0,5
hybrid,fault_sustained,classifier_memory_count,min,158.0,5
hybrid,fault_sustained,classifier_memory_count,max,159.0,5
hybrid,fault_sustained,classifier_memory_max,count,5,5
hybrid,fault_sustained,classifier_memory_max,mean,247852236.8,5
hybrid,fault_sustained,classifier_memory_max,median,248295424.0,5
hybrid,fault_sustained,classifier_memory_max,std,3067164.826306405,5
hybrid,fault_sustained,classifier_memory_max,p95,251120844.8,5
hybrid,fault_sustained,classifier_memory_max,min,244133888.0,5
hybrid,fault_sustained,classifier_memory_max,max,251379712.0,5
hybrid,fault_sustained,classifier_memory_mean,count,5,5
hybrid,fault_sustained,classifier_memory_mean,mean,243733117.95990765,5
hybrid,fault_sustained,classifier_memory_mean,median,243970151.04402515,5
hybrid,fault_sustained,classifier_memory_mean,std,717050.5934364425,5
hybrid,fault_sustained,classifier_memory_mean,p95,244205283.55283815,5
hybrid,fault_sustained,classifier_memory_mean,min,242482993.9119497,5
hybrid,fault_sustained,classifier_memory_mean,max,244210986.12658226,5
hybrid,fault_sustained,classifier_memory_median,count,5,5
hybrid,fault_sustained,classifier_memory_median,mean,243903692.8,5
hybrid,fault_sustained,classifier_memory_median,median,243965952.0,5
hybrid,fault_sustained,classifier_memory_median,std,300175.60522334254,5
hybrid,fault_sustained,classifier_memory_median,p95,244155187.2,5
hybrid,fault_sustained,classifier_memory_median,min,243425280.0,5
hybrid,fault_sustained,classifier_memory_median,max,244158464.0,5
hybrid,fault_sustained,classifier_memory_min,count,5,5
hybrid,fault_sustained,classifier_memory_min,mean,242928025.6,5
hybrid,fault_sustained,classifier_memory_min,median,243724288.0,5
hybrid,fault_sustained,classifier_memory_min,std,1870384.9287878685,5
hybrid,fault_sustained,classifier_memory_min,p95,243899596.8,5
hybrid,fault_sustained,classifier_memory_min,min,239591424.0,5
hybrid,fault_sustained,classifier_memory_min,max,243908608.0,5
hybrid,fault_sustained,classifier_memory_p95,count,5,5
hybrid,fault_sustained,classifier_memory_p95,mean,244165959.68,5
hybrid,fault_sustained,classifier_memory_p95,median,244137984.0,5
hybrid,fault_sustained,classifier_memory_p95,std,237903.0178482667,5
hybrid,fault_sustained,classifier_memory_p95,p95,244406804.48,5
hybrid,fault_sustained,classifier_memory_p95,min,243867648.0,5
hybrid,fault_sustained,classifier_memory_p95,max,244408320.0,5
hybrid,fault_sustained,classifier_memory_std,count,5,5
hybrid,fault_sustained,classifier_memory_std,mean,622073.357247855,5
hybrid,fault_sustained,classifier_memory_std,median,489110.087760912,5
hybrid,fault_sustained,classifier_memory_std,std,655854.6827251017,5
hybrid,fault_sustained,classifier_memory_std,p95,1509321.7014619512,5
hybrid,fault_sustained,classifier_memory_std,min,126755.3407593623,5
hybrid,fault_sustained,classifier_memory_std,max,1738873.03873633,5
hybrid,fault_sustained,classifier_processing_ms_count,count,5,5
hybrid,fault_sustained,classifier_processing_ms_count,mean,23.4,5
hybrid,fault_sustained,classifier_processing_ms_count,median,23.0,5
hybrid,fault_sustained,classifier_processing_ms_count,std,0.5477225575051661,5
hybrid,fault_sustained,classifier_processing_ms_count,p95,24.0,5
hybrid,fault_sustained,classifier_processing_ms_count,min,23.0,5
hybrid,fault_sustained,classifier_processing_ms_count,max,24.0,5
hybrid,fault_sustained,classifier_processing_ms_max,count,5,5
hybrid,fault_sustained,classifier_processing_ms_max,mean,6.952714920043945,5
hybrid,fault_sustained,classifier_processing_ms_max,median,4.728555679321289,5
hybrid,fault_sustained,classifier_processing_ms_max,std,4.837162066550709,5
hybrid,fault_sustained,classifier_processing_ms_max,p95,13.492441177368162,5
hybrid,fault_sustained,classifier_processing_ms_max,min,4.656791687011719,5
hybrid,fault_sustained,classifier_processing_ms_max,max,15.601158142089844,5
hybrid,fault_sustained,classifier_processing_ms_mean,count,5,5
hybrid,fault_sustained,classifier_processing_ms_mean,mean,4.5061881127564805,5
hybrid,fault_sustained,classifier_processing_ms_mean,median,4.4335489687712295,5
hybrid,fault_sustained,classifier_processing_ms_mean,std,0.19071145601277878,5
hybrid,fault_sustained,classifier_processing_ms_mean,p95,4.765391004258308,5
hybrid,fault_sustained,classifier_processing_ms_mean,min,4.383852084477742,5
hybrid,fault_sustained,classifier_processing_ms_mean,max,4.844655161318571,5
hybrid,fault_sustained,classifier_processing_ms_median,count,5,5
hybrid,fault_sustained,classifier_processing_ms_median,mean,4.427647590637207,5
hybrid,fault_sustained,classifier_processing_ms_median,median,4.443883895874023,5
hybrid,fault_sustained,classifier_processing_ms_median,std,0.034520342760670945,5
hybrid,fault_sustained,classifier_processing_ms_median,p95,4.462337493896484,5
hybrid,fault_sustained,classifier_processing_ms_median,min,4.389762878417969,5
hybrid,fault_sustained,classifier_processing_ms_median,max,4.466533660888672,5
hybrid,fault_sustained,classifier_processing_ms_min,count,5,5
hybrid,fault_sustained,classifier_processing_ms_min,mean,4.000759124755859,5
hybrid,fault_sustained,classifier_processing_ms_min,median,3.9815902709960938,5
hybrid,fault_sustained,classifier_processing_ms_min,std,0.08111797553701955,5
hybrid,fault_sustained,classifier_processing_ms_min,p95,4.110288619995117,5
hybrid,fault_sustained,classifier_processing_ms_min,min,3.9336681365966797,5
hybrid,fault_sustained,classifier_processing_ms_min,max,4.135847091674805,5
hybrid,fault_sustained,classifier_processing_ms_p95,count,5,5
hybrid,fault_sustained,classifier_processing_ms_p95,mean,4.646577835083008,5
hybrid,fault_sustained,classifier_processing_ms_p95,median,4.662001132965088,5
hybrid,fault_sustained,classifier_processing_ms_p95,std,0.05733810031575112,5
hybrid,fault_sustained,classifier_processing_ms_p95,p95,4.706897735595703,5
hybrid,fault_sustained,classifier_processing_ms_p95,min,4.566431045532227,5
hybrid,fault_sustained,classifier_processing_ms_p95,max,4.7148942947387695,5
hybrid,fault_sustained,classifier_processing_ms_std,count,5,5
hybrid,fault_sustained,classifier_processing_ms_std,mean,0.6297358488600235,5
hybrid,fault_sustained,classifier_processing_ms_std,median,0.22330242982923135,5
hybrid,fault_sustained,classifier_processing_ms_std,std,0.9614407681807552,5
hybrid,fault_sustained,classifier_processing_ms_std,p95,1.9252039284815075,5
hybrid,fault_sustained,classifier_processing_ms_std,min,0.14928784129706957,5
hybrid,fault_sustained,classifier_processing_ms_std,max,2.3486557961735057,5
hybrid,fault_sustained,cloud_escalations,count,5,5
hybrid,fault_sustained,cloud_escalations,mean,23.4,5
hybrid,fault_sustained,cloud_escalations,median,23.0,5
hybrid,fault_sustained,cloud_escalations,std,0.5477225575051661,5
hybrid,fault_sustained,cloud_escalations,p95,24.0,5
hybrid,fault_sustained,cloud_escalations,min,23.0,5
hybrid,fault_sustained,cloud_escalations,max,24.0,5
hybrid,fault_sustained,decision_time_ms_count,count,5,5
hybrid,fault_sustained,decision_time_ms_count,mean,31.6,5
hybrid,fault_sustained,decision_time_ms_count,median,32.0,5
hybrid,fault_sustained,decision_time_ms_count,std,0.5477225575051661,5
hybrid,fault_sustained,decision_time_ms_count,p95,32.0,5
hybrid,fault_sustained,decision_time_ms_count,min,31.0,5
hybrid,fault_sustained,decision_time_ms_count,max,32.0,5
hybrid,fault_sustained,decision_time_ms_max,count,5,5
hybrid,fault_sustained,decision_time_ms_max,mean,0.9380817413330078,5
hybrid,fault_sustained,decision_time_ms_max,median,0.9050369262695312,5
hybrid,fault_sustained,decision_time_ms_max,std,0.08801095177670115,5
hybrid,fault_sustained,decision_time_ms_max,p95,1.0587692260742188,5
hybrid,fault_sustained,decision_time_ms_max,min,0.8711814880371094,5
hybrid,fault_sustained,decision_time_ms_max,max,1.0874271392822266,5
hybrid,fault_sustained,decision_time_ms_mean,count,5,5
hybrid,fault_sustained,decision_time_ms_mean,mean,0.3307611711563603,5
hybrid,fault_sustained,decision_time_ms_mean,median,0.3351703766853579,5
hybrid,fault_sustained,decision_time_ms_mean,std,0.018296881176759056,5
hybrid,fault_sustained,decision_time_ms_mean,p95,0.3473267439872988,5
hybrid,fault_sustained,decision_time_ms_mean,min,0.3032982349395752,5
hybrid,fault_sustained,decision_time_ms_mean,max,0.3479142342844317,5
hybrid,fault_sustained,decision_time_ms_median,count,5,5
hybrid,fault_sustained,decision_time_ms_median,mean,0.3495454788208008,5
hybrid,fault_sustained,decision_time_ms_median,median,0.3478527069091797,5
hybrid,fault_sustained,decision_time_ms_median,std,0.006835797866710749,5
hybrid,fault_sustained,decision_time_ms_median,p95,0.35877227783203125,5
hybrid,fault_sustained,decision_time_ms_median,min,0.34356117248535156,5
hybrid,fault_sustained,decision_time_ms_median,max,0.3609657287597656,5
hybrid,fault_sustained,decision_time_ms_min,count,5,5
hybrid,fault_sustained,decision_time_ms_min,mean,0.06704330444335938,5
hybrid,fault_sustained,decision_time_ms_min,median,0.06771087646484375,5
hybrid,fault_sustained,decision_time_ms_min,std,0.0075383264611682725,5
hybrid,fault_sustained,decision_time_ms_min,p95,0.07457733154296875,5
hybrid,fault_sustained,decision_time_ms_min,min,0.05507469177246094,5
hybrid,fault_sustained,decision_time_ms_min,max,0.07581710815429688,5
hybrid,fault_sustained,decision_time_ms_p95,count,5,5
hybrid,fault_sustained,decision_time_ms_p95,mean,0.684196949005127,5
hybrid,fault_sustained,decision_time_ms_p95,median,0.7089376449584961,5
hybrid,fault_sustained,decision_time_ms_p95,std,0.20234900133917388,5
hybrid,fault_sustained,decision_time_ms_p95,p95,0.8824586868286133,5
hybrid,fault_sustained,decision_time_ms_p95,min,0.45076608657836914,5
hybrid,fault_sustained,decision_time_ms_p95,max,0.8847713470458984,5
hybrid,fault_sustained,decision_time_ms_std,count,5,5
hybrid,fault_sustained,decision_time_ms_std,mean,0.20078031192619133,5
hybrid,fault_sustained,decision_time_ms_std,median,0.19556963594820587,5
hybrid,fault_sustained,decision_time_ms_std,std,0.02520274799997012,5
hybrid,fault_sustained,decision_time_ms_std,p95,0.22553753610012203,5
hybrid,fault_sustained,decision_time_ms_std,min,0.16461829240921078,5
hybrid,fault_sustained,decision_time_ms_std,max,0.2260030610065349,5
hybrid,fault_sustained,decision_windows,count,5,5
hybrid,fault_sustained,decision_windows,mean,31.6,5
hybrid,fault_sustained,decision_windows,median,32.0,5
hybrid,fault_sustained,decision_windows,std,0.5477225575051661,5
hybrid,fault_sustained,decision_windows,p95,32.0,5
hybrid,fault_sustained,decision_windows,min,31.0,5
hybrid,fault_sustained,decision_windows,max,32.0,5
hybrid,fault_sustained,detection_latency_ms_count,count,5,5
hybrid,fault_sustained,detection_latency_ms_count,mean,2215.8,5
hybrid,fault_sustained,detection_latency_ms_count,median,2216.0,5
hybrid,fault_sustained,detection_latency_ms_count,std,2.9495762407505253,5
hybrid,fault_sustained,detection_latency_ms_count,p95,2218.6,5
hybrid,fault_sustained,detection_latency_ms_count,min,2211.0,5
hybrid,fault_sustained,detection_latency_ms_count,max,2219.0,5
hybrid,fault_sustained,detection_latency_ms_max,count,5,5
hybrid,fault_sustained,detection_latency_ms_max,mean,23.06375503540039,5
hybrid,fault_sustained,detection_latency_ms_max,median,20.844459533691406,5
hybrid,fault_sustained,detection_latency_ms_max,std,6.977912540203695,5
hybrid,fault_sustained,detection_latency_ms_max,p95,31.87885284423828,5
hybrid,fault_sustained,detection_latency_ms_max,min,15.768051147460938,5
hybrid,fault_sustained,detection_latency_ms_max,max,33.08391571044922,5
hybrid,fault_sustained,detection_latency_ms_mean,count,5,5
hybrid,fault_sustained,detection_latency_ms_mean,mean,4.103734406095185,5
hybrid,fault_sustained,detection_latency_ms_mean,median,4.096919214902777,5
hybrid,fault_sustained,detection_latency_ms_mean,std,0.025875612106402684,5
hybrid,fault_sustained,detection_latency_ms_mean,p95,4.131264698692694,5
hybrid,fault_sustained,detection_latency_ms_mean,min,4.0779774369745905,5
hybrid,fault_sustained,detection_latency_ms_mean,max,4.131444920678313,5
hybrid,fault_sustained,detection_latency_ms_median,count,5,5
hybrid,fault_sustained,detection_latency_ms_median,mean,3.9769887924194336,5
hybrid,fault_sustained,detection_latency_ms_median,median,3.9739608764648438,5
hybrid,fault_sustained,detection_latency_ms_median,std,0.008767192879341973,5
hybrid,fault_sustained,detection_latency_ms_median,p95,3.9868593215942383,5
hybrid,fault_sustained,detection_latency_ms_median,min,3.9658546447753906,5
hybrid,fault_sustained,detection_latency_ms_median,max,3.987550735473633,5
hybrid,fault_sustained,detection_latency_ms_min,count,5,5
hybrid,fault_sustained,detection_latency_ms_min,mean,3.6744117736816406,5
hybrid,fault_sustained,detection_latency_ms_min,median,3.6773681640625,5
hybrid,fault_sustained,detection_latency_ms_min,std,0.017207975530887043,5
hybrid,fault_sustained,detection_latency_ms_min,p95,3.6931514739990234,5
hybrid,fault_sustained,detection_latency_ms_min,min,3.6499500274658203,5
hybrid,fault_sustained,detection_latency_ms_min,max,3.695964813232422,5
hybrid,fault_sustained,detection_latency_ms_p95,count,5,5
hybrid,fault_sustained,detection_latency_ms_p95,mean,4.354264736175537,5
hybrid,fault_sustained,detection_latency_ms_p95,median,4.346942901611328,5
hybrid,fault_sustained,detection_latency_ms_p95,std,0.044197504771099023,5
hybrid,fault_sustained,detection_latency_ms_p95,p95,4.407322406768799,5
hybrid,fault_sustained,detection_latency_ms_p95,min,4.311537742614746,5
hybrid,fault_sustained,detection_latency_ms_p95,max,4.41288948059082,5
hybrid,fault_sustained,detection_latency_ms_std,count,5,5
hybrid,fault_sustained,detection_latency_ms_std,mean,0.9076819916770056,5
hybrid,fault_sustained,detection_latency_ms_std,median,0.8592840356449047,5
hybrid,fault_sustained,detection_latency_ms_std,std,0.2224592251915459,5
hybrid,fault_sustained,detection_latency_ms_std,p95,1.1589212570241012,5
hybrid,fault_sustained,detection_latency_ms_std,min,0.6850060903099263,5
hybrid,fault_sustained,detection_latency_ms_std,max,1.1721528563015973,5
hybrid,fault_sustained,detector_cpu_count,count,5,5
hybrid,fault_sustained,detector_cpu_count,mean,158.8,5
hybrid,fault_sustained,detector_cpu_count,median,159.0,5
hybrid,fault_sustained,detector_cpu_count,std,0.4472135954999579,5
hybrid,fault_sustained,detector_cpu_count,p95,159.0,5
hybrid,fault_sustained,detector_cpu_count,min,158.0,5
hybrid,fault_sustained,detector_cpu_count,max,159.0,5
hybrid,fault_sustained,detector_cpu_max,count,5,5
hybrid,fault_sustained,detector_cpu_max,mean,183.8988,5
hybrid,fault_sustained,detector_cpu_max,median,178.291,5
hybrid,fault_sustained,detector_cpu_max,std,92.62914574365888,5
hybrid,fault_sustained,detector_cpu_max,p95,304.57739999999995,5
hybrid,fault_sustained,detector_cpu_max,min,94.471,5
hybrid,fault_sustained,detector_cpu_max,max,331.308,5
hybrid,fault_sustained,detector_cpu_mean,count,5,5
hybrid,fault_sustained,detector_cpu_mean,mean,7.241798837672159,5
hybrid,fault_sustained,detector_cpu_mean,median,6.908553459119497,5
hybrid,fault_sustained,detector_cpu_mean,std,1.5159896558295929,5
hybrid,fault_sustained,detector_cpu_mean,p95,8.939851572327044,5
hybrid,fault_sustained,detector_cpu_mean,min,5.5447106918239,5
hybrid,fault_sustained,detector_cpu_mean,max,9.028867924528301,5
hybrid,fault_sustained,detector_cpu_median,count,5,5
hybrid,fault_sustained,detector_cpu_median,mean,3.6552,5
hybrid,fault_sustained,detector_cpu_median,median,3.649,5
hybrid,fault_sustained,detector_cpu_median,std,0.02536138797463576,5
hybrid,fault_sustained,detector_cpu_median,p95,3.6894,5
hybrid,fault_sustained,detector_cpu_median,min,3.634,5
hybrid,fault_sustained,detector_cpu_median,max,3.699,5
hybrid,fault_sustained,detector_cpu_min,count,5,5
hybrid,fault_sustained,detector_cpu_min,mean,0.5038,5
hybrid,fault_sustained,detector_cpu_min,median,0.073,5
hybrid,fault_sustained,detector_cpu_min,std,0.5958730569508912,5
hybrid,fault_sustained,detector_cpu_min,p95,1.161,5
hybrid,fault_sustained,detector_cpu_min,min,0.061,5
hybrid,fault_sustained,detector_cpu_min,max,1.164,5
hybrid,fault_sustained,detector_cpu_p95,count,5,5
hybrid,fault_sustained,detector_cpu_p95,mean,21.214349999999996,5
hybrid,fault_sustained,detector_cpu_p95,median,19.14949999999999,5
hybrid,fault_sustained,detector_cpu_p95,std,8.521248607598537,5
hybrid,fault_sustained,detector_cpu_p95,p95,32.76438999999999,5
hybrid,fault_sustained,detector_cpu_p95,min,14.348199999999991,5
hybrid,fault_sustained,detector_cpu_p95,max,35.862199999999994,5
hybrid,fault_sustained,detector_cpu_std,count,5,5
hybrid,fault_sustained,detector_cpu_std,mean,18.30236043130003,5
hybrid,fault_sustained,detector_cpu_std,median,17.534363113412763,5
hybrid,fault_sustained,detector_cpu_std,std,7.971982654345686,5
hybrid,fault_sustained,detector_cpu_std,p95,27.7203043339738,5
hybrid,fault_sustained,detector_cpu_std,min,10.425007002422799,5
hybrid,fault_sustained,detector_cpu_std,max,28.69055592804562,5
hybrid,fault_sustained,detector_memory_count,count,5,5
hybrid,fault_sustained,detector_memory_count,mean,158.8,5
hybrid,fault_sustained,detector_memory_count,median,159.0,5
hybrid,fault_sustained,detector_memory_count,std,0.4472135954999579,5
hybrid,fault_sustained,detector_memory_count,p95,159.0,5
hybrid,fault_sustained,detector_memory_count,min,158.0,5
hybrid,fault_sustained,detector_memory_count,max,159.0,5
hybrid,fault_sustained,detector_memory_max,count,5,5
hybrid,fault_sustained,detector_memory_max,mean,301096140.8,5
hybrid,fault_sustained,detector_memory_max,median,300920832.0,5
hybrid,fault_sustained,detector_memory_max,std,828619.8888774032,5
hybrid,fault_sustained,detector_memory_max,p95,302177484.8,5
hybrid,fault_sustained,detector_memory_max,min,300339200.0,5
hybrid,fault_sustained,detector_memory_max,max,302370816.0,5
hybrid,fault_sustained,detector_memory_mean,count,5,5
hybrid,fault_sustained,detector_memory_mean,mean,300172075.3086538,5
hybrid,fault_sustained,detector_memory_mean,median,300172732.3773585,5
hybrid,fault_sustained,detector_memory_mean,std,15105.768457732083,5
hybrid,fault_sustained,detector_memory_mean,p95,300188482.65660375,5
hybrid,fault_sustained,detector_memory_mean,min,300150990.0880503,5
hybrid,fault_sustained,detector_memory_mean,max,300190249.8616352,5
hybrid,fault_sustained,detector_memory_median,count,5,5
hybrid,fault_sustained,detector_memory_median,mean,300187238.4,5
hybrid,fault_sustained,detector_memory_median,median,300185600.0,5
hybrid,fault_sustained,detector_memory_median,std,9204.615190218437,5
hybrid,fault_sustained,detector_memory_median,p95,300198297.6,5
hybrid,fault_sustained,detector_memory_median,min,300175360.0,5
hybrid,fault_sustained,detector_memory_median,max,300199936.0,5
hybrid,fault_sustained,detector_memory_min,count,5,5
hybrid,fault_sustained,detector_memory_min,mean,299850137.6,5
hybrid,fault_sustained,detector_memory_min,median,299851776.0,5
hybrid,fault_sustained,detector_memory_min,std,15757.626623321166,5
hybrid,fault_sustained,detector_memory_min,p95,299868979.2,5
hybrid,fault_sustained,detector_memory_min,min,299831296.0,5
hybrid,fault_sustained,detector_memory_min,max,299872256.0,5
hybrid,fault_sustained,detector_memory_p95,count,5,5
hybrid,fault_sustained,detector_memory_p95,mean,300323880.96000004,5
hybrid,fault_sustained,detector_memory_p95,median,300326912.0,5
hybrid,fault_sustained,detector_memory_p95,std,10461.251357645035,5
hybrid,fault_sustained,detector_memory_p95,p95,300333547.52,5
hybrid,fault_sustained,detector_memory_p95,min,300306841.6,5
hybrid,fault_sustained,detector_memory_p95,max,300335104.0,5
hybrid,fault_sustained,detector_memory_std,count,5,5
hybrid,fault_sustained,detector_memory_std,mean,145385.52223618972,5
hybrid,fault_sustained,detector_memory_std,median,132683.80017213398,5
hybrid,fault_sustained,detector_memory_std,std,40250.29661268484,5
hybrid,fault_sustained,detector_memory_std,p95,199534.07373969,5
hybrid,fault_sustained,detector_memory_std,min,110284.16655879495,5
hybrid,fault_sustained,detector_memory_std,max,210679.89833077166,5
hybrid,fault_sustained,detector_processing_ms_count,count,5,5
hybrid,fault_sustained,detector_processing_ms_count,mean,51.4,5
hybrid,fault_sustained,detector_processing_ms_count,median,50.0,5
hybrid,fault_sustained,detector_processing_ms_count,std,2.8809720581775866,5
hybrid,fault_sustained,detector_processing_ms_count,p95,54.8,5
hybrid,fault_sustained,detector_processing_ms_count,min,49.0,5
hybrid,fault_sustained,detector_processing_ms_count,max,55.0,5
hybrid,fault_sustained,detector_processing_ms_max,count,5,5
hybrid,fault_sustained,detector_processing_ms_max,mean,100.41303634643555,5
hybrid,fault_sustained,detector_processing_ms_max,median,100.43525695800781,5
hybrid,fault_sustained,detector_processing_ms_max,std,0.5166949062450571,5
hybrid,fault_sustained,detector_processing_ms_max,p95,101.05528831481934,5
hybrid,fault_sustained,detector_processing_ms_max,min,99.79867935180664,5
hybrid,fault_sustained,detector_processing_ms_max,max,101.20010375976562,5
hybrid,fault_sustained,detector_processing_ms_mean,count,5,5
hybrid,fault_sustained,detector_processing_ms_mean,mean,46.1462141885091,5
hybrid,fault_sustained,detector_processing_ms_mean,median,49.038346932858836,5
hybrid,fault_sustained,detector_processing_ms_mean,std,5.575696299880319,5
hybrid,fault_sustained,detector_processing_ms_mean,p95,50.94381129984953,5
hybrid,fault_sustained,detector_processing_ms_mean,min,38.2994016011556,5
hybrid,fault_sustained,detector_processing_ms_mean,max,51.208131167353415,5
hybrid,fault_sustained,detector_processing_ms_median,count,5,5
hybrid,fault_sustained,detector_processing_ms_median,mean,44.44284439086914,5
hybrid,fault_sustained,detector_processing_ms_median,median,47.97220230102539,5
hybrid,fault_sustained,detector_processing_ms_median,std,9.409148974823708,5
hybrid,fault_sustained,detector_processing_ms_median,p95,53.051137924194336,5
hybrid,fault_sustained,detector_processing_ms_median,min,32.17911720275879,5
hybrid,fault_sustained,detector_processing_ms_median,max,53.35640907287598,5
hybrid,fault_sustained,detector_processing_ms_min,count,5,5
hybrid,fault_sustained,detector_processing_ms_min,mean,2.8636932373046875,5
hybrid,fault_sustained,detector_processing_ms_min,median,2.9022693634033203,5
hybrid,fault_sustained,detector_processing_ms_min,std,0.08911791807296267,5
hybrid,fault_sustained,detector_processing_ms_min,p95,2.9467105865478516,5
hybrid,fault_sustained,detector_processing_ms_min,min,2.756357192993164,5
hybrid,fault_sustained,detector_processing_ms_min,max,2.951383590698242,5
hybrid,fault_sustained,detector_processing_ms_p95,count,5,5
hybrid,fault_sustained,detector_processing_ms_p95,mean,95.26375532150267,5
hybrid,fault_sustained,detector_processing_ms_p95,median,94.83795166015624,5
hybrid,fault_sustained,detector_processing_ms_p95,std,3.230777366277599,5
hybrid,fault_sustained,detector_processing_ms_p95,p95,98.6430263519287,5
hybrid,fault_sustained,detector_processing_ms_p95,min,90.50217866897582,5
hybrid,fault_sustained,detector_processing_ms_p95,max,98.93183708190917,5
hybrid,fault_sustained,detector_processing_ms_std,count,5,5
hybrid,fault_sustained,detector_processing_ms_std,mean,30.41191497834849,5
hybrid,fault_sustained,detector_processing_ms_std,median,30.57227838906828,5
hybrid,fault_sustained,detector_processing_ms_std,std,1.2090155041994375,5
hybrid,fault_sustained,detector_processing_ms_std,p95,31.71906911704612,5
hybrid,fault_sustained,detector_processing_ms_std,min,28.902409804834367,5
hybrid,fault_sustained,detector_processing_ms_std,max,31.838822132702916,5
hybrid,fault_sustained,diagnosis_latency_ms_count,count,5,5
hybrid,fault_sustained,diagnosis_latency_ms_count,mean,23.4,5
hybrid,fault_sustained,diagnosis_latency_ms_count,median,23.0,5
hybrid,fault_sustained,diagnosis_latency_ms_count,std,0.5477225575051661,5
hybrid,fault_sustained,diagnosis_latency_ms_count,p95,24.0,5
hybrid,fault_sustained,diagnosis_latency_ms_count,min,23.0,5
hybrid,fault_sustained,diagnosis_latency_ms_count,max,24.0,5
hybrid,fault_sustained,diagnosis_latency_ms_max,count,5,5
hybrid,fault_sustained,diagnosis_latency_ms_max,mean,21.8996524810791,5
hybrid,fault_sustained,diagnosis_latency_ms_max,median,20.311832427978516,5
hybrid,fault_sustained,diagnosis_latency_ms_max,std,4.724999029403847,5
hybrid,fault_sustained,diagnosis_latency_ms_max,p95,28.30209732055664,5
hybrid,fault_sustained,diagnosis_latency_ms_max,min,18.96190643310547,5
hybrid,fault_sustained,diagnosis_latency_ms_max,max,30.289411544799805,5
hybrid,fault_sustained,diagnosis_latency_ms_mean,count,5,5
hybrid,fault_sustained,diagnosis_latency_ms_mean,mean,16.617481172948644,5
hybrid,fault_sustained,diagnosis_latency_ms_mean,median,16.586593959642492,5
hybrid,fault_sustained,diagnosis_latency_ms_mean,std,0.32704814881182026,5
hybrid,fault_sustained,diagnosis_latency_ms_mean,p95,17.048873935920607,5
hybrid,fault_sustained,diagnosis_latency_ms_mean,min,16.310006380081177,5
hybrid,fault_sustained,diagnosis_latency_ms_mean,max,17.151905142742656,5
hybrid,fault_sustained,diagnosis_latency_ms_median,count,5,5
hybrid,fault_sustained,diagnosis_latency_ms_median,mean,16.59703254699707,5
hybrid,fault_sustained,diagnosis_latency_ms_median,median,16.599178314208984,5
hybrid,fault_sustained,diagnosis_latency_ms_median,std,0.1357034277378019,5
hybrid,fault_sustained,diagnosis_latency_ms_median,p95,16.758108139038086,5
hybrid,fault_sustained,diagnosis_latency_ms_median,min,16.414165496826172,5
hybrid,fault_sustained,diagnosis_latency_ms_median,max,16.793012619018555,5
hybrid,fault_sustained,diagnosis_latency_ms_min,count,5,5
hybrid,fault_sustained,diagnosis_latency_ms_min,mean,13.842105865478516,5
hybrid,fault_sustained,diagnosis_latency_ms_min,median,14.165163040161133,5
hybrid,fault_sustained,diagnosis_latency_ms_min,std,0.5442624107139494,5
hybrid,fault_sustained,diagnosis_latency_ms_min,p95,14.296197891235352,5
hybrid,fault_sustained,diagnosis_latency_ms_min,min,13.206958770751953,5
hybrid,fault_sustained,diagnosis_latency_ms_min,max,14.311552047729492,5
hybrid,fault_sustained,diagnosis_latency_ms_p95,count,5,5
hybrid,fault_sustained,diagnosis_latency_ms_p95,mean,18.22366952896118,5
hybrid,fault_sustained,diagnosis_latency_ms_p95,median,18.613553047180176,5
hybrid,fault_sustained,diagnosis_latency_ms_p95,std,0.9397286080033032,5
hybrid,fault_sustained,diagnosis_latency_ms_p95,p95,19.189906120300293,5
hybrid,fault_sustained,diagnosis_latency_ms_p95,min,17.111635208129883,5
hybrid,fault_sustained,diagnosis_latency_ms_p95,max,19.30927038192749,5
hybrid,fault_sustained,diagnosis_latency_ms_std,count,5,5
hybrid,fault_sustained,diagnosis_latency_ms_std,mean,1.6377796101468387,5
hybrid,fault_sustained,diagnosis_latency_ms_std,median,1.3244465449872453,5
hybrid,fault_sustained,diagnosis_latency_ms_std,std,0.81076431293169,5
hybrid,fault_sustained,diagnosis_latency_ms_std,p95,2.7472304123974896,5
hybrid,fault_sustained,diagnosis_latency_ms_std,min,0.9741975078643038,5
hybrid,fault_sustained,diagnosis_latency_ms_std,max,3.0230110417294025,5
hybrid,fault_sustained,e2e_latency_ms_count,count,5,5
hybrid,fault_sustained,e2e_latency_ms_count,mean,23.4,5
hybrid,fault_sustained,e2e_latency_ms_count,median,23.0,5
hybrid,fault_sustained,e2e_latency_ms_count,std,0.5477225575051661,5
hybrid,fault_sustained,e2e_latency_ms_count,p95,24.0,5
hybrid,fault_sustained,e2e_latency_ms_count,min,23.0,5
hybrid,fault_sustained,e2e_latency_ms_count,max,24.0,5
hybrid,fault_sustained,e2e_latency_ms_max,count,5,5
hybrid,fault_sustained,e2e_latency_ms_max,mean,10056.77227973938,5
hybrid,fault_sustained,e2e_latency_ms_max,median,10056.490182876587,5
hybrid,fault_sustained,e2e_latency_ms_max,std,3.792256170711587,5
hybrid,fault_sustained,e2e_latency_ms_max,p95,10061.658716201782,5
hybrid,fault_sustained,e2e_latency_ms_max,min,10052.627325057983,5
hybrid,fault_sustained,e2e_latency_ms_max,max,10062.75749206543,5
hybrid,fault_sustained,e2e_latency_ms_mean,count,5,5
hybrid,fault_sustained,e2e_latency_ms_mean,mean,9935.438360856928,5
hybrid,fault_sustained,e2e_latency_ms_mean,median,9968.876123428345,5
hybrid,fault_sustained,e2e_latency_ms_mean,std,76.64714979921318,5
hybrid,fault_sustained,e2e_latency_ms_mean,p95,10005.287842128588,5
hybrid,fault_sustained,e2e_latency_ms_mean,min,9847.49667843183,5
hybrid,fault_sustained,e2e_latency_ms_mean,max,10008.046948391458,5
hybrid,fault_sustained,e2e_latency_ms_median,count,5,5
hybrid,fault_sustained,e2e_latency_ms_median,mean,9999.808835983276,5
hybrid,fault_sustained,e2e_latency_ms_median,median,10003.329396247864,5
hybrid,fault_sustained,e2e_latency_ms_median,std,8.950914286686151,5
hybrid,fault_sustained,e2e_latency_ms_median,p95,10007.41708278656,5
hybrid,fault_sustained,e2e_latency_ms_median,min,9985.231876373291,5
hybrid,fault_sustained,e2e_latency_ms_median,max,10008.140802383423,5
hybrid,fault_sustained,e2e_latency_ms_min,count,5,5
hybrid,fault_sustained,e2e_latency_ms_min,mean,8473.58627319336,5
hybrid,fault_sustained,e2e_latency_ms_min,median,9624.173164367676,5
hybrid,fault_sustained,e2e_latency_ms_min,std,1863.1882052073936,5
hybrid,fault_sustained,e2e_latency_ms_min,p95,9948.79937171936,5
hybrid,fault_sustained,e2e_latency_ms_min,min,6286.46993637085,5
hybrid,fault_sustained,e2e_latency_ms_min,max,9960.631132125854,5
hybrid,fault_sustained,e2e_latency_ms_p95,count,5,5
hybrid,fault_sustained,e2e_latency_ms_p95,mean,10047.652311325073,5
hybrid,fault_sustained,e2e_latency_ms_p95,median,10049.859356880188,5
hybrid,fault_sustained,e2e_latency_ms_p95,std,6.20222800128325,5
hybrid,fault_sustained,e2e_latency_ms_p95,p95,10054.07220363617,5
hybrid,fault_sustained,e2e_latency_ms_p95,min,10040.57879447937,5
hybrid,fault_sustained,e2e_latency_ms_p95,max,10054.758834838867,5
hybrid,fault_sustained,e2e_latency_ms_std,count,5,5
hybrid,fault_sustained,e2e_latency_ms_std,mean,324.0256309641002,5
hybrid,fault_sustained,e2e_latency_ms_std,median,92.83921868936982,5
hybrid,fault_sustained,e2e_latency_ms_std,std,370.02496261893975,5
hybrid,fault_sustained,e2e_latency_ms_std,p95,746.8483315739197,5
hybrid,fault_sustained,e2e_latency_ms_std,min,30.024257242016567,5
hybrid,fault_sustained,e2e_latency_ms_std,max,759.5527558376489,5
hybrid,fault_sustained,escalated_samples,count,5,5
hybrid,fault_sustained,escalated_samples,mean,2163.4,5
hybrid,fault_sustained,escalated_samples,median,2140.0,5
hybrid,fault_sustained,escalated_samples,std,34.846807601271024,5
hybrid,fault_sustained,escalated_samples,p95,2202.4,5
hybrid,fault_sustained,escalated_samples,min,2135.0,5
hybrid,fault_sustained,escalated_samples,max,2203.0,5
hybrid,fault_sustained,estimated_cloud_data_bytes,count,5,5
hybrid,fault_sustained,estimated_cloud_data_bytes,mean,2114355.722,5
hybrid,fault_sustained,estimated_cloud_data_bytes,median,2091486.2000000002,5
hybrid,fault_sustained,estimated_cloud_data_bytes,std,34056.83047295021,5
hybrid,fault_sustained,estimated_cloud_data_bytes,p95,2152471.592,5
hybrid,fault_sustained,estimated_cloud_data_bytes,min,2086599.55,5
hybrid,fault_sustained,estimated_cloud_data_bytes,max,2153057.99,5
hybrid,fault_sustained,estimated_cloud_data_bytes_per_minute,count,5,5
hybrid,fault_sustained,estimated_cloud_data_bytes_per_minute,mean,423233.2191672587,5
hybrid,fault_sustained,estimated_cloud_data_bytes_per_minute,median,418858.3706712749,5
hybrid,fault_sustained,estimated_cloud_data_bytes_per_minute,std,6686.57897751659,5
hybrid,fault_sustained,estimated_cloud_data_bytes_per_minute,p95,430575.56277819106,5
hybrid,fault_sustained,estimated_cloud_data_bytes_per_minute,min,417489.6516034088,5
hybrid,fault_sustained,estimated_cloud_data_bytes_per_minute,max,430603.2356903317,5
hybrid,fault_sustained,estimated_sample_bytes,count,5,5
hybrid,fault_sustained,estimated_sample_bytes,mean,977.33,5
hybrid,fault_sustained,estimated_sample_bytes,median,977.33,5
hybrid,fault_sustained,estimated_sample_bytes,std,0.0,5
hybrid,fault_sustained,estimated_sample_bytes,p95,977.33,5
hybrid,fault_sustained,estimated_sample_bytes,min,977.33,5
hybrid,fault_sustained,estimated_sample_bytes,max,977.33,5
hybrid,fault_sustained,measurement_seconds,count,5,5
hybrid,fault_sustained,measurement_seconds,mean,299.74223198890684,5
hybrid,fault_sustained,measurement_seconds,median,299.6935839653015,5
hybrid,fault_sustained,measurement_seconds,std,0.19605483619677702,5
hybrid,fault_sustained,measurement_seconds,p95,299.9802661895752,5
hybrid,fault_sustained,measurement_seconds,min,299.5356230735779,5
hybrid,fault_sustained,measurement_seconds,max,300.0058259963989,5
hybrid,fault_sustained,normal_decisions,count,5,5
hybrid,fault_sustained,normal_decisions,mean,8.0,5
hybrid,fault_sustained,normal_decisions,median,8.0,5
hybrid,fault_sustained,normal_decisions,std,0.0,5
hybrid,fault_sustained,normal_decisions,p95,8.0,5
hybrid,fault_sustained,normal_decisions,min,8.0,5
hybrid,fault_sustained,normal_decisions,max,8.0,5
hybrid,fault_sustained,orchestrator_cpu_count,count,5,5
hybrid,fault_sustained,orchestrator_cpu_count,mean,31.6,5
hybrid,fault_sustained,orchestrator_cpu_count,median,32.0,5
hybrid,fault_sustained,orchestrator_cpu_count,std,0.5477225575051661,5
hybrid,fault_sustained,orchestrator_cpu_count,p95,32.0,5
hybrid,fault_sustained,orchestrator_cpu_count,min,31.0,5
hybrid,fault_sustained,orchestrator_cpu_count,max,32.0,5
hybrid,fault_sustained,orchestrator_cpu_max,count,5,5
hybrid,fault_sustained,orchestrator_cpu_max,mean,0.0,5
hybrid,fault_sustained,orchestrator_cpu_max,median,0.0,5
hybrid,fault_sustained,orchestrator_cpu_max,std,0.0,5
hybrid,fault_sustained,orchestrator_cpu_max,p95,0.0,5
hybrid,fault_sustained,orchestrator_cpu_max,min,0.0,5
hybrid,fault_sustained,orchestrator_cpu_max,max,0.0,5
hybrid,fault_sustained,orchestrator_cpu_mean,count,5,5
hybrid,fault_sustained,orchestrator_cpu_mean,mean,0.0,5
hybrid,fault_sustained,orchestrator_cpu_mean,median,0.0,5
hybrid,fault_sustained,orchestrator_cpu_mean,std,0.0,5
hybrid,fault_sustained,orchestrator_cpu_mean,p95,0.0,5
hybrid,fault_sustained,orchestrator_cpu_mean,min,0.0,5
hybrid,fault_sustained,orchestrator_cpu_mean,max,0.0,5
hybrid,fault_sustained,orchestrator_cpu_median,count,5,5
hybrid,fault_sustained,orchestrator_cpu_median,mean,0.0,5
hybrid,fault_sustained,orchestrator_cpu_median,median,0.0,5
hybrid,fault_sustained,orchestrator_cpu_median,std,0.0,5
hybrid,fault_sustained,orchestrator_cpu_median,p95,0.0,5
hybrid,fault_sustained,orchestrator_cpu_median,min,0.0,5
hybrid,fault_sustained,orchestrator_cpu_median,max,0.0,5
hybrid,fault_sustained,orchestrator_cpu_min,count,5,5
hybrid,fault_sustained,orchestrator_cpu_min,mean,0.0,5
hybrid,fault_sustained,orchestrator_cpu_min,median,0.0,5
hybrid,fault_sustained,orchestrator_cpu_min,std,0.0,5
hybrid,fault_sustained,orchestrator_cpu_min,p95,0.0,5
hybrid,fault_sustained,orchestrator_cpu_min,min,0.0,5
hybrid,fault_sustained,orchestrator_cpu_min,max,0.0,5
hybrid,fault_sustained,orchestrator_cpu_p95,count,5,5
hybrid,fault_sustained,orchestrator_cpu_p95,mean,0.0,5
hybrid,fault_sustained,orchestrator_cpu_p95,median,0.0,5
hybrid,fault_sustained,orchestrator_cpu_p95,std,0.0,5
hybrid,fault_sustained,orchestrator_cpu_p95,p95,0.0,5
hybrid,fault_sustained,orchestrator_cpu_p95,min,0.0,5
hybrid,fault_sustained,orchestrator_cpu_p95,max,0.0,5
hybrid,fault_sustained,orchestrator_cpu_std,count,5,5
hybrid,fault_sustained,orchestrator_cpu_std,mean,0.0,5
hybrid,fault_sustained,orchestrator_cpu_std,median,0.0,5
hybrid,fault_sustained,orchestrator_cpu_std,std,0.0,5
hybrid,fault_sustained,orchestrator_cpu_std,p95,0.0,5
hybrid,fault_sustained,orchestrator_cpu_std,min,0.0,5
hybrid,fault_sustained,orchestrator_cpu_std,max,0.0,5
hybrid,fault_sustained,orchestrator_memory_count,count,5,5
hybrid,fault_sustained,orchestrator_memory_count,mean,31.6,5
hybrid,fault_sustained,orchestrator_memory_count,median,32.0,5
hybrid,fault_sustained,orchestrator_memory_count,std,0.5477225575051661,5
hybrid,fault_sustained,orchestrator_memory_count,p95,32.0,5
hybrid,fault_sustained,orchestrator_memory_count,min,31.0,5
hybrid,fault_sustained,orchestrator_memory_count,max,32.0,5
hybrid,fault_sustained,orchestrator_memory_max,count,5,5
hybrid,fault_sustained,orchestrator_memory_max,mean,24412160.0,5
hybrid,fault_sustained,orchestrator_memory_max,median,23990272.0,5
hybrid,fault_sustained,orchestrator_memory_max,std,917938.1829818389,5
hybrid,fault_sustained,orchestrator_memory_max,p95,25661440.0,5
hybrid,fault_sustained,orchestrator_memory_max,min,23945216.0,5
hybrid,fault_sustained,orchestrator_memory_max,max,26050560.0,5
hybrid,fault_sustained,orchestrator_memory_mean,count,5,5
hybrid,fault_sustained,orchestrator_memory_mean,mean,23728885.26451613,5
hybrid,fault_sustained,orchestrator_memory_mean,median,23758720.0,5
hybrid,fault_sustained,orchestrator_memory_mean,std,166345.3705852433,5
hybrid,fault_sustained,orchestrator_memory_mean,p95,23859008.412903227,5
hybrid,fault_sustained,orchestrator_memory_mean,min,23447353.80645161,5
hybrid,fault_sustained,orchestrator_memory_mean,max,23863824.51612903,5
hybrid,fault_sustained,orchestrator_memory_median,count,5,5
hybrid,fault_sustained,orchestrator_memory_median,mean,23755161.6,5
hybrid,fault_sustained,orchestrator_memory_median,median,23752704.0,5
hybrid,fault_sustained,orchestrator_memory_median,std,61327.256556933964,5
hybrid,fault_sustained,orchestrator_memory_median,p95,23829299.2,5
hybrid,fault_sustained,orchestrator_memory_median,min,23674880.0,5
hybrid,fault_sustained,orchestrator_memory_median,max,23846912.0,5
hybrid,fault_sustained,orchestrator_memory_min,count,5,5
hybrid,fault_sustained,orchestrator_memory_min,mean,23332454.4,5
hybrid,fault_sustained,orchestrator_memory_min,median,23486464.0,5
hybrid,fault_sustained,orchestrator_memory_min,std,449941.4517787842,5
hybrid,fault_sustained,orchestrator_memory_min,p95,23617536.0,5
hybrid,fault_sustained,orchestrator_memory_min,min,22536192.0,5
hybrid,fault_sustained,orchestrator_memory_min,max,23642112.0,5
hybrid,fault_sustained,orchestrator_memory_p95,count,5,5
hybrid,fault_sustained,orchestrator_memory_p95,mean,23988469.759999998,5
hybrid,fault_sustained,orchestrator_memory_p95,median,23961190.4,5
hybrid,fault_sustained,orchestrator_memory_p95,std,59562.9033500552,5
hybrid,fault_sustained,orchestrator_memory_p95,p95,24053186.56,5
hybrid,fault_sustained,orchestrator_memory_p95,min,23930675.2,5
hybrid,fault_sustained,orchestrator_memory_p95,max,24053555.2,5
hybrid,fault_sustained,orchestrator_memory_std,count,5,5
hybrid,fault_sustained,orchestrator_memory_std,mean,265177.56218438625,5
hybrid,fault_sustained,orchestrator_memory_std,median,135613.63879264003,5
hybrid,fault_sustained,orchestrator_memory_std,std,190790.644283255,5
hybrid,fault_sustained,orchestrator_memory_std,p95,498031.4052953596,5
hybrid,fault_sustained,orchestrator_memory_std,min,118328.64891070234,5
hybrid,fault_sustained,orchestrator_memory_std,max,515939.7634823546,5
hybrid,fault_sustained,orchestrator_processing_ms_count,count,5,5
hybrid,fault_sustained,orchestrator_processing_ms_count,mean,31.6,5
hybrid,fault_sustained,orchestrator_processing_ms_count,median,32.0,5
hybrid,fault_sustained,orchestrator_processing_ms_count,std,0.5477225575051661,5
hybrid,fault_sustained,orchestrator_processing_ms_count,p95,32.0,5
hybrid,fault_sustained,orchestrator_processing_ms_count,min,31.0,5
hybrid,fault_sustained,orchestrator_processing_ms_count,max,32.0,5
hybrid,fault_sustained,orchestrator_processing_ms_max,count,5,5
hybrid,fault_sustained,orchestrator_processing_ms_max,mean,19.69895362854004,5
hybrid,fault_sustained,orchestrator_processing_ms_max,median,19.878625869750977,5
hybrid,fault_sustained,orchestrator_processing_ms_max,std,0.6602129157044767,5
hybrid,fault_sustained,orchestrator_processing_ms_max,p95,20.33405303955078,5
hybrid,fault_sustained,orchestrator_processing_ms_max,min,18.92399787902832,5
hybrid,fault_sustained,orchestrator_processing_ms_max,max,20.354747772216797,5
hybrid,fault_sustained,orchestrator_processing_ms_mean,count,5,5
hybrid,fault_sustained,orchestrator_processing_ms_mean,mean,12.30214185291721,5
hybrid,fault_sustained,orchestrator_processing_ms_mean,median,12.289954769995905,5
hybrid,fault_sustained,orchestrator_processing_ms_mean,std,0.18320408738829524,5
hybrid,fault_sustained,orchestrator_processing_ms_mean,p95,12.498865781291839,5
hybrid,fault_sustained,orchestrator_processing_ms_mean,min,12.02952116727829,5
hybrid,fault_sustained,orchestrator_processing_ms_mean,max,12.52361387014389,5
hybrid,fault_sustained,orchestrator_processing_ms_median,count,5,5
hybrid,fault_sustained,orchestrator_processing_ms_median,mean,16.325879096984863,5
hybrid,fault_sustained,orchestrator_processing_ms_median,median,16.259193420410156,5
hybrid,fault_sustained,orchestrator_processing_ms_median,std,0.10978624162278226,5
hybrid,fault_sustained,orchestrator_processing_ms_median,p95,16.457223892211914,5
hybrid,fault_sustained,orchestrator_processing_ms_median,min,16.22939109802246,5
hybrid,fault_sustained,orchestrator_processing_ms_median,max,16.46578311920166,5
hybrid,fault_sustained,orchestrator_processing_ms_min,count,5,5
hybrid,fault_sustained,orchestrator_processing_ms_min,mean,0.07519721984863281,5
hybrid,fault_sustained,orchestrator_processing_ms_min,median,0.07605552673339844,5
hybrid,fault_sustained,orchestrator_processing_ms_min,std,0.007924683536736385,5
hybrid,fault_sustained,orchestrator_processing_ms_min,p95,0.08287429809570312,5
hybrid,fault_sustained,orchestrator_processing_ms_min,min,0.062465667724609375,5
hybrid,fault_sustained,orchestrator_processing_ms_min,max,0.08392333984375,5
hybrid,fault_sustained,orchestrator_processing_ms_p95,count,5,5
hybrid,fault_sustained,orchestrator_processing_ms_p95,mean,18.213107585906982,5
hybrid,fault_sustained,orchestrator_processing_ms_p95,median,18.008708953857422,5
hybrid,fault_sustained,orchestrator_processing_ms_p95,std,0.901284571074852,5
hybrid,fault_sustained,orchestrator_processing_ms_p95,p95,19.13536310195923,5
hybrid,fault_sustained,orchestrator_processing_ms_p95,min,17.088186740875244,5
hybrid,fault_sustained,orchestrator_processing_ms_p95,max,19.13822889328003,5
hybrid,fault_sustained,orchestrator_processing_ms_std,count,5,5
hybrid,fault_sustained,orchestrator_processing_ms_std,mean,7.430625261993196,5
hybrid,fault_sustained,orchestrator_processing_ms_std,median,7.4297514484772345,5
hybrid,fault_sustained,orchestrator_processing_ms_std,std,0.16610922073015935,5
hybrid,fault_sustained,orchestrator_processing_ms_std,p95,7.639650499333856,5
hybrid,fault_sustained,orchestrator_processing_ms_std,min,7.2364799434966995,5
hybrid,fault_sustained,orchestrator_processing_ms_std,max,7.692040467948581,5
hybrid,fault_sustained,sensor-generator_cpu_count,count,5,5
hybrid,fault_sustained,sensor-generator_cpu_count,mean,66.0,5
hybrid,fault_sustained,sensor-generator_cpu_count,median,66.0,5
hybrid,fault_sustained,sensor-generator_cpu_count,std,0.0,5
hybrid,fault_sustained,sensor-generator_cpu_count,p95,66.0,5
hybrid,fault_sustained,sensor-generator_cpu_count,min,66.0,5
hybrid,fault_sustained,sensor-generator_cpu_count,max,66.0,5
hybrid,fault_sustained,sensor-generator_cpu_max,count,5,5
hybrid,fault_sustained,sensor-generator_cpu_max,mean,89.7504,5
hybrid,fault_sustained,sensor-generator_cpu_max,median,91.092,5
hybrid,fault_sustained,sensor-generator_cpu_max,std,3.6831203211407604,5
hybrid,fault_sustained,sensor-generator_cpu_max,p95,92.8322,5
hybrid,fault_sustained,sensor-generator_cpu_max,min,83.82,5
hybrid,fault_sustained,sensor-generator_cpu_max,max,93.012,5
hybrid,fault_sustained,sensor-generator_cpu_mean,count,5,5
hybrid,fault_sustained,sensor-generator_cpu_mean,mean,14.48171818181818,5
hybrid,fault_sustained,sensor-generator_cpu_mean,median,16.43230303030303,5
hybrid,fault_sustained,sensor-generator_cpu_mean,std,6.983162071392527,5
hybrid,fault_sustained,sensor-generator_cpu_mean,p95,19.71310606060606,5
hybrid,fault_sustained,sensor-generator_cpu_mean,min,2.6286060606060606,5
hybrid,fault_sustained,sensor-generator_cpu_mean,max,19.850787878787877,5
hybrid,fault_sustained,sensor-generator_cpu_median,count,5,5
hybrid,fault_sustained,sensor-generator_cpu_median,mean,1.318,5
hybrid,fault_sustained,sensor-generator_cpu_median,median,1.311,5
hybrid,fault_sustained,sensor-generator_cpu_median,std,0.026739483914241934,5
hybrid,fault_sustained,sensor-generator_cpu_median,p95,1.3478,5
hybrid,fault_sustained,sensor-generator_cpu_median,min,1.283,5
hybrid,fault_sustained,sensor-generator_cpu_median,max,1.35,5
hybrid,fault_sustained,sensor-generator_cpu_min,count,5,5
hybrid,fault_sustained,sensor-generator_cpu_min,mean,0.49520000000000003,5
hybrid,fault_sustained,sensor-generator_cpu_min,median,0.757,5
hybrid,fault_sustained,sensor-generator_cpu_min,std,0.3786887904335168,5
hybrid,fault_sustained,sensor-generator_cpu_min,p95,0.7814,5
hybrid,fault_sustained,sensor-generator_cpu_min,min,0.078,5
hybrid,fault_sustained,sensor-generator_cpu_min,max,0.783,5
hybrid,fault_sustained,sensor-generator_cpu_p95,count,5,5
hybrid,fault_sustained,sensor-generator_cpu_p95,mean,66.9194,5
hybrid,fault_sustained,sensor-generator_cpu_p95,median,82.17075,5
hybrid,fault_sustained,sensor-generator_cpu_p95,std,36.65826416145819,5
hybrid,fault_sustained,sensor-generator_cpu_p95,p95,85.5868,5
hybrid,fault_sustained,sensor-generator_cpu_p95,min,1.4185,5
hybrid,fault_sustained,sensor-generator_cpu_p95,max,86.2015,5
hybrid,fault_sustained,sensor-generator_cpu_std,count,5,5
hybrid,fault_sustained,sensor-generator_cpu_std,mean,26.32624629215791,5
hybrid,fault_sustained,sensor-generator_cpu_std,median,28.453676508679965,5
hybrid,fault_sustained,sensor-generator_cpu_std,std,9.227026218637672,5
hybrid,fault_sustained,sensor-generator_cpu_std,p95,32.74303703814599,5
hybrid,fault_sustained,sensor-generator_cpu_std,min,10.233976489921714,5
hybrid,fault_sustained,sensor-generator_cpu_std,max,33.007316239569185,5
hybrid,fault_sustained,sensor-generator_memory_count,count,5,5
hybrid,fault_sustained,sensor-generator_memory_count,mean,66.0,5
hybrid,fault_sustained,sensor-generator_memory_count,median,66.0,5
hybrid,fault_sustained,sensor-generator_memory_count,std,0.0,5
hybrid,fault_sustained,sensor-generator_memory_count,p95,66.0,5
hybrid,fault_sustained,sensor-generator_memory_count,min,66.0,5
hybrid,fault_sustained,sensor-generator_memory_count,max,66.0,5
hybrid,fault_sustained,sensor-generator_memory_max,count,5,5
hybrid,fault_sustained,sensor-generator_memory_max,mean,157764812.8,5
hybrid,fault_sustained,sensor-generator_memory_max,median,157413376.0,5
hybrid,fault_sustained,sensor-generator_memory_max,std,1017517.632289092,5
hybrid,fault_sustained,sensor-generator_memory_max,p95,158992793.6,5
hybrid,fault_sustained,sensor-generator_memory_max,min,156786688.0,5
hybrid,fault_sustained,sensor-generator_memory_max,max,159100928.0,5
hybrid,fault_sustained,sensor-generator_memory_mean,count,5,5
hybrid,fault_sustained,sensor-generator_memory_mean,mean,156681817.9878788,5
hybrid,fault_sustained,sensor-generator_memory_mean,median,156792521.6969697,5
hybrid,fault_sustained,sensor-generator_memory_mean,std,348826.4152640909,5
hybrid,fault_sustained,sensor-generator_memory_mean,p95,156955257.01818183,5
hybrid,fault_sustained,sensor-generator_memory_mean,min,156082176.0,5
hybrid,fault_sustained,sensor-generator_memory_mean,max,156992853.33333334,5
hybrid,fault_sustained,sensor-generator_memory_median,count,5,5
hybrid,fault_sustained,sensor-generator_memory_median,mean,156681011.2,5
hybrid,fault_sustained,sensor-generator_memory_median,median,156766208.0,5
hybrid,fault_sustained,sensor-generator_memory_median,std,336640.9928502469,5
hybrid,fault_sustained,sensor-generator_memory_median,p95,156963225.6,5
hybrid,fault_sustained,sensor-generator_memory_median,min,156110848.0,5
hybrid,fault_sustained,sensor-generator_memory_median,max,157009920.0,5
hybrid,fault_sustained,sensor-generator_memory_min,count,5,5
hybrid,fault_sustained,sensor-generator_memory_min,mean,156327936.0,5
hybrid,fault_sustained,sensor-generator_memory_min,median,156516352.0,5
hybrid,fault_sustained,sensor-generator_memory_min,std,468298.3866553461,5
hybrid,fault_sustained,sensor-generator_memory_min,p95,156580249.6,5
hybrid,fault_sustained,sensor-generator_memory_min,min,155492352.0,5
hybrid,fault_sustained,sensor-generator_memory_min,max,156594176.0,5
hybrid,fault_sustained,sensor-generator_memory_p95,count,5,5
hybrid,fault_sustained,sensor-generator_memory_p95,mean,156923904.0,5
hybrid,fault_sustained,sensor-generator_memory_p95,median,156909568.0,5
hybrid,fault_sustained,sensor-generator_memory_p95,std,299359.35521042265,5
hybrid,fault_sustained,sensor-generator_memory_p95,p95,157270630.4,5
hybrid,fault_sustained,sensor-generator_memory_p95,min,156505088.0,5
hybrid,fault_sustained,sensor-generator_memory_p95,max,157349888.0,5
hybrid,fault_sustained,sensor-generator_memory_std,count,5,5
hybrid,fault_sustained,sensor-generator_memory_std,mean,242909.8119422797,5
hybrid,fault_sustained,sensor-generator_memory_std,median,248123.33001504093,5
hybrid,fault_sustained,sensor-generator_memory_std,std,76918.5794333919,5
hybrid,fault_sustained,sensor-generator_memory_std,p95,306035.1621507036,5
hybrid,fault_sustained,sensor-generator_memory_std,min,116612.97812458262,5
hybrid,fault_sustained,sensor-generator_memory_std,max,306827.983976991,5
hybrid,fault_sustained,sensor-generator_processing_ms_count,count,5,5
hybrid,fault_sustained,sensor-generator_processing_ms_count,mean,66.0,5
hybrid,fault_sustained,sensor-generator_processing_ms_count,median,66.0,5
hybrid,fault_sustained,sensor-generator_processing_ms_count,std,0.0,5
hybrid,fault_sustained,sensor-generator_processing_ms_count,p95,66.0,5
hybrid,fault_sustained,sensor-generator_processing_ms_count,min,66.0,5
hybrid,fault_sustained,sensor-generator_processing_ms_count,max,66.0,5
hybrid,fault_sustained,sensor-generator_processing_ms_max,count,5,5
hybrid,fault_sustained,sensor-generator_processing_ms_max,mean,0.06356239318847656,5
hybrid,fault_sustained,sensor-generator_processing_ms_max,median,0.06461143493652344,5
hybrid,fault_sustained,sensor-generator_processing_ms_max,std,0.026359327794185393,5
hybrid,fault_sustained,sensor-generator_processing_ms_max,p95,0.09369850158691406,5
hybrid,fault_sustained,sensor-generator_processing_ms_max,min,0.028133392333984375,5
hybrid,fault_sustained,sensor-generator_processing_ms_max,max,0.09799003601074219,5
hybrid,fault_sustained,sensor-generator_processing_ms_mean,count,5,5
hybrid,fault_sustained,sensor-generator_processing_ms_mean,mean,0.017822872508655895,5
hybrid,fault_sustained,sensor-generator_processing_ms_mean,median,0.01723477334687204,5
hybrid,fault_sustained,sensor-generator_processing_ms_mean,std,0.0016514437899364813,5
hybrid,fault_sustained,sensor-generator_processing_ms_mean,p95,0.019756952921549477,5
hybrid,fault_sustained,sensor-generator_processing_ms_mean,min,0.01635334708473899,5
hybrid,fault_sustained,sensor-generator_processing_ms_mean,max,0.019879052133271187,5
hybrid,fault_sustained,sensor-generator_processing_ms_median,count,5,5
hybrid,fault_sustained,sensor-generator_processing_ms_median,mean,0.018453598022460938,5
hybrid,fault_sustained,sensor-generator_processing_ms_median,median,0.018477439880371094,5
hybrid,fault_sustained,sensor-generator_processing_ms_median,std,0.0002846082779482203,5
hybrid,fault_sustained,sensor-generator_processing_ms_median,p95,0.018787384033203125,5
hybrid,fault_sustained,sensor-generator_processing_ms_median,min,0.01811981201171875,5
hybrid,fault_sustained,sensor-generator_processing_ms_median,max,0.018835067749023438,5
hybrid,fault_sustained,sensor-generator_processing_ms_min,count,5,5
hybrid,fault_sustained,sensor-generator_processing_ms_min,mean,0.0071048736572265625,5
hybrid,fault_sustained,sensor-generator_processing_ms_min,median,0.007152557373046875,5
hybrid,fault_sustained,sensor-generator_processing_ms_min,std,0.00019947529471732987,5
hybrid,fault_sustained,sensor-generator_processing_ms_min,p95,0.007343292236328125,5
hybrid,fault_sustained,sensor-generator_processing_ms_min,min,0.0069141387939453125,5
hybrid,fault_sustained,sensor-generator_processing_ms_min,max,0.0073909759521484375,5
hybrid,fault_sustained,sensor-generator_processing_ms_p95,count,5,5
hybrid,fault_sustained,sensor-generator_processing_ms_p95,mean,0.026035308837890625,5
hybrid,fault_sustained,sensor-generator_processing_ms_p95,median,0.02384185791015625,5
hybrid,fault_sustained,sensor-generator_processing_ms_p95,std,0.007667414175762716,5
hybrid,fault_sustained,sensor-generator_processing_ms_p95,p95,0.036454200744628906,5
hybrid,fault_sustained,sensor-generator_processing_ms_p95,min,0.020802021026611328,5
hybrid,fault_sustained,sensor-generator_processing_ms_p95,max,0.039517879486083984,5
hybrid,fault_sustained,sensor-generator_processing_ms_std,count,5,5
hybrid,fault_sustained,sensor-generator_processing_ms_std,mean,0.00820942193104996,5
hybrid,fault_sustained,sensor-generator_processing_ms_std,median,0.007813995392692157,5
hybrid,fault_sustained,sensor-generator_processing_ms_std,std,0.003550471930410685,5
hybrid,fault_sustained,sensor-generator_processing_ms_std,p95,0.012725258038032638,5
hybrid,fault_sustained,sensor-generator_processing_ms_std,min,0.004786477028122495,5
hybrid,fault_sustained,sensor-generator_processing_ms_std,max,0.013488791732011425,5
hybrid,fault_sustained,uncertain_decisions,count,5,5
hybrid,fault_sustained,uncertain_decisions,mean,0.2,5
hybrid,fault_sustained,uncertain_decisions,median,0.0,5
hybrid,fault_sustained,uncertain_decisions,std,0.4472135954999579,5
hybrid,fault_sustained,uncertain_decisions,p95,0.7999999999999998,5
hybrid,fault_sustained,uncertain_decisions,min,0.0,5
hybrid,fault_sustained,uncertain_decisions,max,1.0,5
