deployment_mode,scenario,metric,statistic,value,run_count
cloud_only,fault_alternate,anomaly_events,count,5,5
cloud_only,fault_alternate,anomaly_events,mean,1317.4,5
cloud_only,fault_alternate,anomaly_events,median,1619.0,5
cloud_only,fault_alternate,anomaly_events,std,682.7959431631093,5
cloud_only,fault_alternate,anomaly_events,p95,1628.0,5
cloud_only,fault_alternate,anomaly_events,min,96.0,5
cloud_only,fault_alternate,anomaly_events,max,1629.0,5
cloud_only,fault_alternate,anomaly_ratio_count,count,5,5
cloud_only,fault_alternate,anomaly_ratio_count,mean,27.0,5
cloud_only,fault_alternate,anomaly_ratio_count,median,31.0,5
cloud_only,fault_alternate,anomaly_ratio_count,std,10.074720839804943,5
cloud_only,fault_alternate,anomaly_ratio_count,p95,32.0,5
cloud_only,fault_alternate,anomaly_ratio_count,min,9.0,5
cloud_only,fault_alternate,anomaly_ratio_count,max,32.0,5
cloud_only,fault_alternate,anomaly_ratio_max,count,5,5
cloud_only,fault_alternate,anomaly_ratio_max,mean,0.99,5
cloud_only,fault_alternate,anomaly_ratio_max,median,1.0,5
cloud_only,fault_alternate,anomaly_ratio_max,std,0.022360679774997918,5
cloud_only,fault_alternate,anomaly_ratio_max,p95,1.0,5
cloud_only,fault_alternate,anomaly_ratio_max,min,0.95,5
cloud_only,fault_alternate,anomaly_ratio_max,max,1.0,5
cloud_only,fault_alternate,anomaly_ratio_mean,count,5,5
cloud_only,fault_alternate,anomaly_ratio_mean,mean,0.4240002240143369,5
cloud_only,fault_alternate,anomaly_ratio_mean,median,0.5015625,5
cloud_only,fault_alternate,anomaly_ratio_mean,std,0.17806272978271895,5
cloud_only,fault_alternate,anomaly_ratio_mean,p95,0.5088387096774193,5
cloud_only,fault_alternate,anomaly_ratio_mean,min,0.10555555555555556,5
cloud_only,fault_alternate,anomaly_ratio_mean,max,0.5106451612903226,5
cloud_only,fault_alternate,anomaly_ratio_median,count,5,5
cloud_only,fault_alternate,anomaly_ratio_median,mean,0.5790000000000001,5
cloud_only,fault_alternate,anomaly_ratio_median,median,0.6950000000000001,5
cloud_only,fault_alternate,anomaly_ratio_median,std,0.326427633634164,5
cloud_only,fault_alternate,anomaly_ratio_median,p95,0.768,5
cloud_only,fault_alternate,anomaly_ratio_median,min,0.0,5
cloud_only,fault_alternate,anomaly_ratio_median,max,0.77,5
cloud_only,fault_alternate,anomaly_ratio_min,count,5,5
cloud_only,fault_alternate,anomaly_ratio_min,mean,0.0,5
cloud_only,fault_alternate,anomaly_ratio_min,median,0.0,5
cloud_only,fault_alternate,anomaly_ratio_min,std,0.0,5
cloud_only,fault_alternate,anomaly_ratio_min,p95,0.0,5
cloud_only,fault_alternate,anomaly_ratio_min,min,0.0,5
cloud_only,fault_alternate,anomaly_ratio_min,max,0.0,5
cloud_only,fault_alternate,anomaly_ratio_p95,count,5,5
cloud_only,fault_alternate,anomaly_ratio_p95,mean,0.9057999999999999,5
cloud_only,fault_alternate,anomaly_ratio_p95,median,0.9844999999999999,5
cloud_only,fault_alternate,anomaly_ratio_p95,std,0.18779130704055516,5
cloud_only,fault_alternate,anomaly_ratio_p95,p95,0.995,5
cloud_only,fault_alternate,anomaly_ratio_p95,min,0.5699999999999996,5
cloud_only,fault_alternate,anomaly_ratio_p95,max,0.995,5
cloud_only,fault_alternate,anomaly_ratio_std,count,5,5
cloud_only,fault_alternate,anomaly_ratio_std,mean,0.424490272965601,5
cloud_only,fault_alternate,anomaly_ratio_std,median,0.449501067493081,5
cloud_only,fault_alternate,anomaly_ratio_std,std,0.060474051389264316,5
cloud_only,fault_alternate,anomaly_ratio_std,p95,0.4577081895442043,5
cloud_only,fault_alternate,anomaly_ratio_std,min,0.31666666666666665,5
cloud_only,fault_alternate,anomaly_ratio_std,max,0.4595947256311336,5
cloud_only,fault_alternate,classifier_cpu_count,count,5,5
cloud_only,fault_alternate,classifier_cpu_count,mean,133.4,5
cloud_only,fault_alternate,classifier_cpu_count,median,156.0,5
cloud_only,fault_alternate,classifier_cpu_count,std,50.53513629149525,5
cloud_only,fault_alternate,classifier_cpu_count,p95,156.0,5
cloud_only,fault_alternate,classifier_cpu_count,min,43.0,5
cloud_only,fault_alternate,classifier_cpu_count,max,156.0,5
cloud_only,fault_alternate,classifier_cpu_max,count,5,5
cloud_only,fault_alternate,classifier_cpu_max,mean,2.1612194772504507,5
cloud_only,fault_alternate,classifier_cpu_max,median,2.0956142050467816,5
cloud_only,fault_alternate,classifier_cpu_max,std,0.2938780225802432,5
cloud_only,fault_alternate,classifier_cpu_max,p95,2.474149934331049,5
cloud_only,fault_alternate,classifier_cpu_max,min,1.859999501995015,5
cloud_only,fault_alternate,classifier_cpu_max,max,2.4779083266461996,5
cloud_only,fault_alternate,classifier_cpu_mean,count,5,5
cloud_only,fault_alternate,classifier_cpu_mean,mean,0.46792813285274293,5
cloud_only,fault_alternate,classifier_cpu_mean,median,0.46839477657417566,5
cloud_only,fault_alternate,classifier_cpu_mean,std,0.007153589307660347,5
cloud_only,fault_alternate,classifier_cpu_mean,p95,0.4747705100538018,5
cloud_only,fault_alternate,classifier_cpu_mean,min,0.45680093265361993,5
cloud_only,fault_alternate,classifier_cpu_mean,max,0.4752416232958113,5
cloud_only,fault_alternate,classifier_cpu_median,count,5,5
cloud_only,fault_alternate,classifier_cpu_median,mean,0.09584372968840563,5
cloud_only,fault_alternate,classifier_cpu_median,median,0.09531580569581674,5
cloud_only,fault_alternate,classifier_cpu_median,std,0.0012046860561544873,5
cloud_only,fault_alternate,classifier_cpu_median,p95,0.09722357242464066,5
cloud_only,fault_alternate,classifier_cpu_median,min,0.09453032568321265,5
cloud_only,fault_alternate,classifier_cpu_median,max,0.0972947710924019,5
cloud_only,fault_alternate,classifier_cpu_min,count,5,5
cloud_only,fault_alternate,classifier_cpu_min,mean,0.07763351159366311,5
cloud_only,fault_alternate,classifier_cpu_min,median,0.07641218836263207,5
cloud_only,fault_alternate,classifier_cpu_min,std,0.003319457110578965,5
cloud_only,fault_alternate,classifier_cpu_min,p95,0.0821191927454422,5
cloud_only,fault_alternate,classifier_cpu_min,min,0.07454440417415527,5
cloud_only,fault_alternate,classifier_cpu_min,max,0.08313871616874026,5
cloud_only,fault_alternate,classifier_cpu_p95,count,5,5
cloud_only,fault_alternate,classifier_cpu_p95,mean,1.9021522623629765,5
cloud_only,fault_alternate,classifier_cpu_p95,median,1.8413899315551214,5
cloud_only,fault_alternate,classifier_cpu_p95,std,0.13895352466584132,5
cloud_only,fault_alternate,classifier_cpu_p95,p95,2.0899358379144544,5
cloud_only,fault_alternate,classifier_cpu_p95,min,1.8325412242848689,5
cloud_only,fault_alternate,classifier_cpu_p95,max,2.1505330265082883,5
cloud_only,fault_alternate,classifier_cpu_std,count,5,5
cloud_only,fault_alternate,classifier_cpu_std,mean,0.7094084424772998,5
cloud_only,fault_alternate,classifier_cpu_std,median,0.6947198396829716,5
cloud_only,fault_alternate,classifier_cpu_std,std,0.03761043074836849,5
cloud_only,fault_alternate,classifier_cpu_std,p95,0.7605718138326807,5
cloud_only,fault_alternate,classifier_cpu_std,min,0.6773478281660167,5
cloud_only,fault_alternate,classifier_cpu_std,max,0.7717404559132048,5
cloud_only,fault_alternate,classifier_memory_count,count,5,5
cloud_only,fault_alternate,classifier_memory_count,mean,134.4,5
cloud_only,fault_alternate,classifier_memory_count,median,157.0,5
cloud_only,fault_alternate,classifier_memory_count,std,50.53513629149525,5
cloud_only,fault_alternate,classifier_memory_count,p95,157.0,5
cloud_only,fault_alternate,classifier_memory_count,min,44.0,5
cloud_only,fault_alternate,classifier_memory_count,max,157.0,5
cloud_only,fault_alternate,classifier_memory_max,count,5,5
cloud_only,fault_alternate,classifier_memory_max,mean,258191360.0,5
cloud_only,fault_alternate,classifier_memory_max,median,260108288.0,5
cloud_only,fault_alternate,classifier_memory_max,std,5516071.961613264,5
cloud_only,fault_alternate,classifier_memory_max,p95,261313331.2,5
cloud_only,fault_alternate,classifier_memory_max,min,248393728.0,5
cloud_only,fault_alternate,classifier_memory_max,max,261328896.0,5
cloud_only,fault_alternate,classifier_memory_mean,count,5,5
cloud_only,fault_alternate,classifier_memory_mean,mean,257491843.83925882,5
cloud_only,fault_alternate,classifier_memory_mean,median,259851674.9044586,5
cloud_only,fault_alternate,classifier_memory_mean,std,5199288.336232568,5
cloud_only,fault_alternate,classifier_memory_mean,p95,259871607.03184712,5
cloud_only,fault_alternate,classifier_memory_mean,min,248192279.27272728,5
cloud_only,fault_alternate,classifier_memory_mean,max,259871737.477707,5
cloud_only,fault_alternate,classifier_memory_median,count,5,5
cloud_only,fault_alternate,classifier_memory_median,mean,257475379.2,5
cloud_only,fault_alternate,classifier_memory_median,median,259842048.0,5
cloud_only,fault_alternate,classifier_memory_median,std,5200994.608712761,5
cloud_only,fault_alternate,classifier_memory_median,p95,259848601.6,5
cloud_only,fault_alternate,classifier_memory_median,min,248172544.0,5
cloud_only,fault_alternate,classifier_memory_median,max,259850240.0,5
cloud_only,fault_alternate,classifier_memory_min,count,5,5
cloud_only,fault_alternate,classifier_memory_min,mean,257237811.2,5
cloud_only,fault_alternate,classifier_memory_min,median,259584000.0,5
cloud_only,fault_alternate,classifier_memory_min,std,5174090.643645432,5
cloud_only,fault_alternate,classifier_memory_min,p95,259628236.8,5
cloud_only,fault_alternate,classifier_memory_min,min,247984128.0,5
cloud_only,fault_alternate,classifier_memory_min,max,259629056.0,5
cloud_only,fault_alternate,classifier_memory_p95,count,5,5
cloud_only,fault_alternate,classifier_memory_p95,mean,257684111.36,5
cloud_only,fault_alternate,classifier_memory_p95,median,260055040.0,5
cloud_only,fault_alternate,classifier_memory_p95,std,5203513.69330921,5
cloud_only,fault_alternate,classifier_memory_p95,p95,260071260.16,5
cloud_only,fault_alternate,classifier_memory_p95,min,248377344.0,5
cloud_only,fault_alternate,classifier_memory_p95,max,260071424.0,5
cloud_only,fault_alternate,classifier_memory_std,count,5,5
cloud_only,fault_alternate,classifier_memory_std,mean,130153.43793738955,5
cloud_only,fault_alternate,classifier_memory_std,median,125067.27571896983,5
cloud_only,fault_alternate,classifier_memory_std,std,29221.602319149173,5
cloud_only,fault_alternate,classifier_memory_std,p95,165045.38573358208,5
cloud_only,fault_alternate,classifier_memory_std,min,100723.67627371973,5
cloud_only,fault_alternate,classifier_memory_std,max,168546.38731045966,5
cloud_only,fault_alternate,cloud_escalations,count,5,5
cloud_only,fault_alternate,cloud_escalations,mean,14.2,5
cloud_only,fault_alternate,cloud_escalations,median,17.0,5
cloud_only,fault_alternate,cloud_escalations,std,7.395944834840238,5
cloud_only,fault_alternate,cloud_escalations,p95,18.0,5
cloud_only,fault_alternate,cloud_escalations,min,1.0,5
cloud_only,fault_alternate,cloud_escalations,max,18.0,5
cloud_only,fault_alternate,detection_latency_ms_count,count,5,5
cloud_only,fault_alternate,detection_latency_ms_count,mean,1317.4,5
cloud_only,fault_alternate,detection_latency_ms_count,median,1619.0,5
cloud_only,fault_alternate,detection_latency_ms_count,std,682.7959431631093,5
cloud_only,fault_alternate,detection_latency_ms_count,p95,1628.0,5
cloud_only,fault_alternate,detection_latency_ms_count,min,96.0,5
cloud_only,fault_alternate,detection_latency_ms_count,max,1629.0,5
cloud_only,fault_alternate,detection_latency_ms_max,count,5,5
cloud_only,fault_alternate,detection_latency_ms_max,mean,17.202138900756836,5
cloud_only,fault_alternate,detection_latency_ms_max,median,16.901016235351562,5
cloud_only,fault_alternate,detection_latency_ms_max,std,11.022789891150744,5
cloud_only,fault_alternate,detection_latency_ms_max,p95,31.15363121032715,5
cloud_only,fault_alternate,detection_latency_ms_max,min,4.873514175415039,5
cloud_only,fault_alternate,detection_latency_ms_max,max,34.006595611572266,5
cloud_only,fault_alternate,detection_latency_ms_mean,count,5,5
cloud_only,fault_alternate,detection_latency_ms_mean,mean,3.4327786065296535,5
cloud_only,fault_alternate,detection_latency_ms_mean,median,3.4265253278944225,5
cloud_only,fault_alternate,detection_latency_ms_mean,std,0.012168211565565053,5
cloud_only,fault_alternate,detection_latency_ms_mean,p95,3.4485124820098974,5
cloud_only,fault_alternate,detection_latency_ms_mean,min,3.4211724996566772,5
cloud_only,fault_alternate,detection_latency_ms_mean,max,3.4507183913760455,5
cloud_only,fault_alternate,detection_latency_ms_median,count,5,5
cloud_only,fault_alternate,detection_latency_ms_median,mean,3.3553361892700195,5
cloud_only,fault_alternate,detection_latency_ms_median,median,3.3516883850097656,5
cloud_only,fault_alternate,detection_latency_ms_median,std,0.02619644141636182,5
cloud_only,fault_alternate,detection_latency_ms_median,p95,3.385591506958008,5
cloud_only,fault_alternate,detection_latency_ms_median,min,3.324747085571289,5
cloud_only,fault_alternate,detection_latency_ms_median,max,3.3882856369018555,5
cloud_only,fault_alternate,detection_latency_ms_min,count,5,5
cloud_only,fault_alternate,detection_latency_ms_min,mean,2.926301956176758,5
cloud_only,fault_alternate,detection_latency_ms_min,median,2.92205810546875,5
cloud_only,fault_alternate,detection_latency_ms_min,std,0.10139048270337399,5
cloud_only,fault_alternate,detection_latency_ms_min,p95,3.048992156982422,5
cloud_only,fault_alternate,detection_latency_ms_min,min,2.8018951416015625,5
cloud_only,fault_alternate,detection_latency_ms_min,max,3.0684471130371094,5
cloud_only,fault_alternate,detection_latency_ms_p95,count,5,5
cloud_only,fault_alternate,detection_latency_ms_p95,mean,3.837356567382812,5
cloud_only,fault_alternate,detection_latency_ms_p95,median,3.8089275360107417,5
cloud_only,fault_alternate,detection_latency_ms_p95,std,0.1293842573766812,5
cloud_only,fault_alternate,detection_latency_ms_p95,p95,4.007067680358885,5
cloud_only,fault_alternate,detection_latency_ms_p95,min,3.7105679512023926,5
cloud_only,fault_alternate,detection_latency_ms_p95,max,4.056453704833983,5
cloud_only,fault_alternate,detection_latency_ms_std,count,5,5
cloud_only,fault_alternate,detection_latency_ms_std,mean,0.5634282312599909,5
cloud_only,fault_alternate,detection_latency_ms_std,median,0.5133872680206963,5
cloud_only,fault_alternate,detection_latency_ms_std,std,0.2825773089231076,5
cloud_only,fault_alternate,detection_latency_ms_std,p95,0.8781769991744257,5
cloud_only,fault_alternate,detection_latency_ms_std,min,0.22670972836850514,5
cloud_only,fault_alternate,detection_latency_ms_std,max,0.8969111390321287,5
cloud_only,fault_alternate,detector_cpu_count,count,5,5
cloud_only,fault_alternate,detector_cpu_count,mean,133.8,5
cloud_only,fault_alternate,detector_cpu_count,median,156.0,5
cloud_only,fault_alternate,detector_cpu_count,std,50.76120565944036,5
cloud_only,fault_alternate,detector_cpu_count,p95,157.0,5
cloud_only,fault_alternate,detector_cpu_count,min,43.0,5
cloud_only,fault_alternate,detector_cpu_count,max,157.0,5
cloud_only,fault_alternate,detector_cpu_max,count,5,5
cloud_only,fault_alternate,detector_cpu_max,mean,2.797849186812453,5
cloud_only,fault_alternate,detector_cpu_max,median,2.58807930853315,5
cloud_only,fault_alternate,detector_cpu_max,std,0.7231096361509473,5
cloud_only,fault_alternate,detector_cpu_max,p95,3.7764761772673117,5
cloud_only,fault_alternate,detector_cpu_max,min,2.295809590170493,5
cloud_only,fault_alternate,detector_cpu_max,max,4.072905766382678,5
cloud_only,fault_alternate,detector_cpu_mean,count,5,5
cloud_only,fault_alternate,detector_cpu_mean,mean,1.5997620367869103,5
cloud_only,fault_alternate,detector_cpu_mean,median,1.630039697550576,5
cloud_only,fault_alternate,detector_cpu_mean,std,0.09122652816747587,5
cloud_only,fault_alternate,detector_cpu_mean,p95,1.6598477885494418,5
cloud_only,fault_alternate,detector_cpu_mean,min,1.4395996308382404,5
cloud_only,fault_alternate,detector_cpu_mean,max,1.6623563332363485,5
cloud_only,fault_alternate,detector_cpu_median,count,5,5
cloud_only,fault_alternate,detector_cpu_median,mean,1.5440101340357308,5
cloud_only,fault_alternate,detector_cpu_median,median,1.5976869837126182,5
cloud_only,fault_alternate,detector_cpu_median,std,0.12497395672380793,5
cloud_only,fault_alternate,detector_cpu_median,p95,1.6031964018109,5
cloud_only,fault_alternate,detector_cpu_median,min,1.3205234348264479,5
cloud_only,fault_alternate,detector_cpu_median,max,1.603320648774587,5
cloud_only,fault_alternate,detector_cpu_min,count,5,5
cloud_only,fault_alternate,detector_cpu_min,mean,0.8525004903945125,5
cloud_only,fault_alternate,detector_cpu_min,median,0.9514368292117424,5
cloud_only,fault_alternate,detector_cpu_min,std,0.4605923702623784,5
cloud_only,fault_alternate,detector_cpu_min,p95,1.232169825695447,5
cloud_only,fault_alternate,detector_cpu_min,min,0.11029188046863274,5
cloud_only,fault_alternate,detector_cpu_min,max,1.2370328263429495,5
cloud_only,fault_alternate,detector_cpu_p95,count,5,5
cloud_only,fault_alternate,detector_cpu_p95,mean,2.344122086453274,5
cloud_only,fault_alternate,detector_cpu_p95,median,2.4418509598196176,5
cloud_only,fault_alternate,detector_cpu_p95,std,0.18576559188799519,5
cloud_only,fault_alternate,detector_cpu_p95,p95,2.473780279478073,5
cloud_only,fault_alternate,detector_cpu_p95,min,2.0335056968364498,5
cloud_only,fault_alternate,detector_cpu_p95,max,2.4777403742877424,5
cloud_only,fault_alternate,detector_cpu_std,count,5,5
cloud_only,fault_alternate,detector_cpu_std,mean,0.3658799332583828,5
cloud_only,fault_alternate,detector_cpu_std,median,0.3546940204914525,5
cloud_only,fault_alternate,detector_cpu_std,std,0.03487669561568252,5
cloud_only,fault_alternate,detector_cpu_std,p95,0.41223111969859066,5
cloud_only,fault_alternate,detector_cpu_std,min,0.32997600031547336,5
cloud_only,fault_alternate,detector_cpu_std,max,0.42308141710616615,5
cloud_only,fault_alternate,detector_memory_count,count,5,5
cloud_only,fault_alternate,detector_memory_count,mean,134.8,5
cloud_only,fault_alternate,detector_memory_count,median,157.0,5
cloud_only,fault_alternate,detector_memory_count,std,50.76120565944036,5
cloud_only,fault_alternate,detector_memory_count,p95,158.0,5
cloud_only,fault_alternate,detector_memory_count,min,44.0,5
cloud_only,fault_alternate,detector_memory_count,max,158.0,5
cloud_only,fault_alternate,detector_memory_max,count,5,5
cloud_only,fault_alternate,detector_memory_max,mean,221365043.2,5
cloud_only,fault_alternate,detector_memory_max,median,220946432.0,5
cloud_only,fault_alternate,detector_memory_max,std,735681.9659303876,5
cloud_only,fault_alternate,detector_memory_max,p95,222166220.8,5
cloud_only,fault_alternate,detector_memory_max,min,220696576.0,5
cloud_only,fault_alternate,detector_memory_max,max,222167040.0,5
cloud_only,fault_alternate,detector_memory_mean,count,5,5
cloud_only,fault_alternate,detector_memory_mean,mean,220615874.32079923,5
cloud_only,fault_alternate,detector_memory_mean,median,220662278.48101267,5
cloud_only,fault_alternate,detector_memory_mean,std,106519.13992578702,5
cloud_only,fault_alternate,detector_memory_mean,p95,220671907.59809723,5
cloud_only,fault_alternate,detector_memory_mean,min,220425960.72727272,5
cloud_only,fault_alternate,detector_memory_mean,max,220672725.87341774,5
cloud_only,fault_alternate,detector_memory_median,count,5,5
cloud_only,fault_alternate,detector_memory_median,mean,220606873.6,5
cloud_only,fault_alternate,detector_memory_median,median,220657664.0,5
cloud_only,fault_alternate,detector_memory_median,std,108798.73505147015,5
cloud_only,fault_alternate,detector_memory_median,p95,220667084.8,5
cloud_only,fault_alternate,detector_memory_median,min,220413952.0,5
cloud_only,fault_alternate,detector_memory_median,max,220667904.0,5
cloud_only,fault_alternate,detector_memory_min,count,5,5
cloud_only,fault_alternate,detector_memory_min,mean,220338585.6,5
cloud_only,fault_alternate,detector_memory_min,median,220348416.0,5
cloud_only,fault_alternate,detector_memory_min,std,44172.27887261421,5
cloud_only,fault_alternate,detector_memory_min,p95,220379545.6,5
cloud_only,fault_alternate,detector_memory_min,min,220266496.0,5
cloud_only,fault_alternate,detector_memory_min,max,220385280.0,5
cloud_only,fault_alternate,detector_memory_p95,count,5,5
cloud_only,fault_alternate,detector_memory_p95,mean,220801269.76,5
cloud_only,fault_alternate,detector_memory_p95,median,220831744.0,5
cloud_only,fault_alternate,detector_memory_p95,std,68932.0718722987,5
cloud_only,fault_alternate,detector_memory_p95,p95,220839608.32,5
cloud_only,fault_alternate,detector_memory_p95,min,220678758.4,5
cloud_only,fault_alternate,detector_memory_p95,max,220840550.4,5
cloud_only,fault_alternate,detector_memory_std,count,5,5
cloud_only,fault_alternate,detector_memory_std,mean,138682.54275515064,5
cloud_only,fault_alternate,detector_memory_std,median,129171.22389849817,5
cloud_only,fault_alternate,detector_memory_std,std,34139.19989169509,5
cloud_only,fault_alternate,detector_memory_std,p95,176578.60181415395,5
cloud_only,fault_alternate,detector_memory_std,min,102912.70816917894,5
cloud_only,fault_alternate,detector_memory_std,max,177941.65270119766,5
cloud_only,fault_alternate,diagnosis_latency_ms_count,count,5,5
cloud_only,fault_alternate,diagnosis_latency_ms_count,mean,14.0,5
cloud_only,fault_alternate,diagnosis_latency_ms_count,median,17.0,5
cloud_only,fault_alternate,diagnosis_latency_ms_count,std,7.842193570679061,5
cloud_only,fault_alternate,diagnosis_latency_ms_count,p95,18.0,5
cloud_only,fault_alternate,diagnosis_latency_ms_count,min,0.0,5
cloud_only,fault_alternate,diagnosis_latency_ms_count,max,18.0,5
cloud_only,fault_alternate,diagnosis_latency_ms_max,count,4,5
cloud_only,fault_alternate,diagnosis_latency_ms_max,mean,15.882253646850586,5
cloud_only,fault_alternate,diagnosis_latency_ms_max,median,14.928579330444336,5
cloud_only,fault_alternate,diagnosis_latency_ms_max,std,2.576768802028185,5
cloud_only,fault_alternate,diagnosis_latency_ms_max,p95,18.986475467681885,5
cloud_only,fault_alternate,diagnosis_latency_ms_max,min,13.983964920043945,5
cloud_only,fault_alternate,diagnosis_latency_ms_max,max,19.687891006469727,5
cloud_only,fault_alternate,diagnosis_latency_ms_mean,count,4,5
cloud_only,fault_alternate,diagnosis_latency_ms_mean,mean,12.215765083537383,5
cloud_only,fault_alternate,diagnosis_latency_ms_mean,median,12.170714490553912,5
cloud_only,fault_alternate,diagnosis_latency_ms_mean,std,0.23409700705582828,5
cloud_only,fault_alternate,diagnosis_latency_ms_mean,p95,12.488579750061035,5
cloud_only,fault_alternate,diagnosis_latency_ms_mean,min,11.985344045302448,5
cloud_only,fault_alternate,diagnosis_latency_ms_mean,max,12.536287307739258,5
cloud_only,fault_alternate,diagnosis_latency_ms_median,count,4,5
cloud_only,fault_alternate,diagnosis_latency_ms_median,mean,12.060433626174927,5
cloud_only,fault_alternate,diagnosis_latency_ms_median,median,12.041449546813965,5
cloud_only,fault_alternate,diagnosis_latency_ms_median,std,0.10926147035344944,5
cloud_only,fault_alternate,diagnosis_latency_ms_median,p95,12.18653917312622,5
cloud_only,fault_alternate,diagnosis_latency_ms_median,min,11.948943138122559,5
cloud_only,fault_alternate,diagnosis_latency_ms_median,max,12.209892272949219,5
cloud_only,fault_alternate,diagnosis_latency_ms_min,count,4,5
cloud_only,fault_alternate,diagnosis_latency_ms_min,mean,9.837925434112549,5
cloud_only,fault_alternate,diagnosis_latency_ms_min,median,9.702801704406738,5
cloud_only,fault_alternate,diagnosis_latency_ms_min,std,0.33389687825643893,5
cloud_only,fault_alternate,diagnosis_latency_ms_min,p95,10.244059562683105,5
cloud_only,fault_alternate,diagnosis_latency_ms_min,min,9.613990783691406,5
cloud_only,fault_alternate,diagnosis_latency_ms_min,max,10.332107543945312,5
cloud_only,fault_alternate,diagnosis_latency_ms_p95,count,4,5
cloud_only,fault_alternate,diagnosis_latency_ms_p95,mean,14.948922395706175,5
cloud_only,fault_alternate,diagnosis_latency_ms_p95,median,14.351433515548706,5
cloud_only,fault_alternate,diagnosis_latency_ms_p95,std,1.9109640947495332,5
cloud_only,fault_alternate,diagnosis_latency_ms_p95,p95,17.24346339702606,5
cloud_only,fault_alternate,diagnosis_latency_ms_p95,min,13.371706008911133,5
cloud_only,fault_alternate,diagnosis_latency_ms_p95,max,17.72111654281616,5
cloud_only,fault_alternate,diagnosis_latency_ms_std,count,4,5
cloud_only,fault_alternate,diagnosis_latency_ms_std,mean,1.4919372022986674,5
cloud_only,fault_alternate,diagnosis_latency_ms_std,median,1.27465066300371,5
cloud_only,fault_alternate,diagnosis_latency_ms_std,std,0.7016821964549211,5
cloud_only,fault_alternate,diagnosis_latency_ms_std,p95,2.3318005020283366,5
cloud_only,fault_alternate,diagnosis_latency_ms_std,min,0.9078708278992457,5
cloud_only,fault_alternate,diagnosis_latency_ms_std,max,2.5105766552880038,5
cloud_only,fault_alternate,diagnosis_processing_ms_count,count,5,5
cloud_only,fault_alternate,diagnosis_processing_ms_count,mean,14.0,5
cloud_only,fault_alternate,diagnosis_processing_ms_count,median,17.0,5
cloud_only,fault_alternate,diagnosis_processing_ms_count,std,7.842193570679061,5
cloud_only,fault_alternate,diagnosis_processing_ms_count,p95,18.0,5
cloud_only,fault_alternate,diagnosis_processing_ms_count,min,0.0,5
cloud_only,fault_alternate,diagnosis_processing_ms_count,max,18.0,5
cloud_only,fault_alternate,diagnosis_processing_ms_max,count,4,5
cloud_only,fault_alternate,diagnosis_processing_ms_max,mean,6.455123424530029,5
cloud_only,fault_alternate,diagnosis_processing_ms_max,median,6.381869316101074,5
cloud_only,fault_alternate,diagnosis_processing_ms_max,std,1.603951977459113,5
cloud_only,fault_alternate,diagnosis_processing_ms_max,p95,8.193278312683105,5
cloud_only,fault_alternate,diagnosis_processing_ms_max,min,4.574298858642578,5
cloud_only,fault_alternate,diagnosis_processing_ms_max,max,8.48245620727539,5
cloud_only,fault_alternate,diagnosis_processing_ms_mean,count,4,5
cloud_only,fault_alternate,diagnosis_processing_ms_mean,mean,4.390825827916464,5
cloud_only,fault_alternate,diagnosis_processing_ms_mean,median,4.42204288407868,5
cloud_only,fault_alternate,diagnosis_processing_ms_mean,std,0.14044706230933193,5
cloud_only,fault_alternate,diagnosis_processing_ms_mean,p95,4.512451092402141,5
cloud_only,fault_alternate,diagnosis_processing_ms_mean,min,4.196377361522002,5
cloud_only,fault_alternate,diagnosis_processing_ms_mean,max,4.522840181986491,5
cloud_only,fault_alternate,diagnosis_processing_ms_median,count,4,5
cloud_only,fault_alternate,diagnosis_processing_ms_median,mean,4.2137205600738525,5
cloud_only,fault_alternate,diagnosis_processing_ms_median,median,4.212737083435059,5
cloud_only,fault_alternate,diagnosis_processing_ms_median,std,0.08389496498576104,5
cloud_only,fault_alternate,diagnosis_processing_ms_median,p95,4.3027520179748535,5
cloud_only,fault_alternate,diagnosis_processing_ms_median,min,4.115462303161621,5
cloud_only,fault_alternate,diagnosis_processing_ms_median,max,4.313945770263672,5
cloud_only,fault_alternate,diagnosis_processing_ms_min,count,4,5
cloud_only,fault_alternate,diagnosis_processing_ms_min,mean,3.7224292755126953,5
cloud_only,fault_alternate,diagnosis_processing_ms_min,median,3.7332773208618164,5
cloud_only,fault_alternate,diagnosis_processing_ms_min,std,0.20799603681553933,5
cloud_only,fault_alternate,diagnosis_processing_ms_min,p95,3.92301082611084,5
cloud_only,fault_alternate,diagnosis_processing_ms_min,min,3.4880638122558594,5
cloud_only,fault_alternate,diagnosis_processing_ms_min,max,3.935098648071289,5
cloud_only,fault_alternate,diagnosis_processing_ms_p95,count,4,5
cloud_only,fault_alternate,diagnosis_processing_ms_p95,mean,5.509963631629942,5
cloud_only,fault_alternate,diagnosis_processing_ms_p95,median,5.504637956619262,5
cloud_only,fault_alternate,diagnosis_processing_ms_p95,std,0.8364186341517444,5
cloud_only,fault_alternate,diagnosis_processing_ms_p95,p95,6.377269625663754,5
cloud_only,fault_alternate,diagnosis_processing_ms_p95,min,4.568195343017578,5
cloud_only,fault_alternate,diagnosis_processing_ms_p95,max,6.462383270263668,5
cloud_only,fault_alternate,diagnosis_processing_ms_std,count,4,5
cloud_only,fault_alternate,diagnosis_processing_ms_std,mean,0.6664545668986681,5
cloud_only,fault_alternate,diagnosis_processing_ms_std,median,0.5999968729505696,5
cloud_only,fault_alternate,diagnosis_processing_ms_std,std,0.3701704147027372,5
cloud_only,fault_alternate,diagnosis_processing_ms_std,p95,1.0957860401946289,5
cloud_only,fault_alternate,diagnosis_processing_ms_std,min,0.29640315172657916,5
cloud_only,fault_alternate,diagnosis_processing_ms_std,max,1.1694213699669542,5
cloud_only,fault_alternate,diagnosis_requests,count,5,5
cloud_only,fault_alternate,diagnosis_requests,mean,14.0,5
cloud_only,fault_alternate,diagnosis_requests,median,17.0,5
cloud_only,fault_alternate,diagnosis_requests,std,7.842193570679061,5
cloud_only,fault_alternate,diagnosis_requests,p95,18.0,5
cloud_only,fault_alternate,diagnosis_requests,min,0.0,5
cloud_only,fault_alternate,diagnosis_requests,max,18.0,5
cloud_only,fault_alternate,e2e_latency_ms_count,count,5,5
cloud_only,fault_alternate,e2e_latency_ms_count,mean,14.0,5
cloud_only,fault_alternate,e2e_latency_ms_count,median,17.0,5
cloud_only,fault_alternate,e2e_latency_ms_count,std,7.842193570679061,5
cloud_only,fault_alternate,e2e_latency_ms_count,p95,18.0,5
cloud_only,fault_alternate,e2e_latency_ms_count,min,0.0,5
cloud_only,fault_alternate,e2e_latency_ms_count,max,18.0,5
cloud_only,fault_alternate,e2e_latency_ms_max,count,4,5
cloud_only,fault_alternate,e2e_latency_ms_max,mean,10056.338548660278,5
cloud_only,fault_alternate,e2e_latency_ms_max,median,10048.668384552002,5
cloud_only,fault_alternate,e2e_latency_ms_max,std,18.809312275675943,5
cloud_only,fault_alternate,e2e_latency_ms_max,p95,10079.241955280304,5
cloud_only,fault_alternate,e2e_latency_ms_max,min,10043.902397155762,5
cloud_only,fault_alternate,e2e_latency_ms_max,max,10084.115028381348,5
cloud_only,fault_alternate,e2e_latency_ms_mean,count,4,5
cloud_only,fault_alternate,e2e_latency_ms_mean,mean,9761.909853204403,5
cloud_only,fault_alternate,e2e_latency_ms_mean,median,9769.29354200176,5
cloud_only,fault_alternate,e2e_latency_ms_mean,std,254.24707681105727,5
cloud_only,fault_alternate,e2e_latency_ms_mean,p95,9982.132326154147,5
cloud_only,fault_alternate,e2e_latency_ms_mean,min,9526.791161961026,5
cloud_only,fault_alternate,e2e_latency_ms_mean,max,9982.261166853063,5
cloud_only,fault_alternate,e2e_latency_ms_median,count,4,5
cloud_only,fault_alternate,e2e_latency_ms_median,mean,9987.822890281677,5
cloud_only,fault_alternate,e2e_latency_ms_median,median,9987.448692321777,5
cloud_only,fault_alternate,e2e_latency_ms_median,std,4.94255637079211,5
cloud_only,fault_alternate,e2e_latency_ms_median,p95,9993.289428949356,5
cloud_only,fault_alternate,e2e_latency_ms_median,min,9982.269525527954,5
cloud_only,fault_alternate,e2e_latency_ms_median,max,9994.1246509552,5
cloud_only,fault_alternate,e2e_latency_ms_min,count,4,5
cloud_only,fault_alternate,e2e_latency_ms_min,mean,7862.722992897034,5
cloud_only,fault_alternate,e2e_latency_ms_min,median,7912.526488304138,5
cloud_only,fault_alternate,e2e_latency_ms_min,std,2309.572229900021,5
cloud_only,fault_alternate,e2e_latency_ms_min,p95,9871.542918682098,5
cloud_only,fault_alternate,e2e_latency_ms_min,min,5749.866962432861,5
cloud_only,fault_alternate,e2e_latency_ms_min,max,9875.972032546997,5
cloud_only,fault_alternate,e2e_latency_ms_p95,count,4,5
cloud_only,fault_alternate,e2e_latency_ms_p95,mean,10045.684549212456,5
cloud_only,fault_alternate,e2e_latency_ms_p95,median,10043.76260638237,5
cloud_only,fault_alternate,e2e_latency_ms_p95,std,7.205372398929879,5
cloud_only,fault_alternate,e2e_latency_ms_p95,p95,10054.221794605255,5
cloud_only,fault_alternate,e2e_latency_ms_p95,min,10039.580011367798,5
cloud_only,fault_alternate,e2e_latency_ms_p95,max,10055.632972717285,5
cloud_only,fault_alternate,e2e_latency_ms_std,count,4,5
cloud_only,fault_alternate,e2e_latency_ms_std,mean,679.4094487344942,5
cloud_only,fault_alternate,e2e_latency_ms_std,median,650.2614375554813,5
cloud_only,fault_alternate,e2e_latency_ms_std,std,725.3648437370903,5
cloud_only,fault_alternate,e2e_latency_ms_std,p95,1350.5701581569551,5
cloud_only,fault_alternate,e2e_latency_ms_std,min,47.42782543402443,5
cloud_only,fault_alternate,e2e_latency_ms_std,max,1369.6870943929896,5
cloud_only,fault_alternate,escalation_rate,count,5,5
cloud_only,fault_alternate,escalation_rate,mean,1.0,5
cloud_only,fault_alternate,escalation_rate,median,1.0,5
cloud_only,fault_alternate,escalation_rate,std,0.0,5
cloud_only,fault_alternate,escalation_rate,p95,1.0,5
cloud_only,fault_alternate,escalation_rate,min,1.0,5
cloud_only,fault_alternate,escalation_rate,max,1.0,5
cloud_only,fault_alternate,estimated_cloud_data_bytes,count,5,5
cloud_only,fault_alternate,estimated_cloud_data_bytes,mean,2933433.758749365,5
cloud_only,fault_alternate,estimated_cloud_data_bytes,median,2933734.1140103103,5
cloud_only,fault_alternate,estimated_cloud_data_bytes,std,1940.8670054228355,5
cloud_only,fault_alternate,estimated_cloud_data_bytes,p95,2935045.116760398,5
cloud_only,fault_alternate,estimated_cloud_data_bytes,min,2930224.6491274596,5
cloud_only,fault_alternate,estimated_cloud_data_bytes,max,2935106.635394926,5
cloud_only,fault_alternate,estimated_cloud_data_bytes_per_minute,count,5,5
cloud_only,fault_alternate,estimated_cloud_data_bytes_per_minute,mean,586646.16,5
cloud_only,fault_alternate,estimated_cloud_data_bytes_per_minute,median,586398.0,5
cloud_only,fault_alternate,estimated_cloud_data_bytes_per_minute,std,554.9026292963687,5
cloud_only,fault_alternate,estimated_cloud_data_bytes_per_minute,p95,587390.64,5
cloud_only,fault_alternate,estimated_cloud_data_bytes_per_minute,min,586398.0,5
cloud_only,fault_alternate,estimated_cloud_data_bytes_per_minute,max,587638.8,5
cloud_only,fault_free,anomaly_events,count,5,5
cloud_only,fault_free,anomaly_events,mean,34.0,5
cloud_only,fault_free,anomaly_events,median,34.0,5
cloud_only,fault_free,anomaly_events,std,0.0,5
cloud_only,fault_free,anomaly_events,p95,34.0,5
cloud_only,fault_free,anomaly_events,min,34.0,5
cloud_only,fault_free,anomaly_events,max,34.0,5
cloud_only,fault_free,anomaly_ratio_count,count,5,5
cloud_only,fault_free,anomaly_ratio_count,mean,31.6,5
cloud_only,fault_free,anomaly_ratio_count,median,32.0,5
cloud_only,fault_free,anomaly_ratio_count,std,0.5477225575051661,5
cloud_only,fault_free,anomaly_ratio_count,p95,32.0,5
cloud_only,fault_free,anomaly_ratio_count,min,31.0,5
cloud_only,fault_free,anomaly_ratio_count,max,32.0,5
cloud_only,fault_free,anomaly_ratio_max,count,5,5
cloud_only,fault_free,anomaly_ratio_max,mean,0.122,5
cloud_only,fault_free,anomaly_ratio_max,median,0.12,5
cloud_only,fault_free,anomaly_ratio_max,std,0.027748873851023214,5
cloud_only,fault_free,anomaly_ratio_max,p95,0.15,5
cloud_only,fault_free,anomaly_ratio_max,min,0.09,5
cloud_only,fault_free,anomaly_ratio_max,max,0.15,5
cloud_only,fault_free,anomaly_ratio_mean,count,5,5
cloud_only,fault_free,anomaly_ratio_mean,mean,0.010762096774193548,5
cloud_only,fault_free,anomaly_ratio_mean,median,0.010625,5
cloud_only,fault_free,anomaly_ratio_mean,std,0.00018772748946749578,5
cloud_only,fault_free,anomaly_ratio_mean,p95,0.01096774193548387,5
cloud_only,fault_free,anomaly_ratio_mean,min,0.010625,5
cloud_only,fault_free,anomaly_ratio_mean,max,0.01096774193548387,5
cloud_only,fault_free,anomaly_ratio_median,count,5,5
cloud_only,fault_free,anomaly_ratio_median,mean,0.0,5
cloud_only,fault_free,anomaly_ratio_median,median,0.0,5
cloud_only,fault_free,anomaly_ratio_median,std,0.0,5
cloud_only,fault_free,anomaly_ratio_median,p95,0.0,5
cloud_only,fault_free,anomaly_ratio_median,min,0.0,5
cloud_only,fault_free,anomaly_ratio_median,max,0.0,5
cloud_only,fault_free,anomaly_ratio_min,count,5,5
cloud_only,fault_free,anomaly_ratio_min,mean,0.0,5
cloud_only,fault_free,anomaly_ratio_min,median,0.0,5
cloud_only,fault_free,anomaly_ratio_min,std,0.0,5
cloud_only,fault_free,anomaly_ratio_min,p95,0.0,5
cloud_only,fault_free,anomaly_ratio_min,min,0.0,5
cloud_only,fault_free,anomaly_ratio_min,max,0.0,5
cloud_only,fault_free,anomaly_ratio_p95,count,5,5
cloud_only,fault_free,anomaly_ratio_p95,mean,0.0577,5
cloud_only,fault_free,anomaly_ratio_p95,median,0.05349999999999998,5
cloud_only,fault_free,anomaly_ratio_p95,std,0.009230384607371465,5
cloud_only,fault_free,anomaly_ratio_p95,p95,0.069,5
cloud_only,fault_free,anomaly_ratio_p95,min,0.05,5
cloud_only,fault_free,anomaly_ratio_p95,max,0.07,5
cloud_only,fault_free,anomaly_ratio_std,count,5,5
cloud_only,fault_free,anomaly_ratio_std,mean,0.025817964401755756,5
cloud_only,fault_free,anomaly_ratio_std,median,0.025136722911105126,5
cloud_only,fault_free,anomaly_ratio_std,std,0.002660802732581726,5
cloud_only,fault_free,anomaly_ratio_std,p95,0.02861733063902407,5
cloud_only,fault_free,anomaly_ratio_std,min,0.023145170656773798,5
cloud_only,fault_free,anomaly_ratio_std,max,0.02861733063902407,5
cloud_only,fault_free,classifier_cpu_count,count,5,5
cloud_only,fault_free,classifier_cpu_count,mean,158.0,5
cloud_only,fault_free,classifier_cpu_count,median,158.0,5
cloud_only,fault_free,classifier_cpu_count,std,0.0,5
cloud_only,fault_free,classifier_cpu_count,p95,158.0,5
cloud_only,fault_free,classifier_cpu_count,min,158.0,5
cloud_only,fault_free,classifier_cpu_count,max,158.0,5
cloud_only,fault_free,classifier_cpu_max,count,5,5
cloud_only,fault_free,classifier_cpu_max,mean,2.105519959351712,5
cloud_only,fault_free,classifier_cpu_max,median,2.1309818650233936,5
cloud_only,fault_free,classifier_cpu_max,std,0.05568583848341844,5
cloud_only,fault_free,classifier_cpu_max,p95,2.136712662795179,5
cloud_only,fault_free,classifier_cpu_max,min,2.0067594820092642,5
cloud_only,fault_free,classifier_cpu_max,max,2.1373094651226143,5
cloud_only,fault_free,classifier_cpu_mean,count,5,5
cloud_only,fault_free,classifier_cpu_mean,mean,0.4842856839212005,5
cloud_only,fault_free,classifier_cpu_mean,median,0.4860190953458436,5
cloud_only,fault_free,classifier_cpu_mean,std,0.012784429783506078,5
cloud_only,fault_free,classifier_cpu_mean,p95,0.4972094295621619,5
cloud_only,fault_free,classifier_cpu_mean,min,0.4641638356197232,5
cloud_only,fault_free,classifier_cpu_mean,max,0.49955306201001765,5
cloud_only,fault_free,classifier_cpu_median,count,5,5
cloud_only,fault_free,classifier_cpu_median,mean,0.10166785298183517,5
cloud_only,fault_free,classifier_cpu_median,median,0.10198738600701454,5
cloud_only,fault_free,classifier_cpu_median,std,0.0011981883553225533,5
cloud_only,fault_free,classifier_cpu_median,p95,0.1029562901655626,5
cloud_only,fault_free,classifier_cpu_median,min,0.09993624644545293,5
cloud_only,fault_free,classifier_cpu_median,max,0.10319619213675879,5
cloud_only,fault_free,classifier_cpu_min,count,5,5
cloud_only,fault_free,classifier_cpu_min,mean,0.08752989346330689,5
cloud_only,fault_free,classifier_cpu_min,median,0.08686823967781532,5
cloud_only,fault_free,classifier_cpu_min,std,0.0015600691282510683,5
cloud_only,fault_free,classifier_cpu_min,p95,0.08925362390932512,5
cloud_only,fault_free,classifier_cpu_min,min,0.08576418572148012,5
cloud_only,fault_free,classifier_cpu_min,max,0.08930690413143182,5
cloud_only,fault_free,classifier_cpu_p95,count,5,5
cloud_only,fault_free,classifier_cpu_p95,mean,2.071184345221834,5
cloud_only,fault_free,classifier_cpu_p95,median,2.0901964213139257,5
cloud_only,fault_free,classifier_cpu_p95,std,0.049883009533559744,5
cloud_only,fault_free,classifier_cpu_p95,p95,2.097749629015379,5
cloud_only,fault_free,classifier_cpu_p95,min,1.9822554279806368,5
cloud_only,fault_free,classifier_cpu_p95,max,2.097930469993011,5
cloud_only,fault_free,classifier_cpu_std,count,5,5
cloud_only,fault_free,classifier_cpu_std,mean,0.7702056351311664,5
cloud_only,fault_free,classifier_cpu_std,median,0.7753235408519099,5
cloud_only,fault_free,classifier_cpu_std,std,0.01969882757391786,5
cloud_only,fault_free,classifier_cpu_std,p95,0.784723863037432,5
cloud_only,fault_free,classifier_cpu_std,min,0.735933398084553,5
cloud_only,fault_free,classifier_cpu_std,max,0.7861368896612306,5
cloud_only,fault_free,classifier_memory_count,count,5,5
cloud_only,fault_free,classifier_memory_count,mean,159.0,5
cloud_only,fault_free,classifier_memory_count,median,159.0,5
cloud_only,fault_free,classifier_memory_count,std,0.0,5
cloud_only,fault_free,classifier_memory_count,p95,159.0,5
cloud_only,fault_free,classifier_memory_count,min,159.0,5
cloud_only,fault_free,classifier_memory_count,max,159.0,5
cloud_only,fault_free,classifier_memory_max,count,5,5
cloud_only,fault_free,classifier_memory_max,mean,247626137.6,5
cloud_only,fault_free,classifier_memory_max,median,246988800.0,5
cloud_only,fault_free,classifier_memory_max,std,2946161.146801851,5
cloud_only,fault_free,classifier_memory_max,p95,250680934.4,5
cloud_only,fault_free,classifier_memory_max,min,243494912.0,5
cloud_only,fault_free,classifier_memory_max,max,250822656.0,5
cloud_only,fault_free,classifier_memory_mean,count,5,5
cloud_only,fault_free,classifier_memory_mean,mean,241548879.21509436,5
cloud_only,fault_free,classifier_memory_mean,median,241417673.25786164,5
cloud_only,fault_free,classifier_memory_mean,std,337093.15245348297,5
cloud_only,fault_free,classifier_memory_mean,p95,242005668.2264151,5
cloud_only,fault_free,classifier_memory_mean,min,241371586.81761006,5
cloud_only,fault_free,classifier_memory_mean,max,242150342.03773585,5
cloud_only,fault_free,classifier_memory_median,count,5,5
cloud_only,fault_free,classifier_memory_median,mean,241491148.8,5
cloud_only,fault_free,classifier_memory_median,median,241344512.0,5
cloud_only,fault_free,classifier_memory_median,std,330641.3387633192,5
cloud_only,fault_free,classifier_memory_median,p95,241939251.2,5
cloud_only,fault_free,classifier_memory_median,min,241319936.0,5
cloud_only,fault_free,classifier_memory_median,max,242081792.0,5
cloud_only,fault_free,classifier_memory_min,count,5,5
cloud_only,fault_free,classifier_memory_min,mean,241244569.6,5
cloud_only,fault_free,classifier_memory_min,median,241094656.0,5
cloud_only,fault_free,classifier_memory_min,std,319049.2166371828,5
cloud_only,fault_free,classifier_memory_min,p95,241682022.4,5
cloud_only,fault_free,classifier_memory_min,min,241065984.0,5
cloud_only,fault_free,classifier_memory_min,max,241811456.0,5
cloud_only,fault_free,classifier_memory_p95,count,5,5
cloud_only,fault_free,classifier_memory_p95,mean,241720115.2,5
cloud_only,fault_free,classifier_memory_p95,median,241582080.0,5
cloud_only,fault_free,classifier_memory_p95,std,326513.3792728258,5
cloud_only,fault_free,classifier_memory_p95,p95,242162401.28,5
cloud_only,fault_free,classifier_memory_p95,min,241554227.2,5
cloud_only,fault_free,classifier_memory_p95,max,242303385.6,5
cloud_only,fault_free,classifier_memory_std,count,5,5
cloud_only,fault_free,classifier_memory_std,mean,508050.9458840573,5
cloud_only,fault_free,classifier_memory_std,median,458876.0745243528,5
cloud_only,fault_free,classifier_memory_std,std,212268.53733176965,5
cloud_only,fault_free,classifier_memory_std,p95,746148.5935486871,5
cloud_only,fault_free,classifier_memory_std,min,216359.49218692884,5
cloud_only,fault_free,classifier_memory_std,max,770318.4283376485,5
cloud_only,fault_free,cloud_escalations,count,5,5
cloud_only,fault_free,cloud_escalations,mean,0.0,5
cloud_only,fault_free,cloud_escalations,median,0.0,5
cloud_only,fault_free,cloud_escalations,std,0.0,5
cloud_only,fault_free,cloud_escalations,p95,0.0,5
cloud_only,fault_free,cloud_escalations,min,0.0,5
cloud_only,fault_free,cloud_escalations,max,0.0,5
cloud_only,fault_free,detection_latency_ms_count,count,5,5
cloud_only,fault_free,detection_latency_ms_count,mean,34.0,5
cloud_only,fault_free,detection_latency_ms_count,median,34.0,5
cloud_only,fault_free,detection_latency_ms_count,std,0.0,5
cloud_only,fault_free,detection_latency_ms_count,p95,34.0,5
cloud_only,fault_free,detection_latency_ms_count,min,34.0,5
cloud_only,fault_free,detection_latency_ms_count,max,34.0,5
cloud_only,fault_free,detection_latency_ms_max,count,5,5
cloud_only,fault_free,detection_latency_ms_max,mean,4.823541641235352,5
cloud_only,fault_free,detection_latency_ms_max,median,4.868984222412109,5
cloud_only,fault_free,detection_latency_ms_max,std,0.6730980146967657,5
cloud_only,fault_free,detection_latency_ms_max,p95,5.51915168762207,5
cloud_only,fault_free,detection_latency_ms_max,min,4.068613052368164,5
cloud_only,fault_free,detection_latency_ms_max,max,5.544424057006836,5
cloud_only,fault_free,detection_latency_ms_mean,count,5,5
cloud_only,fault_free,detection_latency_ms_mean,mean,3.488770653219784,5
cloud_only,fault_free,detection_latency_ms_mean,median,3.4707083421594955,5
cloud_only,fault_free,detection_latency_ms_mean,std,0.057287575477847345,5
cloud_only,fault_free,detection_latency_ms_mean,p95,3.565338078667136,5
cloud_only,fault_free,detection_latency_ms_mean,min,3.4337885239545036,5
cloud_only,fault_free,detection_latency_ms_mean,max,3.5856821957756493,5
cloud_only,fault_free,detection_latency_ms_median,count,5,5
cloud_only,fault_free,detection_latency_ms_median,mean,3.4374237060546875,5
cloud_only,fault_free,detection_latency_ms_median,median,3.418564796447754,5
cloud_only,fault_free,detection_latency_ms_median,std,0.05470423246703687,5
cloud_only,fault_free,detection_latency_ms_median,p95,3.5115480422973633,5
cloud_only,fault_free,detection_latency_ms_median,min,3.390789031982422,5
cloud_only,fault_free,detection_latency_ms_median,max,3.531813621520996,5
cloud_only,fault_free,detection_latency_ms_min,count,5,5
cloud_only,fault_free,detection_latency_ms_min,mean,3.2097816467285156,5
cloud_only,fault_free,detection_latency_ms_min,median,3.2258033752441406,5
cloud_only,fault_free,detection_latency_ms_min,std,0.0318243705755006,5
cloud_only,fault_free,detection_latency_ms_min,p95,3.2337188720703125,5
cloud_only,fault_free,detection_latency_ms_min,min,3.1585693359375,5
cloud_only,fault_free,detection_latency_ms_min,max,3.234386444091797,5
cloud_only,fault_free,detection_latency_ms_p95,count,5,5
cloud_only,fault_free,detection_latency_ms_p95,mean,3.8092660903930664,5
cloud_only,fault_free,detection_latency_ms_p95,median,3.6743402481079097,5
cloud_only,fault_free,detection_latency_ms_p95,std,0.2746264608602368,5
cloud_only,fault_free,detection_latency_ms_p95,p95,4.1756486892700195,5
cloud_only,fault_free,detection_latency_ms_p95,min,3.5637378692626953,5
cloud_only,fault_free,detection_latency_ms_p95,max,4.2395710945129395,5
cloud_only,fault_free,detection_latency_ms_std,count,5,5
cloud_only,fault_free,detection_latency_ms_std,mean,0.27952823483117534,5
cloud_only,fault_free,detection_latency_ms_std,median,0.34240595520150485,5
cloud_only,fault_free,detection_latency_ms_std,std,0.1078000260372623,5
cloud_only,fault_free,detection_latency_ms_std,p95,0.3697809388666861,5
cloud_only,fault_free,detection_latency_ms_std,min,0.14493877961771925,5
cloud_only,fault_free,detection_latency_ms_std,max,0.3731335506460018,5
cloud_only,fault_free,detector_cpu_count,count,5,5
cloud_only,fault_free,detector_cpu_count,mean,158.0,5
cloud_only,fault_free,detector_cpu_count,median,158.0,5
cloud_only,fault_free,detector_cpu_count,std,0.0,5
cloud_only,fault_free,detector_cpu_count,p95,158.0,5
cloud_only,fault_free,detector_cpu_count,min,158.0,5
cloud_only,fault_free,detector_cpu_count,max,158.0,5
cloud_only,fault_free,detector_cpu_max,count,5,5
cloud_only,fault_free,detector_cpu_max,mean,2.735464369687526,5
cloud_only,fault_free,detector_cpu_max,median,2.506438070105008,5
cloud_only,fault_free,detector_cpu_max,std,0.6954512535890678,5
cloud_only,fault_free,detector_cpu_max,p95,3.681482809172743,5
cloud_only,fault_free,detector_cpu_max,min,2.253380056655259,5
cloud_only,fault_free,detector_cpu_max,max,3.9615549881786074,5
cloud_only,fault_free,detector_cpu_mean,count,5,5
cloud_only,fault_free,detector_cpu_mean,mean,1.5828478897721756,5
cloud_only,fault_free,detector_cpu_mean,median,1.5791610087560468,5
cloud_only,fault_free,detector_cpu_mean,std,0.024008710738902875,5
cloud_only,fault_free,detector_cpu_mean,p95,1.614015483500709,5
cloud_only,fault_free,detector_cpu_mean,min,1.5586529410522614,5
cloud_only,fault_free,detector_cpu_mean,max,1.6199772015056264,5
cloud_only,fault_free,detector_cpu_median,count,5,5
cloud_only,fault_free,detector_cpu_median,mean,1.4221502574106917,5
cloud_only,fault_free,detector_cpu_median,median,1.4288540580139828,5
cloud_only,fault_free,detector_cpu_median,std,0.01634629582233934,5
cloud_only,fault_free,detector_cpu_median,p95,1.4316018679463132,5
cloud_only,fault_free,detector_cpu_median,min,1.393072871104618,5
cloud_only,fault_free,detector_cpu_median,max,1.4322505685113645,5
cloud_only,fault_free,detector_cpu_min,count,5,5
cloud_only,fault_free,detector_cpu_min,mean,0.8952289189144843,5
cloud_only,fault_free,detector_cpu_min,median,0.8271847546310693,5
cloud_only,fault_free,detector_cpu_min,std,0.41888024195812495,5
cloud_only,fault_free,detector_cpu_min,p95,1.3299017355195448,5
cloud_only,fault_free,detector_cpu_min,min,0.39395585346292344,5
cloud_only,fault_free,detector_cpu_min,max,1.3350390182721286,5
cloud_only,fault_free,detector_cpu_p95,count,5,5
cloud_only,fault_free,detector_cpu_p95,mean,2.295536630569365,5
cloud_only,fault_free,detector_cpu_p95,median,2.2602261494624325,5
cloud_only,fault_free,detector_cpu_p95,std,0.10414881775272122,5
cloud_only,fault_free,detector_cpu_p95,p95,2.4336649894305644,5
cloud_only,fault_free,detector_cpu_p95,min,2.1955904802453015,5
cloud_only,fault_free,detector_cpu_p95,max,2.4594219911127952,5
cloud_only,fault_free,detector_cpu_std,count,5,5
cloud_only,fault_free,detector_cpu_std,mean,0.35309333765595924,5
cloud_only,fault_free,detector_cpu_std,median,0.3410348092449551,5
cloud_only,fault_free,detector_cpu_std,std,0.04162914294603007,5
cloud_only,fault_free,detector_cpu_std,p95,0.4004218047494922,5
cloud_only,fault_free,detector_cpu_std,min,0.2971153732559947,5
cloud_only,fault_free,detector_cpu_std,max,0.4052472678637958,5
cloud_only,fault_free,detector_memory_count,count,5,5
cloud_only,fault_free,detector_memory_count,mean,159.0,5
cloud_only,fault_free,detector_memory_count,median,159.0,5
cloud_only,fault_free,detector_memory_count,std,0.0,5
cloud_only,fault_free,detector_memory_count,p95,159.0,5
cloud_only,fault_free,detector_memory_count,min,159.0,5
cloud_only,fault_free,detector_memory_count,max,159.0,5
cloud_only,fault_free,detector_memory_max,count,5,5
cloud_only,fault_free,detector_memory_max,mean,222285004.8,5
cloud_only,fault_free,detector_memory_max,median,222236672.0,5
cloud_only,fault_free,detector_memory_max,std,1275282.216391023,5
cloud_only,fault_free,detector_memory_max,p95,223587532.8,5
cloud_only,fault_free,detector_memory_max,min,220807168.0,5
cloud_only,fault_free,detector_memory_max,max,223604736.0,5
cloud_only,fault_free,detector_memory_mean,count,5,5
cloud_only,fault_free,detector_memory_mean,mean,220787141.3937107,5
cloud_only,fault_free,detector_memory_mean,median,220509370.7672956,5
cloud_only,fault_free,detector_memory_mean,std,675441.6014610893,5
cloud_only,fault_free,detector_memory_mean,p95,221696989.22264153,5
cloud_only,fault_free,detector_memory_mean,min,220421757.58490565,5
cloud_only,fault_free,detector_memory_mean,max,221993591.1446541,5
cloud_only,fault_free,detector_memory_median,count,5,5
cloud_only,fault_free,detector_memory_median,mean,220772761.6,5
cloud_only,fault_free,detector_memory_median,median,220483584.0,5
cloud_only,fault_free,detector_memory_median,std,672627.5555080984,5
cloud_only,fault_free,detector_memory_median,p95,221681254.4,5
cloud_only,fault_free,detector_memory_median,min,220418048.0,5
cloud_only,fault_free,detector_memory_median,max,221974528.0,5
cloud_only,fault_free,detector_memory_min,count,5,5
cloud_only,fault_free,detector_memory_min,mean,220508979.2,5
cloud_only,fault_free,detector_memory_min,median,220241920.0,5
cloud_only,fault_free,detector_memory_min,std,650854.2711138953,5
cloud_only,fault_free,detector_memory_min,p95,221386342.4,5
cloud_only,fault_free,detector_memory_min,min,220155904.0,5
cloud_only,fault_free,detector_memory_min,max,221671424.0,5
cloud_only,fault_free,detector_memory_p95,count,5,5
cloud_only,fault_free,detector_memory_p95,mean,220971253.76,5
cloud_only,fault_free,detector_memory_p95,median,220685107.2,5
cloud_only,fault_free,detector_memory_p95,std,689821.7083763967,5
cloud_only,fault_free,detector_memory_p95,p95,221901701.12,5
cloud_only,fault_free,detector_memory_p95,min,220610560.0,5
cloud_only,fault_free,detector_memory_p95,max,222203904.0,5
cloud_only,fault_free,detector_memory_std,count,5,5
cloud_only,fault_free,detector_memory_std,mean,184195.41280127855,5
cloud_only,fault_free,detector_memory_std,median,133740.12454415666,5
cloud_only,fault_free,detector_memory_std,std,76975.50922750805,5
cloud_only,fault_free,detector_memory_std,p95,270887.3868130413,5
cloud_only,fault_free,detector_memory_std,min,121359.7013755575,5
cloud_only,fault_free,detector_memory_std,max,272604.10613282595,5
cloud_only,fault_free,diagnosis_latency_ms_count,count,5,5
cloud_only,fault_free,diagnosis_latency_ms_count,mean,0.0,5
cloud_only,fault_free,diagnosis_latency_ms_count,median,0.0,5
cloud_only,fault_free,diagnosis_latency_ms_count,std,0.0,5
cloud_only,fault_free,diagnosis_latency_ms_count,p95,0.0,5
cloud_only,fault_free,diagnosis_latency_ms_count,min,0.0,5
cloud_only,fault_free,diagnosis_latency_ms_count,max,0.0,5
cloud_only,fault_free,diagnosis_processing_ms_count,count,5,5
cloud_only,fault_free,diagnosis_processing_ms_count,mean,0.0,5
cloud_only,fault_free,diagnosis_processing_ms_count,median,0.0,5
cloud_only,fault_free,diagnosis_processing_ms_count,std,0.0,5
cloud_only,fault_free,diagnosis_processing_ms_count,p95,0.0,5
cloud_only,fault_free,diagnosis_processing_ms_count,min,0.0,5
cloud_only,fault_free,diagnosis_processing_ms_count,max,0.0,5
cloud_only,fault_free,diagnosis_requests,count,5,5
cloud_only,fault_free,diagnosis_requests,mean,0.0,5
cloud_only,fault_free,diagnosis_requests,median,0.0,5
cloud_only,fault_free,diagnosis_requests,std,0.0,5
cloud_only,fault_free,diagnosis_requests,p95,0.0,5
cloud_only,fault_free,diagnosis_requests,min,0.0,5
cloud_only,fault_free,diagnosis_requests,max,0.0,5
cloud_only,fault_free,e2e_latency_ms_count,count,5,5
cloud_only,fault_free,e2e_latency_ms_count,mean,0.0,5
cloud_only,fault_free,e2e_latency_ms_count,median,0.0,5
cloud_only,fault_free,e2e_latency_ms_count,std,0.0,5
cloud_only,fault_free,e2e_latency_ms_count,p95,0.0,5
cloud_only,fault_free,e2e_latency_ms_count,min,0.0,5
cloud_only,fault_free,e2e_latency_ms_count,max,0.0,5
cloud_only,fault_free,estimated_cloud_data_bytes,count,5,5
cloud_only,fault_free,estimated_cloud_data_bytes,mean,2956741.1337783793,5
cloud_only,fault_free,estimated_cloud_data_bytes,median,2955634.999564085,5
cloud_only,fault_free,estimated_cloud_data_bytes,std,7944.694067487528,5
cloud_only,fault_free,estimated_cloud_data_bytes,p95,2967328.904190279,5
cloud_only,fault_free,estimated_cloud_data_bytes,min,2949710.657855549,5
cloud_only,fault_free,estimated_cloud_data_bytes,max,2969875.704129448,5
cloud_only,fault_free,estimated_cloud_data_bytes_per_minute,count,5,5
cloud_only,fault_free,estimated_cloud_data_bytes_per_minute,mean,590186.4,5
cloud_only,fault_free,estimated_cloud_data_bytes_per_minute,median,590186.4,5
cloud_only,fault_free,estimated_cloud_data_bytes_per_minute,std,6.376329780383572e-11,5
cloud_only,fault_free,estimated_cloud_data_bytes_per_minute,p95,590186.4,5
cloud_only,fault_free,estimated_cloud_data_bytes_per_minute,min,590186.3999999999,5
cloud_only,fault_free,estimated_cloud_data_bytes_per_minute,max,590186.4,5
cloud_only,fault_sustained,anomaly_events,count,5,5
cloud_only,fault_sustained,anomaly_events,mean,2220.4,5
cloud_only,fault_sustained,anomaly_events,median,2217.0,5
cloud_only,fault_sustained,anomaly_events,std,10.310189135025603,5
cloud_only,fault_sustained,anomaly_events,p95,2233.8,5
cloud_only,fault_sustained,anomaly_events,min,2210.0,5
cloud_only,fault_sustained,anomaly_events,max,2236.0,5
cloud_only,fault_sustained,anomaly_ratio_count,count,5,5
cloud_only,fault_sustained,anomaly_ratio_count,mean,32.0,5
cloud_only,fault_sustained,anomaly_ratio_count,median,32.0,5
cloud_only,fault_sustained,anomaly_ratio_count,std,0.0,5
cloud_only,fault_sustained,anomaly_ratio_count,p95,32.0,5
cloud_only,fault_sustained,anomaly_ratio_count,min,32.0,5
cloud_only,fault_sustained,anomaly_ratio_count,max,32.0,5
cloud_only,fault_sustained,anomaly_ratio_max,count,5,5
cloud_only,fault_sustained,anomaly_ratio_max,mean,1.0,5
cloud_only,fault_sustained,anomaly_ratio_max,median,1.0,5
cloud_only,fault_sustained,anomaly_ratio_max,std,0.0,5
cloud_only,fault_sustained,anomaly_ratio_max,p95,1.0,5
cloud_only,fault_sustained,anomaly_ratio_max,min,1.0,5
cloud_only,fault_sustained,anomaly_ratio_max,max,1.0,5
cloud_only,fault_sustained,anomaly_ratio_mean,count,5,5
cloud_only,fault_sustained,anomaly_ratio_mean,mean,0.680875,5
cloud_only,fault_sustained,anomaly_ratio_mean,median,0.6825,5
cloud_only,fault_sustained,anomaly_ratio_mean,std,0.00882058582946733,5
cloud_only,fault_sustained,anomaly_ratio_mean,p95,0.691125,5
cloud_only,fault_sustained,anomaly_ratio_mean,min,0.6703125,5
cloud_only,fault_sustained,anomaly_ratio_mean,max,0.6928124999999999,5
cloud_only,fault_sustained,anomaly_ratio_median,count,5,5
cloud_only,fault_sustained,anomaly_ratio_median,mean,0.923,5
cloud_only,fault_sustained,anomaly_ratio_median,median,0.92,5
cloud_only,fault_sustained,anomaly_ratio_median,std,0.007582875444051557,5
cloud_only,fault_sustained,anomaly_ratio_median,p95,0.933,5
cloud_only,fault_sustained,anomaly_ratio_median,min,0.915,5
cloud_only,fault_sustained,anomaly_ratio_median,max,0.935,5
cloud_only,fault_sustained,anomaly_ratio_min,count,5,5
cloud_only,fault_sustained,anomaly_ratio_min,mean,0.0,5
cloud_only,fault_sustained,anomaly_ratio_min,median,0.0,5
cloud_only,fault_sustained,anomaly_ratio_min,std,0.0,5
cloud_only,fault_sustained,anomaly_ratio_min,p95,0.0,5
cloud_only,fault_sustained,anomaly_ratio_min,min,0.0,5
cloud_only,fault_sustained,anomaly_ratio_min,max,0.0,5
cloud_only,fault_sustained,anomaly_ratio_p95,count,5,5
cloud_only,fault_sustained,anomaly_ratio_p95,mean,0.9969,5
cloud_only,fault_sustained,anomaly_ratio_p95,median,1.0,5
cloud_only,fault_sustained,anomaly_ratio_p95,std,0.0045332107826572664,5
cloud_only,fault_sustained,anomaly_ratio_p95,p95,1.0,5
cloud_only,fault_sustained,anomaly_ratio_p95,min,0.99,5
cloud_only,fault_sustained,anomaly_ratio_p95,max,1.0,5
cloud_only,fault_sustained,anomaly_ratio_std,count,5,5
cloud_only,fault_sustained,anomaly_ratio_std,mean,0.41694878627951115,5
cloud_only,fault_sustained,anomaly_ratio_std,median,0.41357606469707914,5
cloud_only,fault_sustained,anomaly_ratio_std,std,0.007264441182799068,5
cloud_only,fault_sustained,anomaly_ratio_std,p95,0.42637252362462547,5
cloud_only,fault_sustained,anomaly_ratio_std,min,0.4099664374539819,5
cloud_only,fault_sustained,anomaly_ratio_std,max,0.42775094030929245,5
cloud_only,fault_sustained,classifier_cpu_count,count,5,5
cloud_only,fault_sustained,classifier_cpu_count,mean,159.2,5
cloud_only,fault_sustained,classifier_cpu_count,median,160.0,5
cloud_only,fault_sustained,classifier_cpu_count,std,1.6431676725154984,5
cloud_only,fault_sustained,classifier_cpu_count,p95,160.8,5
cloud_only,fault_sustained,classifier_cpu_count,min,157.0,5
cloud_only,fault_sustained,classifier_cpu_count,max,161.0,5
cloud_only,fault_sustained,classifier_cpu_max,count,5,5
cloud_only,fault_sustained,classifier_cpu_max,mean,2.277668684125802,5
cloud_only,fault_sustained,classifier_cpu_max,median,2.1617678832689027,5
cloud_only,fault_sustained,classifier_cpu_max,std,0.2635623888679615,5
cloud_only,fault_sustained,classifier_cpu_max,p95,2.5656236209143266,5
cloud_only,fault_sustained,classifier_cpu_max,min,2.0403321676755,5
cloud_only,fault_sustained,classifier_cpu_max,max,2.5680634343346433,5
cloud_only,fault_sustained,classifier_cpu_mean,count,5,5
cloud_only,fault_sustained,classifier_cpu_mean,mean,0.5347313021483109,5
cloud_only,fault_sustained,classifier_cpu_mean,median,0.5251692405801704,5
cloud_only,fault_sustained,classifier_cpu_mean,std,0.018263586633440153,5
cloud_only,fault_sustained,classifier_cpu_mean,p95,0.5571717972507834,5
cloud_only,fault_sustained,classifier_cpu_mean,min,0.517374860745303,5
cloud_only,fault_sustained,classifier_cpu_mean,max,0.559225891220108,5
cloud_only,fault_sustained,classifier_cpu_median,count,5,5
cloud_only,fault_sustained,classifier_cpu_median,mean,0.10364516768271827,5
cloud_only,fault_sustained,classifier_cpu_median,median,0.10314785573066255,5
cloud_only,fault_sustained,classifier_cpu_median,std,0.0017962802621351312,5
cloud_only,fault_sustained,classifier_cpu_median,p95,0.10593728600003657,5
cloud_only,fault_sustained,classifier_cpu_median,min,0.10181165954686142,5
cloud_only,fault_sustained,classifier_cpu_median,max,0.1062794658185274,5
cloud_only,fault_sustained,classifier_cpu_min,count,5,5
cloud_only,fault_sustained,classifier_cpu_min,mean,0.08562850206639201,5
cloud_only,fault_sustained,classifier_cpu_min,median,0.08566581989499751,5
cloud_only,fault_sustained,classifier_cpu_min,std,0.004569489458971631,5
cloud_only,fault_sustained,classifier_cpu_min,p95,0.09019340779838289,5
cloud_only,fault_sustained,classifier_cpu_min,min,0.07846864474978932,5
cloud_only,fault_sustained,classifier_cpu_min,max,0.09071140611038796,5
cloud_only,fault_sustained,classifier_cpu_p95,count,5,5
cloud_only,fault_sustained,classifier_cpu_p95,mean,2.1837783129902166,5
cloud_only,fault_sustained,classifier_cpu_p95,median,2.117389724723049,5
cloud_only,fault_sustained,classifier_cpu_p95,std,0.20191082390937456,5
cloud_only,fault_sustained,classifier_cpu_p95,p95,2.4283397382303966,5
cloud_only,fault_sustained,classifier_cpu_p95,min,2.000593806853682,5
cloud_only,fault_sustained,classifier_cpu_p95,max,2.450669673469103,5
cloud_only,fault_sustained,classifier_cpu_std,count,5,5
cloud_only,fault_sustained,classifier_cpu_std,mean,0.7918085957215579,5
cloud_only,fault_sustained,classifier_cpu_std,median,0.7763488146607074,5
cloud_only,fault_sustained,classifier_cpu_std,std,0.06312683961795917,5
cloud_only,fault_sustained,classifier_cpu_std,p95,0.8664875851651158,5
cloud_only,fault_sustained,classifier_cpu_std,min,0.7327571910974089,5
cloud_only,fault_sustained,classifier_cpu_std,max,0.8726512952583305,5
cloud_only,fault_sustained,classifier_memory_count,count,5,5
cloud_only,fault_sustained,classifier_memory_count,mean,160.2,5
cloud_only,fault_sustained,classifier_memory_count,median,161.0,5
cloud_only,fault_sustained,classifier_memory_count,std,1.6431676725154984,5
cloud_only,fault_sustained,classifier_memory_count,p95,161.8,5
cloud_only,fault_sustained,classifier_memory_count,min,158.0,5
cloud_only,fault_sustained,classifier_memory_count,max,162.0,5
cloud_only,fault_sustained,classifier_memory_max,count,5,5
cloud_only,fault_sustained,classifier_memory_max,mean,254656512.0,5
cloud_only,fault_sustained,classifier_memory_max,median,255528960.0,5
cloud_only,fault_sustained,classifier_memory_max,std,2273735.6804554043,5
cloud_only,fault_sustained,classifier_memory_max,p95,256756940.8,5
cloud_only,fault_sustained,classifier_memory_max,min,252026880.0,5
cloud_only,fault_sustained,classifier_memory_max,max,256827392.0,5
cloud_only,fault_sustained,classifier_memory_mean,count,5,5
cloud_only,fault_sustained,classifier_memory_mean,mean,246035579.28671744,5
cloud_only,fault_sustained,classifier_memory_mean,median,246287061.87341774,5
cloud_only,fault_sustained,classifier_memory_mean,std,692256.9178052151,5
cloud_only,fault_sustained,classifier_memory_mean,p95,246435163.6304682,5
cloud_only,fault_sustained,classifier_memory_mean,min,244805275.82608697,5
cloud_only,fault_sustained,classifier_memory_mean,max,246446505.05660376,5
cloud_only,fault_sustained,classifier_memory_median,count,5,5
cloud_only,fault_sustained,classifier_memory_median,mean,246192537.6,5
cloud_only,fault_sustained,classifier_memory_median,median,246202368.0,5
cloud_only,fault_sustained,classifier_memory_median,std,181882.69436315264,5
cloud_only,fault_sustained,classifier_memory_median,p95,246360473.6,5
cloud_only,fault_sustained,classifier_memory_median,min,245895168.0,5
cloud_only,fault_sustained,classifier_memory_median,max,246378496.0,5
cloud_only,fault_sustained,classifier_memory_min,count,5,5
cloud_only,fault_sustained,classifier_memory_min,mean,245197209.6,5
cloud_only,fault_sustained,classifier_memory_min,median,245993472.0,5
cloud_only,fault_sustained,classifier_memory_min,std,1838402.8026297174,5
cloud_only,fault_sustained,classifier_memory_min,p95,246073753.6,5
cloud_only,fault_sustained,classifier_memory_min,min,241909760.0,5
cloud_only,fault_sustained,classifier_memory_min,max,246079488.0,5
cloud_only,fault_sustained,classifier_memory_p95,count,5,5
cloud_only,fault_sustained,classifier_memory_p95,mean,246453002.24,5
cloud_only,fault_sustained,classifier_memory_p95,median,246427648.0,5
cloud_only,fault_sustained,classifier_memory_p95,std,136657.34826450952,5
cloud_only,fault_sustained,classifier_memory_p95,p95,246602096.64,5
cloud_only,fault_sustained,classifier_memory_p95,min,246259712.0,5
cloud_only,fault_sustained,classifier_memory_p95,max,246616064.0,5
cloud_only,fault_sustained,classifier_memory_std,count,5,5
cloud_only,fault_sustained,classifier_memory_std,mean,951025.5580871413,5
cloud_only,fault_sustained,classifier_memory_std,median,748690.6863959134,5
cloud_only,fault_sustained,classifier_memory_std,std,606788.0437143844,5
cloud_only,fault_sustained,classifier_memory_std,p95,1775202.2212798106,5
cloud_only,fault_sustained,classifier_memory_std,min,472040.20986388216,5
cloud_only,fault_sustained,classifier_memory_std,max,2009142.8208981236,5
cloud_only,fault_sustained,cloud_escalations,count,5,5
cloud_only,fault_sustained,cloud_escalations,mean,23.4,5
cloud_only,fault_sustained,cloud_escalations,median,23.0,5
cloud_only,fault_sustained,cloud_escalations,std,0.5477225575051661,5
cloud_only,fault_sustained,cloud_escalations,p95,24.0,5
cloud_only,fault_sustained,cloud_escalations,min,23.0,5
cloud_only,fault_sustained,cloud_escalations,max,24.0,5
cloud_only,fault_sustained,detection_latency_ms_count,count,5,5
cloud_only,fault_sustained,detection_latency_ms_count,mean,2220.4,5
cloud_only,fault_sustained,detection_latency_ms_count,median,2217.0,5
cloud_only,fault_sustained,detection_latency_ms_count,std,10.310189135025603,5
cloud_only,fault_sustained,detection_latency_ms_count,p95,2233.8,5
cloud_only,fault_sustained,detection_latency_ms_count,min,2210.0,5
cloud_only,fault_sustained,detection_latency_ms_count,max,2236.0,5
cloud_only,fault_sustained,detection_latency_ms_max,count,5,5
cloud_only,fault_sustained,detection_latency_ms_max,mean,32.279109954833984,5
cloud_only,fault_sustained,detection_latency_ms_max,median,26.561260223388672,5
cloud_only,fault_sustained,detection_latency_ms_max,std,14.220320819430425,5
cloud_only,fault_sustained,detection_latency_ms_max,p95,51.7573356628418,5
cloud_only,fault_sustained,detection_latency_ms_max,min,21.415233612060547,5
cloud_only,fault_sustained,detection_latency_ms_max,max,57.02805519104004,5
cloud_only,fault_sustained,detection_latency_ms_mean,count,5,5
cloud_only,fault_sustained,detection_latency_ms_mean,mean,3.585390124462024,5
cloud_only,fault_sustained,detection_latency_ms_mean,median,3.5945455987063633,5
cloud_only,fault_sustained,detection_latency_ms_mean,std,0.06503706530494668,5
cloud_only,fault_sustained,detection_latency_ms_mean,p95,3.6634554916553284,5
cloud_only,fault_sustained,detection_latency_ms_mean,min,3.5163326212246644,5
cloud_only,fault_sustained,detection_latency_ms_mean,max,3.6769628524780273,5
cloud_only,fault_sustained,detection_latency_ms_median,count,5,5
cloud_only,fault_sustained,detection_latency_ms_median,mean,3.4545421600341797,5
cloud_only,fault_sustained,detection_latency_ms_median,median,3.4487247467041016,5
cloud_only,fault_sustained,detection_latency_ms_median,std,0.03663959135350626,5
cloud_only,fault_sustained,detection_latency_ms_median,p95,3.4937381744384766,5
cloud_only,fault_sustained,detection_latency_ms_median,min,3.407716751098633,5
cloud_only,fault_sustained,detection_latency_ms_median,max,3.495454788208008,5
cloud_only,fault_sustained,detection_latency_ms_min,count,5,5
cloud_only,fault_sustained,detection_latency_ms_min,mean,3.003406524658203,5
cloud_only,fault_sustained,detection_latency_ms_min,median,3.027677536010742,5
cloud_only,fault_sustained,detection_latency_ms_min,std,0.07570482582778532,5
cloud_only,fault_sustained,detection_latency_ms_min,p95,3.0732154846191406,5
cloud_only,fault_sustained,detection_latency_ms_min,min,2.920866012573242,5
cloud_only,fault_sustained,detection_latency_ms_min,max,3.074169158935547,5
cloud_only,fault_sustained,detection_latency_ms_p95,count,5,5
cloud_only,fault_sustained,detection_latency_ms_p95,mean,3.9309406280517565,5
cloud_only,fault_sustained,detection_latency_ms_p95,median,3.9065957069396973,5
cloud_only,fault_sustained,detection_latency_ms_p95,std,0.06070240582015484,5
cloud_only,fault_sustained,detection_latency_ms_p95,p95,4.012913703918452,5
cloud_only,fault_sustained,detection_latency_ms_p95,min,3.876495361328125,5
cloud_only,fault_sustained,detection_latency_ms_p95,max,4.029715061187737,5
cloud_only,fault_sustained,detection_latency_ms_std,count,5,5
cloud_only,fault_sustained,detection_latency_ms_std,mean,1.066372163698253,5
cloud_only,fault_sustained,detection_latency_ms_std,median,0.9273861573702895,5
cloud_only,fault_sustained,detection_latency_ms_std,std,0.3718238588548509,5
cloud_only,fault_sustained,detection_latency_ms_std,p95,1.552209363638329,5
cloud_only,fault_sustained,detection_latency_ms_std,min,0.7168529919124133,5
cloud_only,fault_sustained,detection_latency_ms_std,max,1.6294699651699542,5
cloud_only,fault_sustained,detector_cpu_count,count,5,5
cloud_only,fault_sustained,detector_cpu_count,mean,159.2,5
cloud_only,fault_sustained,detector_cpu_count,median,159.0,5
cloud_only,fault_sustained,detector_cpu_count,std,1.3038404810405297,5
cloud_only,fault_sustained,detector_cpu_count,p95,160.8,5
cloud_only,fault_sustained,detector_cpu_count,min,158.0,5
cloud_only,fault_sustained,detector_cpu_count,max,161.0,5
cloud_only,fault_sustained,detector_cpu_max,count,5,5
cloud_only,fault_sustained,detector_cpu_max,mean,2.7203956026754255,5
cloud_only,fault_sustained,detector_cpu_max,median,2.713155145119141,5
cloud_only,fault_sustained,detector_cpu_max,std,0.10526860315574715,5
cloud_only,fault_sustained,detector_cpu_max,p95,2.8375267164178566,5
cloud_only,fault_sustained,detector_cpu_max,min,2.5682967461098403,5
cloud_only,fault_sustained,detector_cpu_max,max,2.8539543378353787,5
cloud_only,fault_sustained,detector_cpu_mean,count,5,5
cloud_only,fault_sustained,detector_cpu_mean,mean,1.8160293783325252,5
cloud_only,fault_sustained,detector_cpu_mean,median,1.7995515398023718,5
cloud_only,fault_sustained,detector_cpu_mean,std,0.03979502206175031,5
cloud_only,fault_sustained,detector_cpu_mean,p95,1.860539296659441,5
cloud_only,fault_sustained,detector_cpu_mean,min,1.7728330232585607,5
cloud_only,fault_sustained,detector_cpu_mean,max,1.8620945666762843,5
cloud_only,fault_sustained,detector_cpu_median,count,5,5
cloud_only,fault_sustained,detector_cpu_median,mean,1.7498947444341661,5
cloud_only,fault_sustained,detector_cpu_median,median,1.718090686081633,5
cloud_only,fault_sustained,detector_cpu_median,std,0.051487279029328994,5
cloud_only,fault_sustained,detector_cpu_median,p95,1.8099310138203555,5
cloud_only,fault_sustained,detector_cpu_median,min,1.7034113597853278,5
cloud_only,fault_sustained,detector_cpu_median,max,1.8127662975515029,5
cloud_only,fault_sustained,detector_cpu_min,count,5,5
cloud_only,fault_sustained,detector_cpu_min,mean,0.9406570002449114,5
cloud_only,fault_sustained,detector_cpu_min,median,0.8214362701394007,5
cloud_only,fault_sustained,detector_cpu_min,std,0.33436719079656796,5
cloud_only,fault_sustained,detector_cpu_min,p95,1.298339851106548,5
cloud_only,fault_sustained,detector_cpu_min,min,0.595148651127791,5
cloud_only,fault_sustained,detector_cpu_min,max,1.2997448176416653,5
cloud_only,fault_sustained,detector_cpu_p95,count,5,5
cloud_only,fault_sustained,detector_cpu_p95,mean,2.589752795232957,5
cloud_only,fault_sustained,detector_cpu_p95,median,2.616941662365725,5
cloud_only,fault_sustained,detector_cpu_p95,std,0.05949284321056029,5
cloud_only,fault_sustained,detector_cpu_p95,p95,2.628482540932291,5
cloud_only,fault_sustained,detector_cpu_p95,min,2.4860548295933045,5
cloud_only,fault_sustained,detector_cpu_p95,max,2.6302242731874825,5
cloud_only,fault_sustained,detector_cpu_std,count,5,5
cloud_only,fault_sustained,detector_cpu_std,mean,0.3644025953085736,5
cloud_only,fault_sustained,detector_cpu_std,median,0.36449462966488017,5
cloud_only,fault_sustained,detector_cpu_std,std,0.025643008844634135,5
cloud_only,fault_sustained,detector_cpu_std,p95,0.39740710116110883,5
cloud_only,fault_sustained,detector_cpu_std,min,0.33924949347311906,5
cloud_only,fault_sustained,detector_cpu_std,max,0.40477416807541566,5
cloud_only,fault_sustained,detector_memory_count,count,5,5
cloud_only,fault_sustained,detector_memory_count,mean,160.2,5
cloud_only,fault_sustained,detector_memory_count,median,160.0,5
cloud_only,fault_sustained,detector_memory_count,std,1.3038404810405297,5
cloud_only,fault_sustained,detector_memory_count,p95,161.8,5
cloud_only,fault_sustained,detector_memory_count,min,159.0,5
cloud_only,fault_sustained,detector_memory_count,max,162.0,5
cloud_only,fault_sustained,detector_memory_max,count,5,5
cloud_only,fault_sustained,detector_memory_max,mean,224171622.4,5
cloud_only,fault_sustained,detector_memory_max,median,224464896.0,5
cloud_only,fault_sustained,detector_memory_max,std,1251696.9878228516,5
cloud_only,fault_sustained,detector_memory_max,p95,225353728.0,5
cloud_only,fault_sustained,detector_memory_max,min,222359552.0,5
cloud_only,fault_sustained,detector_memory_max,max,225411072.0,5
cloud_only,fault_sustained,detector_memory_mean,count,5,5
cloud_only,fault_sustained,detector_memory_mean,mean,222200814.25918105,5
cloud_only,fault_sustained,detector_memory_mean,median,222205721.6,5
cloud_only,fault_sustained,detector_memory_mean,std,21013.104851082728,5
cloud_only,fault_sustained,detector_memory_mean,p95,222223490.42909488,5
cloud_only,fault_sustained,detector_memory_mean,min,222170883.16049382,5
cloud_only,fault_sustained,detector_memory_mean,max,222227140.42767295,5
cloud_only,fault_sustained,detector_memory_median,count,5,5
cloud_only,fault_sustained,detector_memory_median,mean,222196531.2,5
cloud_only,fault_sustained,detector_memory_median,median,222199808.0,5
cloud_only,fault_sustained,detector_memory_median,std,8394.302067474104,5
cloud_only,fault_sustained,detector_memory_median,p95,222203904.0,5
cloud_only,fault_sustained,detector_memory_median,min,222187520.0,5
cloud_only,fault_sustained,detector_memory_median,max,222203904.0,5
cloud_only,fault_sustained,detector_memory_min,count,5,5
cloud_only,fault_sustained,detector_memory_min,mean,221873766.4,5
cloud_only,fault_sustained,detector_memory_min,median,221880320.0,5
cloud_only,fault_sustained,detector_memory_min,std,17036.602853855577,5
cloud_only,fault_sustained,detector_memory_min,p95,221888512.0,5
cloud_only,fault_sustained,detector_memory_min,min,221851648.0,5
cloud_only,fault_sustained,detector_memory_min,max,221888512.0,5
cloud_only,fault_sustained,detector_memory_p95,count,5,5
cloud_only,fault_sustained,detector_memory_p95,mean,222358732.8,5
cloud_only,fault_sustained,detector_memory_p95,median,222351360.0,5
cloud_only,fault_sustained,detector_memory_p95,std,16738.56347480273,5
cloud_only,fault_sustained,detector_memory_p95,p95,222381670.4,5
cloud_only,fault_sustained,detector_memory_p95,min,222347264.0,5
cloud_only,fault_sustained,detector_memory_p95,max,222388224.0,5
cloud_only,fault_sustained,detector_memory_std,count,5,5
cloud_only,fault_sustained,detector_memory_std,mean,213748.89105639028,5
cloud_only,fault_sustained,detector_memory_std,median,220718.7376792168,5
cloud_only,fault_sustained,detector_memory_std,std,61967.30684645702,5
cloud_only,fault_sustained,detector_memory_std,p95,278289.8902444869,5
cloud_only,fault_sustained,detector_memory_std,min,134639.7930501335,5
cloud_only,fault_sustained,detector_memory_std,max,282330.26197422546,5
cloud_only,fault_sustained,diagnosis_latency_ms_count,count,5,5
cloud_only,fault_sustained,diagnosis_latency_ms_count,mean,23.4,5
cloud_only,fault_sustained,diagnosis_latency_ms_count,median,23.0,5
cloud_only,fault_sustained,diagnosis_latency_ms_count,std,0.5477225575051661,5
cloud_only,fault_sustained,diagnosis_latency_ms_count,p95,24.0,5
cloud_only,fault_sustained,diagnosis_latency_ms_count,min,23.0,5
cloud_only,fault_sustained,diagnosis_latency_ms_count,max,24.0,5
cloud_only,fault_sustained,diagnosis_latency_ms_max,count,5,5
cloud_only,fault_sustained,diagnosis_latency_ms_max,mean,20.26958465576172,5
cloud_only,fault_sustained,diagnosis_latency_ms_max,median,16.002178192138672,5
cloud_only,fault_sustained,diagnosis_latency_ms_max,std,7.029998228868495,5
cloud_only,fault_sustained,diagnosis_latency_ms_max,p95,29.422330856323242,5
cloud_only,fault_sustained,diagnosis_latency_ms_max,min,14.911413192749023,5
cloud_only,fault_sustained,diagnosis_latency_ms_max,max,30.64894676208496,5
cloud_only,fault_sustained,diagnosis_latency_ms_mean,count,5,5
cloud_only,fault_sustained,diagnosis_latency_ms_mean,mean,13.841822527456975,5
cloud_only,fault_sustained,diagnosis_latency_ms_mean,median,13.820233552352242,5
cloud_only,fault_sustained,diagnosis_latency_ms_mean,std,0.6709808746691944,5
cloud_only,fault_sustained,diagnosis_latency_ms_mean,p95,14.706954230432924,5
cloud_only,fault_sustained,diagnosis_latency_ms_mean,min,13.193016466887102,5
cloud_only,fault_sustained,diagnosis_latency_ms_mean,max,14.888908552086871,5
cloud_only,fault_sustained,diagnosis_latency_ms_median,count,5,5
cloud_only,fault_sustained,diagnosis_latency_ms_median,mean,13.542628288269043,5
cloud_only,fault_sustained,diagnosis_latency_ms_median,median,13.40794563293457,5
cloud_only,fault_sustained,diagnosis_latency_ms_median,std,0.3912478521817098,5
cloud_only,fault_sustained,diagnosis_latency_ms_median,p95,13.986539840698242,5
cloud_only,fault_sustained,diagnosis_latency_ms_median,min,13.129949569702148,5
cloud_only,fault_sustained,diagnosis_latency_ms_median,max,14.007210731506348,5
cloud_only,fault_sustained,diagnosis_latency_ms_min,count,5,5
cloud_only,fault_sustained,diagnosis_latency_ms_min,mean,11.540508270263672,5
cloud_only,fault_sustained,diagnosis_latency_ms_min,median,11.664390563964844,5
cloud_only,fault_sustained,diagnosis_latency_ms_min,std,0.7673409389413253,5
cloud_only,fault_sustained,diagnosis_latency_ms_min,p95,12.281322479248047,5
cloud_only,fault_sustained,diagnosis_latency_ms_min,min,10.303258895874023,5
cloud_only,fault_sustained,diagnosis_latency_ms_min,max,12.417316436767578,5
cloud_only,fault_sustained,diagnosis_latency_ms_p95,count,5,5
cloud_only,fault_sustained,diagnosis_latency_ms_p95,mean,15.623738765716553,5
cloud_only,fault_sustained,diagnosis_latency_ms_p95,median,15.486097335815428,5
cloud_only,fault_sustained,diagnosis_latency_ms_p95,std,0.9395138171295064,5
cloud_only,fault_sustained,diagnosis_latency_ms_p95,p95,16.83844566345215,5
cloud_only,fault_sustained,diagnosis_latency_ms_p95,min,14.71775770187378,5
cloud_only,fault_sustained,diagnosis_latency_ms_p95,max,17.059946060180664,5
cloud_only,fault_sustained,diagnosis_latency_ms_std,count,5,5
cloud_only,fault_sustained,diagnosis_latency_ms_std,mean,1.8525596340510304,5
cloud_only,fault_sustained,diagnosis_latency_ms_std,median,1.3284084828188967,5
cloud_only,fault_sustained,diagnosis_latency_ms_std,std,1.1765863256628972,5
cloud_only,fault_sustained,diagnosis_latency_ms_std,p95,3.384672640197979,5
cloud_only,fault_sustained,diagnosis_latency_ms_std,min,0.8893385085763507,5
cloud_only,fault_sustained,diagnosis_latency_ms_std,max,3.6047946781913276,5
cloud_only,fault_sustained,diagnosis_processing_ms_count,count,5,5
cloud_only,fault_sustained,diagnosis_processing_ms_count,mean,23.4,5
cloud_only,fault_sustained,diagnosis_processing_ms_count,median,23.0,5
cloud_only,fault_sustained,diagnosis_processing_ms_count,std,0.5477225575051661,5
cloud_only,fault_sustained,diagnosis_processing_ms_count,p95,24.0,5
cloud_only,fault_sustained,diagnosis_processing_ms_count,min,23.0,5
cloud_only,fault_sustained,diagnosis_processing_ms_count,max,24.0,5
cloud_only,fault_sustained,diagnosis_processing_ms_max,count,5,5
cloud_only,fault_sustained,diagnosis_processing_ms_max,mean,9.776687622070312,5
cloud_only,fault_sustained,diagnosis_processing_ms_max,median,6.700754165649414,5
cloud_only,fault_sustained,diagnosis_processing_ms_max,std,6.538690554560984,5
cloud_only,fault_sustained,diagnosis_processing_ms_max,p95,18.815994262695312,5
cloud_only,fault_sustained,diagnosis_processing_ms_max,min,5.699872970581055,5
cloud_only,fault_sustained,diagnosis_processing_ms_max,max,21.18849754333496,5
cloud_only,fault_sustained,diagnosis_processing_ms_mean,count,5,5
cloud_only,fault_sustained,diagnosis_processing_ms_mean,mean,5.095312388046928,5
cloud_only,fault_sustained,diagnosis_processing_ms_mean,median,5.033099133035411,5
cloud_only,fault_sustained,diagnosis_processing_ms_mean,std,0.4491463695178629,5
cloud_only,fault_sustained,diagnosis_processing_ms_mean,p95,5.682650165281434,5
cloud_only,fault_sustained,diagnosis_processing_ms_mean,min,4.636401715485946,5
cloud_only,fault_sustained,diagnosis_processing_ms_mean,max,5.807845488838527,5
cloud_only,fault_sustained,diagnosis_processing_ms_median,count,5,5
cloud_only,fault_sustained,diagnosis_processing_ms_median,mean,4.811215400695801,5
cloud_only,fault_sustained,diagnosis_processing_ms_median,median,4.792332649230957,5
cloud_only,fault_sustained,diagnosis_processing_ms_median,std,0.23578059996843825,5
cloud_only,fault_sustained,diagnosis_processing_ms_median,p95,5.052947998046875,5
cloud_only,fault_sustained,diagnosis_processing_ms_median,min,4.462003707885742,5
cloud_only,fault_sustained,diagnosis_processing_ms_median,max,5.070924758911133,5
cloud_only,fault_sustained,diagnosis_processing_ms_min,count,5,5
cloud_only,fault_sustained,diagnosis_processing_ms_min,mean,4.022645950317383,5
cloud_only,fault_sustained,diagnosis_processing_ms_min,median,4.027843475341797,5
cloud_only,fault_sustained,diagnosis_processing_ms_min,std,0.21284646895086073,5
cloud_only,fault_sustained,diagnosis_processing_ms_min,p95,4.23436164855957,5
cloud_only,fault_sustained,diagnosis_processing_ms_min,min,3.7086009979248047,5
cloud_only,fault_sustained,diagnosis_processing_ms_min,max,4.246711730957031,5
cloud_only,fault_sustained,diagnosis_processing_ms_p95,count,5,5
cloud_only,fault_sustained,diagnosis_processing_ms_p95,mean,6.031944751739501,5
cloud_only,fault_sustained,diagnosis_processing_ms_p95,median,6.18607997894287,5
cloud_only,fault_sustained,diagnosis_processing_ms_p95,std,0.5067535805124942,5
cloud_only,fault_sustained,diagnosis_processing_ms_p95,p95,6.512310504913328,5
cloud_only,fault_sustained,diagnosis_processing_ms_p95,min,5.319476127624512,5
cloud_only,fault_sustained,diagnosis_processing_ms_p95,max,6.54022693634033,5
cloud_only,fault_sustained,diagnosis_processing_ms_std,count,5,5
cloud_only,fault_sustained,diagnosis_processing_ms_std,mean,1.1988182511476426,5
cloud_only,fault_sustained,diagnosis_processing_ms_std,median,0.6388256679716494,5
cloud_only,fault_sustained,diagnosis_processing_ms_std,std,1.252618470642234,5
cloud_only,fault_sustained,diagnosis_processing_ms_std,p95,2.9284664559862037,5
cloud_only,fault_sustained,diagnosis_processing_ms_std,min,0.41916211454597735,5
cloud_only,fault_sustained,diagnosis_processing_ms_std,max,3.3895700356161567,5
cloud_only,fault_sustained,diagnosis_requests,count,5,5
cloud_only,fault_sustained,diagnosis_requests,mean,23.4,5
cloud_only,fault_sustained,diagnosis_requests,median,23.0,5
cloud_only,fault_sustained,diagnosis_requests,std,0.5477225575051661,5
cloud_only,fault_sustained,diagnosis_requests,p95,24.0,5
cloud_only,fault_sustained,diagnosis_requests,min,23.0,5
cloud_only,fault_sustained,diagnosis_requests,max,24.0,5
cloud_only,fault_sustained,e2e_latency_ms_count,count,5,5
cloud_only,fault_sustained,e2e_latency_ms_count,mean,23.4,5
cloud_only,fault_sustained,e2e_latency_ms_count,median,23.0,5
cloud_only,fault_sustained,e2e_latency_ms_count,std,0.5477225575051661,5
cloud_only,fault_sustained,e2e_latency_ms_count,p95,24.0,5
cloud_only,fault_sustained,e2e_latency_ms_count,min,23.0,5
cloud_only,fault_sustained,e2e_latency_ms_count,max,24.0,5
cloud_only,fault_sustained,e2e_latency_ms_max,count,5,5
cloud_only,fault_sustained,e2e_latency_ms_max,mean,10049.247598648071,5
cloud_only,fault_sustained,e2e_latency_ms_max,median,10049.478769302368,5
cloud_only,fault_sustained,e2e_latency_ms_max,std,2.6222443040849535,5
cloud_only,fault_sustained,e2e_latency_ms_max,p95,10051.890707015991,5
cloud_only,fault_sustained,e2e_latency_ms_max,min,10045.66764831543,5
cloud_only,fault_sustained,e2e_latency_ms_max,max,10052.018642425537,5
cloud_only,fault_sustained,e2e_latency_ms_mean,count,5,5
cloud_only,fault_sustained,e2e_latency_ms_mean,mean,9887.767217038334,5
cloud_only,fault_sustained,e2e_latency_ms_mean,median,9994.032963462498,5
cloud_only,fault_sustained,e2e_latency_ms_mean,std,158.96677368584764,5
cloud_only,fault_sustained,e2e_latency_ms_mean,p95,10000.782363311104,5
cloud_only,fault_sustained,e2e_latency_ms_mean,min,9649.836798508963,5
cloud_only,fault_sustained,e2e_latency_ms_mean,max,10001.826846081278,5
cloud_only,fault_sustained,e2e_latency_ms_median,count,5,5
cloud_only,fault_sustained,e2e_latency_ms_median,mean,9997.176814079285,5
cloud_only,fault_sustained,e2e_latency_ms_median,median,9998.180866241455,5
cloud_only,fault_sustained,e2e_latency_ms_median,std,9.665180437727459,5
cloud_only,fault_sustained,e2e_latency_ms_median,p95,10008.669233322144,5
cloud_only,fault_sustained,e2e_latency_ms_median,min,9985.392689704895,5
cloud_only,fault_sustained,e2e_latency_ms_median,max,10010.642290115356,5
cloud_only,fault_sustained,e2e_latency_ms_min,count,5,5
cloud_only,fault_sustained,e2e_latency_ms_min,mean,8558.48617553711,5
cloud_only,fault_sustained,e2e_latency_ms_min,median,9883.97479057312,5
cloud_only,fault_sustained,e2e_latency_ms_min,std,2126.048591037238,5
cloud_only,fault_sustained,e2e_latency_ms_min,p95,9945.573663711548,5
cloud_only,fault_sustained,e2e_latency_ms_min,min,5071.563243865967,5
cloud_only,fault_sustained,e2e_latency_ms_min,max,9950.518369674683,5
cloud_only,fault_sustained,e2e_latency_ms_p95,count,5,5
cloud_only,fault_sustained,e2e_latency_ms_p95,mean,10044.632172584534,5
cloud_only,fault_sustained,e2e_latency_ms_p95,median,10043.507719039917,5
cloud_only,fault_sustained,e2e_latency_ms_p95,std,3.5924276736781127,5
cloud_only,fault_sustained,e2e_latency_ms_p95,p95,10048.949389457703,5
cloud_only,fault_sustained,e2e_latency_ms_p95,min,10040.810132026672,5
cloud_only,fault_sustained,e2e_latency_ms_p95,max,10049.352169036865,5
cloud_only,fault_sustained,e2e_latency_ms_std,count,5,5
cloud_only,fault_sustained,e2e_latency_ms_std,mean,364.99655381034097,5
cloud_only,fault_sustained,e2e_latency_ms_std,median,42.681786055511374,5
cloud_only,fault_sustained,e2e_latency_ms_std,std,464.3749470939454,5
cloud_only,fault_sustained,e2e_latency_ms_std,p95,948.5096346611468,5
cloud_only,fault_sustained,e2e_latency_ms_std,min,28.8718219814346,5
cloud_only,fault_sustained,e2e_latency_ms_std,max,1006.8893046129615,5
cloud_only,fault_sustained,escalation_rate,count,5,5
cloud_only,fault_sustained,escalation_rate,mean,1.0,5
cloud_only,fault_sustained,escalation_rate,median,1.0,5
cloud_only,fault_sustained,escalation_rate,std,0.0,5
cloud_only,fault_sustained,escalation_rate,p95,1.0,5
cloud_only,fault_sustained,escalation_rate,min,1.0,5
cloud_only,fault_sustained,escalation_rate,max,1.0,5
cloud_only,fault_sustained,estimated_cloud_data_bytes,count,5,5
cloud_only,fault_sustained,estimated_cloud_data_bytes,mean,2950733.9104534294,5
cloud_only,fault_sustained,estimated_cloud_data_bytes,median,2940265.1109048366,5
cloud_only,fault_sustained,estimated_cloud_data_bytes,std,27697.6280283443,5
cloud_only,fault_sustained,estimated_cloud_data_bytes,p95,2986481.394966946,5
cloud_only,fault_sustained,estimated_cloud_data_bytes,min,2926718.751683283,5
cloud_only,fault_sustained,estimated_cloud_data_bytes,max,2991541.48213799,5
cloud_only,fault_sustained,estimated_cloud_data_bytes_per_minute,count,5,5
cloud_only,fault_sustained,estimated_cloud_data_bytes_per_minute,mean,586398.0,5
cloud_only,fault_sustained,estimated_cloud_data_bytes_per_minute,median,586398.0,5
cloud_only,fault_sustained,estimated_cloud_data_bytes_per_minute,std,9.740004624869623e-11,5
cloud_only,fault_sustained,estimated_cloud_data_bytes_per_minute,p95,586398.0000000001,5
cloud_only,fault_sustained,estimated_cloud_data_bytes_per_minute,min,586397.9999999999,5
cloud_only,fault_sustained,estimated_cloud_data_bytes_per_minute,max,586398.0000000001,5
edge_only,fault_alternate,anomaly_events,count,5,5
edge_only,fault_alternate,anomaly_events,mean,1618.6,5
edge_only,fault_alternate,anomaly_events,median,1616.0,5
edge_only,fault_alternate,anomaly_events,std,5.9413803110051795,5
edge_only,fault_alternate,anomaly_events,p95,1626.8,5
edge_only,fault_alternate,anomaly_events,min,1615.0,5
edge_only,fault_alternate,anomaly_events,max,1629.0,5
edge_only,fault_alternate,anomaly_ratio_count,count,5,5
edge_only,fault_alternate,anomaly_ratio_count,mean,31.4,5
edge_only,fault_alternate,anomaly_ratio_count,median,31.0,5
edge_only,fault_alternate,anomaly_ratio_count,std,0.5477225575051661,5
edge_only,fault_alternate,anomaly_ratio_count,p95,32.0,5
edge_only,fault_alternate,anomaly_ratio_count,min,31.0,5
edge_only,fault_alternate,anomaly_ratio_count,max,32.0,5
edge_only,fault_alternate,anomaly_ratio_max,count,5,5
edge_only,fault_alternate,anomaly_ratio_max,mean,1.0,5
edge_only,fault_alternate,anomaly_ratio_max,median,1.0,5
edge_only,fault_alternate,anomaly_ratio_max,std,0.0,5
edge_only,fault_alternate,anomaly_ratio_max,p95,1.0,5
edge_only,fault_alternate,anomaly_ratio_max,min,1.0,5
edge_only,fault_alternate,anomaly_ratio_max,max,1.0,5
edge_only,fault_alternate,anomaly_ratio_mean,count,5,5
edge_only,fault_alternate,anomaly_ratio_mean,mean,0.5004092741935484,5
edge_only,fault_alternate,anomaly_ratio_mean,median,0.503125,5
edge_only,fault_alternate,anomaly_ratio_mean,std,0.005538989339277006,5
edge_only,fault_alternate,anomaly_ratio_mean,p95,0.5058487903225807,5
edge_only,fault_alternate,anomaly_ratio_mean,min,0.4941935483870968,5
edge_only,fault_alternate,anomaly_ratio_mean,max,0.5064516129032258,5
edge_only,fault_alternate,anomaly_ratio_median,count,5,5
edge_only,fault_alternate,anomaly_ratio_median,mean,0.751,5
edge_only,fault_alternate,anomaly_ratio_median,median,0.76,5
edge_only,fault_alternate,anomaly_ratio_median,std,0.03814446224552131,5
edge_only,fault_alternate,anomaly_ratio_median,p95,0.794,5
edge_only,fault_alternate,anomaly_ratio_median,min,0.71,5
edge_only,fault_alternate,anomaly_ratio_median,max,0.8,5
edge_only,fault_alternate,anomaly_ratio_min,count,5,5
edge_only,fault_alternate,anomaly_ratio_min,mean,0.0,5
edge_only,fault_alternate,anomaly_ratio_min,median,0.0,5
edge_only,fault_alternate,anomaly_ratio_min,std,0.0,5
edge_only,fault_alternate,anomaly_ratio_min,p95,0.0,5
edge_only,fault_alternate,anomaly_ratio_min,min,0.0,5
edge_only,fault_alternate,anomaly_ratio_min,max,0.0,5
edge_only,fault_alternate,anomaly_ratio_p95,count,5,5
edge_only,fault_alternate,anomaly_ratio_p95,mean,0.9868,5
edge_only,fault_alternate,anomaly_ratio_p95,median,0.99,5
edge_only,fault_alternate,anomaly_ratio_p95,std,0.00661059755241537,5
edge_only,fault_alternate,anomaly_ratio_p95,p95,0.99,5
edge_only,fault_alternate,anomaly_ratio_p95,min,0.975,5
edge_only,fault_alternate,anomaly_ratio_p95,max,0.99,5
edge_only,fault_alternate,anomaly_ratio_std,count,5,5
edge_only,fault_alternate,anomaly_ratio_std,mean,0.4551554936303853,5
edge_only,fault_alternate,anomaly_ratio_std,median,0.4536620704814856,5
edge_only,fault_alternate,anomaly_ratio_std,std,0.00517820920370229,5
edge_only,fault_alternate,anomaly_ratio_std,p95,0.46108279919626327,5
edge_only,fault_alternate,anomaly_ratio_std,min,0.4483863541418775,5
edge_only,fault_alternate,anomaly_ratio_std,max,0.46164758704411735,5
edge_only,fault_alternate,classifier_cpu_count,count,5,5
edge_only,fault_alternate,classifier_cpu_count,mean,156.4,5
edge_only,fault_alternate,classifier_cpu_count,median,156.0,5
edge_only,fault_alternate,classifier_cpu_count,std,0.5477225575051661,5
edge_only,fault_alternate,classifier_cpu_count,p95,157.0,5
edge_only,fault_alternate,classifier_cpu_count,min,156.0,5
edge_only,fault_alternate,classifier_cpu_count,max,157.0,5
edge_only,fault_alternate,classifier_cpu_max,count,5,5
edge_only,fault_alternate,classifier_cpu_max,mean,13.507456282187707,5
edge_only,fault_alternate,classifier_cpu_max,median,9.68677047616678,5
edge_only,fault_alternate,classifier_cpu_max,std,6.944682772914522,5
edge_only,fault_alternate,classifier_cpu_max,p95,21.55493930061436,5
edge_only,fault_alternate,classifier_cpu_max,min,6.902376769023028,5
edge_only,fault_alternate,classifier_cpu_max,max,21.92624677282124,5
edge_only,fault_alternate,classifier_cpu_mean,count,5,5
edge_only,fault_alternate,classifier_cpu_mean,mean,1.562696017950886,5
edge_only,fault_alternate,classifier_cpu_mean,median,1.5548435078906444,5
edge_only,fault_alternate,classifier_cpu_mean,std,0.06989605177501504,5
edge_only,fault_alternate,classifier_cpu_mean,p95,1.655020814928813,5
edge_only,fault_alternate,classifier_cpu_mean,min,1.4961601551733443,5
edge_only,fault_alternate,classifier_cpu_mean,max,1.67694952525996,5
edge_only,fault_alternate,classifier_cpu_median,count,5,5
edge_only,fault_alternate,classifier_cpu_median,mean,0.19696002624362688,5
edge_only,fault_alternate,classifier_cpu_median,median,0.19717313907219414,5
edge_only,fault_alternate,classifier_cpu_median,std,0.0008724215100053125,5
edge_only,fault_alternate,classifier_cpu_median,p95,0.19790278464268923,5
edge_only,fault_alternate,classifier_cpu_median,min,0.19576655316620015,5
edge_only,fault_alternate,classifier_cpu_median,max,0.19803760095336959,5
edge_only,fault_alternate,classifier_cpu_min,count,5,5
edge_only,fault_alternate,classifier_cpu_min,mean,0.16409230843256814,5
edge_only,fault_alternate,classifier_cpu_min,median,0.16402352772190187,5
edge_only,fault_alternate,classifier_cpu_min,std,0.0021938671180918813,5
edge_only,fault_alternate,classifier_cpu_min,p95,0.16691634971510386,5
edge_only,fault_alternate,classifier_cpu_min,min,0.1617300146166533,5
edge_only,fault_alternate,classifier_cpu_min,max,0.16761557886077838,5
edge_only,fault_alternate,classifier_cpu_p95,count,5,5
edge_only,fault_alternate,classifier_cpu_p95,mean,6.148022809657278,5
edge_only,fault_alternate,classifier_cpu_p95,median,6.072553869166718,5
edge_only,fault_alternate,classifier_cpu_p95,std,0.14415462138554053,5
edge_only,fault_alternate,classifier_cpu_p95,p95,6.344440682720624,5
edge_only,fault_alternate,classifier_cpu_p95,min,6.028236168841464,5
edge_only,fault_alternate,classifier_cpu_p95,max,6.385038713284512,5
edge_only,fault_alternate,classifier_cpu_std,count,5,5
edge_only,fault_alternate,classifier_cpu_std,mean,2.5411269617703893,5
edge_only,fault_alternate,classifier_cpu_std,median,2.44917693284367,5
edge_only,fault_alternate,classifier_cpu_std,std,0.24351887648188952,5
edge_only,fault_alternate,classifier_cpu_std,p95,2.821210296227619,5
edge_only,fault_alternate,classifier_cpu_std,min,2.282928626181843,5
edge_only,fault_alternate,classifier_cpu_std,max,2.836515640010965,5
edge_only,fault_alternate,classifier_memory_count,count,5,5
edge_only,fault_alternate,classifier_memory_count,mean,157.4,5
edge_only,fault_alternate,classifier_memory_count,median,157.0,5
edge_only,fault_alternate,classifier_memory_count,std,0.5477225575051661,5
edge_only,fault_alternate,classifier_memory_count,p95,158.0,5
edge_only,fault_alternate,classifier_memory_count,min,157.0,5
edge_only,fault_alternate,classifier_memory_count,max,158.0,5
edge_only,fault_alternate,classifier_memory_max,count,5,5
edge_only,fault_alternate,classifier_memory_max,mean,272007168.0,5
edge_only,fault_alternate,classifier_memory_max,median,272207872.0,5
edge_only,fault_alternate,classifier_memory_max,std,3931227.6227926565,5
edge_only,fault_alternate,classifier_memory_max,p95,276384972.8,5
edge_only,fault_alternate,classifier_memory_max,min,267948032.0,5
edge_only,fault_alternate,classifier_memory_max,max,276754432.0,5
edge_only,fault_alternate,classifier_memory_mean,count,5,5
edge_only,fault_alternate,classifier_memory_mean,mean,265246318.78816414,5
edge_only,fault_alternate,classifier_memory_mean,median,265977908.17834395,5
edge_only,fault_alternate,classifier_memory_mean,std,1793369.7801019244,5
edge_only,fault_alternate,classifier_memory_mean,p95,266199368.09610578,5
edge_only,fault_alternate,classifier_memory_mean,min,262047887.49044585,5
edge_only,fault_alternate,classifier_memory_mean,max,266215710.98089173,5
edge_only,fault_alternate,classifier_memory_median,count,5,5
edge_only,fault_alternate,classifier_memory_median,mean,265845964.8,5
edge_only,fault_alternate,classifier_memory_median,median,265945088.0,5
edge_only,fault_alternate,classifier_memory_median,std,291498.8265417204,5
edge_only,fault_alternate,classifier_memory_median,p95,266076979.2,5
edge_only,fault_alternate,classifier_memory_median,min,265375744.0,5
edge_only,fault_alternate,classifier_memory_median,max,266080256.0,5
edge_only,fault_alternate,classifier_memory_min,count,5,5
edge_only,fault_alternate,classifier_memory_min,mean,263061504.0,5
edge_only,fault_alternate,classifier_memory_min,median,265707520.0,5
edge_only,fault_alternate,classifier_memory_min,std,5881174.9577865815,5
edge_only,fault_alternate,classifier_memory_min,p95,265805824.0,5
edge_only,fault_alternate,classifier_memory_min,min,252542976.0,5
edge_only,fault_alternate,classifier_memory_min,max,265826304.0,5
edge_only,fault_alternate,classifier_memory_p95,count,5,5
edge_only,fault_alternate,classifier_memory_p95,mean,266162585.6,5
edge_only,fault_alternate,classifier_memory_p95,median,266113843.2,5
edge_only,fault_alternate,classifier_memory_p95,std,156444.68110204182,5
edge_only,fault_alternate,classifier_memory_p95,p95,266334208.0,5
edge_only,fault_alternate,classifier_memory_p95,min,266002432.0,5
edge_only,fault_alternate,classifier_memory_p95,max,266338304.0,5
edge_only,fault_alternate,classifier_memory_std,count,5,5
edge_only,fault_alternate,classifier_memory_std,mean,1627482.6493239934,5
edge_only,fault_alternate,classifier_memory_std,median,747269.7497424176,5
edge_only,fault_alternate,classifier_memory_std,std,2279915.2557602013,5
edge_only,fault_alternate,classifier_memory_std,p95,4734777.699057329,5
edge_only,fault_alternate,classifier_memory_std,min,200112.62060859575,5
edge_only,fault_alternate,classifier_memory_std,max,5673548.634930956,5
edge_only,fault_alternate,cloud_escalations,count,5,5
edge_only,fault_alternate,cloud_escalations,mean,17.2,5
edge_only,fault_alternate,cloud_escalations,median,17.0,5
edge_only,fault_alternate,cloud_escalations,std,0.8366600265340756,5
edge_only,fault_alternate,cloud_escalations,p95,18.0,5
edge_only,fault_alternate,cloud_escalations,min,16.0,5
edge_only,fault_alternate,cloud_escalations,max,18.0,5
edge_only,fault_alternate,detection_latency_ms_count,count,5,5
edge_only,fault_alternate,detection_latency_ms_count,mean,1618.6,5
edge_only,fault_alternate,detection_latency_ms_count,median,1616.0,5
edge_only,fault_alternate,detection_latency_ms_count,std,5.9413803110051795,5
edge_only,fault_alternate,detection_latency_ms_count,p95,1626.8,5
edge_only,fault_alternate,detection_latency_ms_count,min,1615.0,5
edge_only,fault_alternate,detection_latency_ms_count,max,1629.0,5
edge_only,fault_alternate,detection_latency_ms_max,count,5,5
edge_only,fault_alternate,detection_latency_ms_max,mean,86.90929412841797,5
edge_only,fault_alternate,detection_latency_ms_max,median,71.08330726623535,5
edge_only,fault_alternate,detection_latency_ms_max,std,39.706773632243,5
edge_only,fault_alternate,detection_latency_ms_max,p95,141.61906242370605,5
edge_only,fault_alternate,detection_latency_ms_max,min,60.373544692993164,5
edge_only,fault_alternate,detection_latency_ms_max,max,155.43889999389648,5
edge_only,fault_alternate,detection_latency_ms_mean,count,5,5
edge_only,fault_alternate,detection_latency_ms_mean,mean,4.647314450672417,5
edge_only,fault_alternate,detection_latency_ms_mean,median,4.572155158217108,5
edge_only,fault_alternate,detection_latency_ms_mean,std,0.1900500336293859,5
edge_only,fault_alternate,detection_latency_ms_mean,p95,4.9052572191188295,5
edge_only,fault_alternate,detection_latency_ms_mean,min,4.519067529694849,5
edge_only,fault_alternate,detection_latency_ms_mean,max,4.983934761923175,5
edge_only,fault_alternate,detection_latency_ms_median,count,5,5
edge_only,fault_alternate,detection_latency_ms_median,mean,4.016351699829102,5
edge_only,fault_alternate,detection_latency_ms_median,median,4.012823104858398,5
edge_only,fault_alternate,detection_latency_ms_median,std,0.0066295800367124885,5
edge_only,fault_alternate,detection_latency_ms_median,p95,4.025506973266602,5
edge_only,fault_alternate,detection_latency_ms_median,min,4.011869430541992,5
edge_only,fault_alternate,detection_latency_ms_median,max,4.027605056762695,5
edge_only,fault_alternate,detection_latency_ms_min,count,5,5
edge_only,fault_alternate,detection_latency_ms_min,mean,3.744649887084961,5
edge_only,fault_alternate,detection_latency_ms_min,median,3.7429332733154297,5
edge_only,fault_alternate,detection_latency_ms_min,std,0.030822644729232053,5
edge_only,fault_alternate,detection_latency_ms_min,p95,3.778696060180664,5
edge_only,fault_alternate,detection_latency_ms_min,min,3.699064254760742,5
edge_only,fault_alternate,detection_latency_ms_min,max,3.7844181060791016,5
edge_only,fault_alternate,detection_latency_ms_p95,count,5,5
edge_only,fault_alternate,detection_latency_ms_p95,mean,6.174843311309813,5
edge_only,fault_alternate,detection_latency_ms_p95,median,6.169366836547851,5
edge_only,fault_alternate,detection_latency_ms_p95,std,0.1612766572814762,5
edge_only,fault_alternate,detection_latency_ms_p95,p95,6.353425979614257,5
edge_only,fault_alternate,detection_latency_ms_p95,min,5.9616804122924805,5
edge_only,fault_alternate,detection_latency_ms_p95,max,6.3700079917907715,5
edge_only,fault_alternate,detection_latency_ms_std,count,5,5
edge_only,fault_alternate,detection_latency_ms_std,mean,4.058762450673637,5
edge_only,fault_alternate,detection_latency_ms_std,median,3.4203383055577845,5
edge_only,fault_alternate,detection_latency_ms_std,std,1.6680564019645767,5
edge_only,fault_alternate,detection_latency_ms_std,p95,6.320622677966015,5
edge_only,fault_alternate,detection_latency_ms_std,min,2.975242213431867,5
edge_only,fault_alternate,detection_latency_ms_std,max,7.019511875688018,5
edge_only,fault_alternate,detector_cpu_count,count,5,5
edge_only,fault_alternate,detector_cpu_count,mean,156.6,5
edge_only,fault_alternate,detector_cpu_count,median,157.0,5
edge_only,fault_alternate,detector_cpu_count,std,0.5477225575051661,5
edge_only,fault_alternate,detector_cpu_count,p95,157.0,5
edge_only,fault_alternate,detector_cpu_count,min,156.0,5
edge_only,fault_alternate,detector_cpu_count,max,157.0,5
edge_only,fault_alternate,detector_cpu_max,count,5,5
edge_only,fault_alternate,detector_cpu_max,mean,19.356759007530574,5
edge_only,fault_alternate,detector_cpu_max,median,16.279942561755494,5
edge_only,fault_alternate,detector_cpu_max,std,7.839451219172599,5
edge_only,fault_alternate,detector_cpu_max,p95,30.14951278227482,5
edge_only,fault_alternate,detector_cpu_max,min,14.008972216753968,5
edge_only,fault_alternate,detector_cpu_max,max,33.00137768418938,5
edge_only,fault_alternate,detector_cpu_mean,count,5,5
edge_only,fault_alternate,detector_cpu_mean,mean,5.168851543100965,5
edge_only,fault_alternate,detector_cpu_mean,median,5.119994844617043,5
edge_only,fault_alternate,detector_cpu_mean,std,0.09217580262772057,5
edge_only,fault_alternate,detector_cpu_mean,p95,5.2785909302489324,5
edge_only,fault_alternate,detector_cpu_mean,min,5.072517107526484,5
edge_only,fault_alternate,detector_cpu_mean,max,5.286761478302007,5
edge_only,fault_alternate,detector_cpu_median,count,5,5
edge_only,fault_alternate,detector_cpu_median,mean,4.662292193099818,5
edge_only,fault_alternate,detector_cpu_median,median,4.662432682056035,5
edge_only,fault_alternate,detector_cpu_median,std,0.009317082480196174,5
edge_only,fault_alternate,detector_cpu_median,p95,4.673766025258931,5
edge_only,fault_alternate,detector_cpu_median,min,4.651988230022256,5
edge_only,fault_alternate,detector_cpu_median,max,4.675732923343685,5
edge_only,fault_alternate,detector_cpu_min,count,5,5
edge_only,fault_alternate,detector_cpu_min,mean,2.063663546267575,5
edge_only,fault_alternate,detector_cpu_min,median,1.700429092937778,5
edge_only,fault_alternate,detector_cpu_min,std,1.4326527064931722,5
edge_only,fault_alternate,detector_cpu_min,p95,3.471596340066576,5
edge_only,fault_alternate,detector_cpu_min,min,0.08058198865995393,5
edge_only,fault_alternate,detector_cpu_min,max,3.475140945122997,5
edge_only,fault_alternate,detector_cpu_p95,count,5,5
edge_only,fault_alternate,detector_cpu_p95,mean,8.321173487820118,5
edge_only,fault_alternate,detector_cpu_p95,median,8.167834891507917,5
edge_only,fault_alternate,detector_cpu_p95,std,1.0143842946982589,5
edge_only,fault_alternate,detector_cpu_p95,p95,9.619214693450814,5
edge_only,fault_alternate,detector_cpu_p95,min,7.251014610269315,5
edge_only,fault_alternate,detector_cpu_p95,max,9.848381982123575,5
edge_only,fault_alternate,detector_cpu_std,count,5,5
edge_only,fault_alternate,detector_cpu_std,mean,2.2602292527769903,5
edge_only,fault_alternate,detector_cpu_std,median,2.2996504866433405,5
edge_only,fault_alternate,detector_cpu_std,std,0.5001048680975573,5
edge_only,fault_alternate,detector_cpu_std,p95,2.8940100605859786,5
edge_only,fault_alternate,detector_cpu_std,min,1.765669914549311,5
edge_only,fault_alternate,detector_cpu_std,max,3.0369636491404757,5
edge_only,fault_alternate,detector_memory_count,count,5,5
edge_only,fault_alternate,detector_memory_count,mean,157.6,5
edge_only,fault_alternate,detector_memory_count,median,158.0,5
edge_only,fault_alternate,detector_memory_count,std,0.5477225575051661,5
edge_only,fault_alternate,detector_memory_count,p95,158.0,5
edge_only,fault_alternate,detector_memory_count,min,157.0,5
edge_only,fault_alternate,detector_memory_count,max,158.0,5
edge_only,fault_alternate,detector_memory_max,count,5,5
edge_only,fault_alternate,detector_memory_max,mean,244834304.0,5
edge_only,fault_alternate,detector_memory_max,median,244310016.0,5
edge_only,fault_alternate,detector_memory_max,std,914220.4100106276,5
edge_only,fault_alternate,detector_memory_max,p95,246013132.8,5
edge_only,fault_alternate,detector_memory_max,min,244137984.0,5
edge_only,fault_alternate,detector_memory_max,max,246161408.0,5
edge_only,fault_alternate,detector_memory_mean,count,5,5
edge_only,fault_alternate,detector_memory_mean,mean,243912999.93046844,5
edge_only,fault_alternate,detector_memory_mean,median,243955072.81528664,5
edge_only,fault_alternate,detector_memory_mean,std,107760.28247917494,5
edge_only,fault_alternate,detector_memory_mean,p95,243976249.0329114,5
edge_only,fault_alternate,detector_memory_mean,min,243721954.83544305,5
edge_only,fault_alternate,detector_memory_mean,max,243977851.1392405,5
edge_only,fault_alternate,detector_memory_median,count,5,5
edge_only,fault_alternate,detector_memory_median,mean,243964723.2,5
edge_only,fault_alternate,detector_memory_median,median,243978240.0,5
edge_only,fault_alternate,detector_memory_median,std,31846.23536934939,5
edge_only,fault_alternate,detector_memory_median,p95,243997081.6,5
edge_only,fault_alternate,detector_memory_median,min,243929088.0,5
edge_only,fault_alternate,detector_memory_median,max,244000768.0,5
edge_only,fault_alternate,detector_memory_min,count,5,5
edge_only,fault_alternate,detector_memory_min,mean,241181491.2,5
edge_only,fault_alternate,detector_memory_min,median,243638272.0,5
edge_only,fault_alternate,detector_memory_min,std,5498110.248991666,5
edge_only,fault_alternate,detector_memory_min,p95,243645644.8,5
edge_only,fault_alternate,detector_memory_min,min,231346176.0,5
edge_only,fault_alternate,detector_memory_min,max,243646464.0,5
edge_only,fault_alternate,detector_memory_p95,count,5,5
edge_only,fault_alternate,detector_memory_p95,mean,244123361.28,5
edge_only,fault_alternate,detector_memory_p95,median,244122214.4,5
edge_only,fault_alternate,detector_memory_p95,std,6822.637744450205,5
edge_only,fault_alternate,detector_memory_p95,p95,244132249.6,5
edge_only,fault_alternate,detector_memory_p95,min,244117504.0,5
edge_only,fault_alternate,detector_memory_p95,max,244133888.0,5
edge_only,fault_alternate,detector_memory_std,count,5,5
edge_only,fault_alternate,detector_memory_std,mean,464998.85794159817,5
edge_only,fault_alternate,detector_memory_std,median,127902.81264166663,5
edge_only,fault_alternate,detector_memory_std,std,710486.137722887,5
edge_only,fault_alternate,detector_memory_std,p95,1430277.6051999994,5
edge_only,fault_alternate,detector_memory_std,min,122384.84110059025,5
edge_only,fault_alternate,detector_memory_std,max,1734036.817903252,5
edge_only,fault_alternate,diagnosis_latency_ms_count,count,5,5
edge_only,fault_alternate,diagnosis_latency_ms_count,mean,17.2,5
edge_only,fault_alternate,diagnosis_latency_ms_count,median,17.0,5
edge_only,fault_alternate,diagnosis_latency_ms_count,std,0.8366600265340756,5
edge_only,fault_alternate,diagnosis_latency_ms_count,p95,18.0,5
edge_only,fault_alternate,diagnosis_latency_ms_count,min,16.0,5
edge_only,fault_alternate,diagnosis_latency_ms_count,max,18.0,5
edge_only,fault_alternate,diagnosis_latency_ms_max,count,5,5
edge_only,fault_alternate,diagnosis_latency_ms_max,mean,154.8508644104004,5
edge_only,fault_alternate,diagnosis_latency_ms_max,median,35.3546142578125,5
edge_only,fault_alternate,diagnosis_latency_ms_max,std,213.158877205244,5
edge_only,fault_alternate,diagnosis_latency_ms_max,p95,450.17371177673334,5
edge_only,fault_alternate,diagnosis_latency_ms_max,min,26.13377571105957,5
edge_only,fault_alternate,diagnosis_latency_ms_max,max,523.72145652771,5
edge_only,fault_alternate,diagnosis_latency_ms_mean,count,5,5
edge_only,fault_alternate,diagnosis_latency_ms_mean,mean,30.182578497462803,5
edge_only,fault_alternate,diagnosis_latency_ms_mean,median,22.18244969844818,5
edge_only,fault_alternate,diagnosis_latency_ms_mean,std,16.216874858760182,5
edge_only,fault_alternate,diagnosis_latency_ms_mean,p95,52.599730211145726,5
edge_only,fault_alternate,diagnosis_latency_ms_mean,min,20.21148469712999,5
edge_only,fault_alternate,diagnosis_latency_ms_mean,max,58.59536283156451,5
edge_only,fault_alternate,diagnosis_latency_ms_median,count,5,5
edge_only,fault_alternate,diagnosis_latency_ms_median,mean,20.444536209106445,5
edge_only,fault_alternate,diagnosis_latency_ms_median,median,20.47860622406006,5
edge_only,fault_alternate,diagnosis_latency_ms_median,std,0.3472578615553487,5
edge_only,fault_alternate,diagnosis_latency_ms_median,p95,20.81160545349121,5
edge_only,fault_alternate,diagnosis_latency_ms_median,min,19.951939582824707,5
edge_only,fault_alternate,diagnosis_latency_ms_median,max,20.848512649536133,5
edge_only,fault_alternate,diagnosis_latency_ms_min,count,5,5
edge_only,fault_alternate,diagnosis_latency_ms_min,mean,17.509794235229492,5
edge_only,fault_alternate,diagnosis_latency_ms_min,median,17.752647399902344,5
edge_only,fault_alternate,diagnosis_latency_ms_min,std,0.6011982150534093,5
edge_only,fault_alternate,diagnosis_latency_ms_min,p95,17.985820770263672,5
edge_only,fault_alternate,diagnosis_latency_ms_min,min,16.55125617980957,5
edge_only,fault_alternate,diagnosis_latency_ms_min,max,17.99607276916504,5
edge_only,fault_alternate,diagnosis_latency_ms_p95,count,5,5
edge_only,fault_alternate,diagnosis_latency_ms_p95,mean,72.12975263595574,5
edge_only,fault_alternate,diagnosis_latency_ms_p95,median,27.445673942565918,5
edge_only,fault_alternate,diagnosis_latency_ms_p95,std,87.52745615958808,5
edge_only,fault_alternate,diagnosis_latency_ms_p95,p95,192.62885093688936,5
edge_only,fault_alternate,diagnosis_latency_ms_p95,min,25.22871494293213,5
edge_only,fault_alternate,diagnosis_latency_ms_p95,max,227.17909812927218,5
edge_only,fault_alternate,diagnosis_latency_ms_std,count,5,5
edge_only,fault_alternate,diagnosis_latency_ms_std,mean,33.390337813377336,5
edge_only,fault_alternate,diagnosis_latency_ms_std,median,4.138785822289851,5
edge_only,fault_alternate,diagnosis_latency_ms_std,std,52.28366385773782,5
edge_only,fault_alternate,diagnosis_latency_ms_std,p95,105.83104928191204,5
edge_only,fault_alternate,diagnosis_latency_ms_std,min,2.4552955538047665,5
edge_only,fault_alternate,diagnosis_latency_ms_std,max,124.06075971703798,5
edge_only,fault_alternate,diagnosis_processing_ms_count,count,5,5
edge_only,fault_alternate,diagnosis_processing_ms_count,mean,17.2,5
edge_only,fault_alternate,diagnosis_processing_ms_count,median,17.0,5
edge_only,fault_alternate,diagnosis_processing_ms_count,std,0.8366600265340756,5
edge_only,fault_alternate,diagnosis_processing_ms_count,p95,18.0,5
edge_only,fault_alternate,diagnosis_processing_ms_count,min,16.0,5
edge_only,fault_alternate,diagnosis_processing_ms_count,max,18.0,5
edge_only,fault_alternate,diagnosis_processing_ms_max,count,5,5
edge_only,fault_alternate,diagnosis_processing_ms_max,mean,59.32416915893555,5
edge_only,fault_alternate,diagnosis_processing_ms_max,median,14.331579208374023,5
edge_only,fault_alternate,diagnosis_processing_ms_max,std,64.1129168894213,5
edge_only,fault_alternate,diagnosis_processing_ms_max,p95,129.66341972351074,5
edge_only,fault_alternate,diagnosis_processing_ms_max,min,9.742975234985352,5
edge_only,fault_alternate,diagnosis_processing_ms_max,max,129.75192070007324,5
edge_only,fault_alternate,diagnosis_processing_ms_mean,count,5,5
edge_only,fault_alternate,diagnosis_processing_ms_mean,mean,11.40068899961858,5
edge_only,fault_alternate,diagnosis_processing_ms_mean,median,7.919535040855408,5
edge_only,fault_alternate,diagnosis_processing_ms_mean,std,5.379021984183285,5
edge_only,fault_alternate,diagnosis_processing_ms_mean,p95,18.36110283346737,5
edge_only,fault_alternate,diagnosis_processing_ms_mean,min,7.400486204359266,5
edge_only,fault_alternate,diagnosis_processing_ms_mean,max,19.244839163387525,5
edge_only,fault_alternate,diagnosis_processing_ms_median,count,5,5
edge_only,fault_alternate,diagnosis_processing_ms_median,mean,7.375359535217285,5
edge_only,fault_alternate,diagnosis_processing_ms_median,median,7.20369815826416,5
edge_only,fault_alternate,diagnosis_processing_ms_median,std,0.34859528716588617,5
edge_only,fault_alternate,diagnosis_processing_ms_median,p95,7.857489585876465,5
edge_only,fault_alternate,diagnosis_processing_ms_median,min,7.148981094360352,5
edge_only,fault_alternate,diagnosis_processing_ms_median,max,7.975101470947266,5
edge_only,fault_alternate,diagnosis_processing_ms_min,count,5,5
edge_only,fault_alternate,diagnosis_processing_ms_min,mean,6.015777587890625,5
edge_only,fault_alternate,diagnosis_processing_ms_min,median,6.060123443603516,5
edge_only,fault_alternate,diagnosis_processing_ms_min,std,0.38972953578903785,5
edge_only,fault_alternate,diagnosis_processing_ms_min,p95,6.440210342407227,5
edge_only,fault_alternate,diagnosis_processing_ms_min,min,5.446910858154297,5
edge_only,fault_alternate,diagnosis_processing_ms_min,max,6.506443023681641,5
edge_only,fault_alternate,diagnosis_processing_ms_p95,count,5,5
edge_only,fault_alternate,diagnosis_processing_ms_p95,mean,31.007788181304907,5
edge_only,fault_alternate,diagnosis_processing_ms_p95,median,10.755789279937739,5
edge_only,fault_alternate,diagnosis_processing_ms_p95,std,34.42503389567595,5
edge_only,fault_alternate,diagnosis_processing_ms_p95,p95,78.57657432556147,5
edge_only,fault_alternate,diagnosis_processing_ms_p95,min,8.98686647415161,5
edge_only,fault_alternate,diagnosis_processing_ms_p95,max,89.36533927917478,5
edge_only,fault_alternate,diagnosis_processing_ms_std,count,5,5
edge_only,fault_alternate,diagnosis_processing_ms_std,mean,13.517009394150316,5
edge_only,fault_alternate,diagnosis_processing_ms_std,median,1.9491197791494932,5
edge_only,fault_alternate,diagnosis_processing_ms_std,std,16.415747464026882,5
edge_only,fault_alternate,diagnosis_processing_ms_std,p95,32.57562220767905,5
edge_only,fault_alternate,diagnosis_processing_ms_std,min,0.9762728804081653,5
edge_only,fault_alternate,diagnosis_processing_ms_std,max,33.336330355181666,5
edge_only,fault_alternate,diagnosis_requests,count,5,5
edge_only,fault_alternate,diagnosis_requests,mean,17.2,5
edge_only,fault_alternate,diagnosis_requests,median,17.0,5
edge_only,fault_alternate,diagnosis_requests,std,0.8366600265340756,5
edge_only,fault_alternate,diagnosis_requests,p95,18.0,5
edge_only,fault_alternate,diagnosis_requests,min,16.0,5
edge_only,fault_alternate,diagnosis_requests,max,18.0,5
edge_only,fault_alternate,e2e_latency_ms_count,count,5,5
edge_only,fault_alternate,e2e_latency_ms_count,mean,17.2,5
edge_only,fault_alternate,e2e_latency_ms_count,median,17.0,5
edge_only,fault_alternate,e2e_latency_ms_count,std,0.8366600265340756,5
edge_only,fault_alternate,e2e_latency_ms_count,p95,18.0,5
edge_only,fault_alternate,e2e_latency_ms_count,min,16.0,5
edge_only,fault_alternate,e2e_latency_ms_count,max,18.0,5
edge_only,fault_alternate,e2e_latency_ms_max,count,5,5
edge_only,fault_alternate,e2e_latency_ms_max,mean,10173.04482460022,5
edge_only,fault_alternate,e2e_latency_ms_max,median,10083.117961883545,5
edge_only,fault_alternate,e2e_latency_ms_max,std,216.8941965409155,5
edge_only,fault_alternate,e2e_latency_ms_max,p95,10467.4955368042,5
edge_only,fault_alternate,e2e_latency_ms_max,min,10062.178134918213,5
edge_only,fault_alternate,e2e_latency_ms_max,max,10560.164451599121,5
edge_only,fault_alternate,e2e_latency_ms_mean,count,5,5
edge_only,fault_alternate,e2e_latency_ms_mean,mean,9775.048485125591,5
edge_only,fault_alternate,e2e_latency_ms_mean,median,9655.66106637319,5
edge_only,fault_alternate,e2e_latency_ms_mean,std,192.0324717822164,5
edge_only,fault_alternate,e2e_latency_ms_mean,p95,10003.391040773953,5
edge_only,fault_alternate,e2e_latency_ms_mean,min,9600.203303729786,5
edge_only,fault_alternate,e2e_latency_ms_mean,max,10017.551645636559,5
edge_only,fault_alternate,e2e_latency_ms_median,count,5,5
edge_only,fault_alternate,e2e_latency_ms_median,mean,10013.146352767944,5
edge_only,fault_alternate,e2e_latency_ms_median,median,10014.878153800964,5
edge_only,fault_alternate,e2e_latency_ms_median,std,10.272676569099723,5
edge_only,fault_alternate,e2e_latency_ms_median,p95,10025.36928653717,5
edge_only,fault_alternate,e2e_latency_ms_median,min,10000.375986099243,5
edge_only,fault_alternate,e2e_latency_ms_median,max,10027.894020080566,5
edge_only,fault_alternate,e2e_latency_ms_min,count,5,5
edge_only,fault_alternate,e2e_latency_ms_min,mean,8174.520301818848,5
edge_only,fault_alternate,e2e_latency_ms_min,median,8197.150945663452,5
edge_only,fault_alternate,e2e_latency_ms_min,std,1535.6950860930128,5
edge_only,fault_alternate,e2e_latency_ms_min,p95,9857.032823562622,5
edge_only,fault_alternate,e2e_latency_ms_min,min,6624.2194175720215,5
edge_only,fault_alternate,e2e_latency_ms_min,max,9967.004537582397,5
edge_only,fault_alternate,e2e_latency_ms_p95,count,5,5
edge_only,fault_alternate,e2e_latency_ms_p95,mean,10098.55414390564,5
edge_only,fault_alternate,e2e_latency_ms_p95,median,10071.043109893799,5
edge_only,fault_alternate,e2e_latency_ms_p95,std,71.41418614410247,5
edge_only,fault_alternate,e2e_latency_ms_p95,p95,10195.658168792725,5
edge_only,fault_alternate,e2e_latency_ms_p95,min,10058.680498600006,5
edge_only,fault_alternate,e2e_latency_ms_p95,max,10225.738525390625,5
edge_only,fault_alternate,e2e_latency_ms_std,count,5,5
edge_only,fault_alternate,e2e_latency_ms_std,mean,631.7481005201835,5
edge_only,fault_alternate,e2e_latency_ms_std,median,792.1227037132887,5
edge_only,fault_alternate,e2e_latency_ms_std,std,492.44454841754845,5
edge_only,fault_alternate,e2e_latency_ms_std,p95,1072.7628083494023,5
edge_only,fault_alternate,e2e_latency_ms_std,min,31.348557591347074,5
edge_only,fault_alternate,e2e_latency_ms_std,max,1072.866481571647,5
edge_only,fault_alternate,escalation_rate,count,5,5
edge_only,fault_alternate,escalation_rate,mean,1.0,5
edge_only,fault_alternate,escalation_rate,median,1.0,5
edge_only,fault_alternate,escalation_rate,std,0.0,5
edge_only,fault_alternate,escalation_rate,p95,1.0,5
edge_only,fault_alternate,escalation_rate,min,1.0,5
edge_only,fault_alternate,escalation_rate,max,1.0,5
edge_only,fault_alternate,estimated_cloud_data_bytes,count,5,5
edge_only,fault_alternate,estimated_cloud_data_bytes,mean,0.0,5
edge_only,fault_alternate,estimated_cloud_data_bytes,median,0.0,5
edge_only,fault_alternate,estimated_cloud_data_bytes,std,0.0,5
edge_only,fault_alternate,estimated_cloud_data_bytes,p95,0.0,5
edge_only,fault_alternate,estimated_cloud_data_bytes,min,0.0,5
edge_only,fault_alternate,estimated_cloud_data_bytes,max,0.0,5
edge_only,fault_alternate,estimated_cloud_data_bytes_per_minute,count,5,5
edge_only,fault_alternate,estimated_cloud_data_bytes_per_minute,mean,0.0,5
edge_only,fault_alternate,estimated_cloud_data_bytes_per_minute,median,0.0,5
edge_only,fault_alternate,estimated_cloud_data_bytes_per_minute,std,0.0,5
edge_only,fault_alternate,estimated_cloud_data_bytes_per_minute,p95,0.0,5
edge_only,fault_alternate,estimated_cloud_data_bytes_per_minute,min,0.0,5
edge_only,fault_alternate,estimated_cloud_data_bytes_per_minute,max,0.0,5
edge_only,fault_free,anomaly_events,count,5,5
edge_only,fault_free,anomaly_events,mean,34.0,5
edge_only,fault_free,anomaly_events,median,34.0,5
edge_only,fault_free,anomaly_events,std,0.0,5
edge_only,fault_free,anomaly_events,p95,34.0,5
edge_only,fault_free,anomaly_events,min,34.0,5
edge_only,fault_free,anomaly_events,max,34.0,5
edge_only,fault_free,anomaly_ratio_count,count,5,5
edge_only,fault_free,anomaly_ratio_count,mean,32.0,5
edge_only,fault_free,anomaly_ratio_count,median,32.0,5
edge_only,fault_free,anomaly_ratio_count,std,0.0,5
edge_only,fault_free,anomaly_ratio_count,p95,32.0,5
edge_only,fault_free,anomaly_ratio_count,min,32.0,5
edge_only,fault_free,anomaly_ratio_count,max,32.0,5
edge_only,fault_free,anomaly_ratio_max,count,5,5
edge_only,fault_free,anomaly_ratio_max,mean,0.136,5
edge_only,fault_free,anomaly_ratio_max,median,0.15,5
edge_only,fault_free,anomaly_ratio_max,std,0.028809720581775868,5
edge_only,fault_free,anomaly_ratio_max,p95,0.16,5
edge_only,fault_free,anomaly_ratio_max,min,0.1,5
edge_only,fault_free,anomaly_ratio_max,max,0.16,5
edge_only,fault_free,anomaly_ratio_mean,count,5,5
edge_only,fault_free,anomaly_ratio_mean,mean,0.010625,5
edge_only,fault_free,anomaly_ratio_mean,median,0.010625,5
edge_only,fault_free,anomaly_ratio_mean,std,0.0,5
edge_only,fault_free,anomaly_ratio_mean,p95,0.010625,5
edge_only,fault_free,anomaly_ratio_mean,min,0.010625,5
edge_only,fault_free,anomaly_ratio_mean,max,0.010625,5
edge_only,fault_free,anomaly_ratio_median,count,5,5
edge_only,fault_free,anomaly_ratio_median,mean,0.0,5
edge_only,fault_free,anomaly_ratio_median,median,0.0,5
edge_only,fault_free,anomaly_ratio_median,std,0.0,5
edge_only,fault_free,anomaly_ratio_median,p95,0.0,5
edge_only,fault_free,anomaly_ratio_median,min,0.0,5
edge_only,fault_free,anomaly_ratio_median,max,0.0,5
edge_only,fault_free,anomaly_ratio_min,count,5,5
edge_only,fault_free,anomaly_ratio_min,mean,0.0,5
edge_only,fault_free,anomaly_ratio_min,median,0.0,5
edge_only,fault_free,anomaly_ratio_min,std,0.0,5
edge_only,fault_free,anomaly_ratio_min,p95,0.0,5
edge_only,fault_free,anomaly_ratio_min,min,0.0,5
edge_only,fault_free,anomaly_ratio_min,max,0.0,5
edge_only,fault_free,anomaly_ratio_p95,count,5,5
edge_only,fault_free,anomaly_ratio_p95,mean,0.0527,5
edge_only,fault_free,anomaly_ratio_p95,median,0.05,5
edge_only,fault_free,anomaly_ratio_p95,std,0.007488324245116527,5
edge_only,fault_free,anomaly_ratio_p95,p95,0.0625,5
edge_only,fault_free,anomaly_ratio_p95,min,0.0445,5
edge_only,fault_free,anomaly_ratio_p95,max,0.0645,5
edge_only,fault_free,anomaly_ratio_std,count,5,5
edge_only,fault_free,anomaly_ratio_std,mean,0.027169953107905702,5
edge_only,fault_free,anomaly_ratio_std,median,0.02861733063902407,5
edge_only,fault_free,anomaly_ratio_std,std,0.0034959832454452555,5
edge_only,fault_free,anomaly_ratio_std,p95,0.03023960415220174,5
edge_only,fault_free,anomaly_ratio_std,min,0.023270845667154344,5
edge_only,fault_free,anomaly_ratio_std,max,0.03026096175688428,5
edge_only,fault_free,classifier_cpu_count,count,5,5
edge_only,fault_free,classifier_cpu_count,mean,158.8,5
edge_only,fault_free,classifier_cpu_count,median,159.0,5
edge_only,fault_free,classifier_cpu_count,std,0.8366600265340756,5
edge_only,fault_free,classifier_cpu_count,p95,159.8,5
edge_only,fault_free,classifier_cpu_count,min,158.0,5
edge_only,fault_free,classifier_cpu_count,max,160.0,5
edge_only,fault_free,classifier_cpu_max,count,5,5
edge_only,fault_free,classifier_cpu_max,mean,10.471666558435883,5
edge_only,fault_free,classifier_cpu_max,median,7.518224700198921,5
edge_only,fault_free,classifier_cpu_max,std,6.518983875133505,5
edge_only,fault_free,classifier_cpu_max,p95,19.448867664611257,5
edge_only,fault_free,classifier_cpu_max,min,6.0585448876130465,5
edge_only,fault_free,classifier_cpu_max,max,21.50907947935573,5
edge_only,fault_free,classifier_cpu_mean,count,5,5
edge_only,fault_free,classifier_cpu_mean,mean,1.3859126630170533,5
edge_only,fault_free,classifier_cpu_mean,median,1.3647635708139965,5
edge_only,fault_free,classifier_cpu_mean,std,0.08056946802567201,5
edge_only,fault_free,classifier_cpu_mean,p95,1.4948151346379468,5
edge_only,fault_free,classifier_cpu_mean,min,1.3199258193508834,5
edge_only,fault_free,classifier_cpu_mean,max,1.5194347058045132,5
edge_only,fault_free,classifier_cpu_median,count,5,5
edge_only,fault_free,classifier_cpu_median,mean,0.19267439391335883,5
edge_only,fault_free,classifier_cpu_median,median,0.19287991552822853,5
edge_only,fault_free,classifier_cpu_median,std,0.000744290049705078,5
edge_only,fault_free,classifier_cpu_median,p95,0.1934582655926191,5
edge_only,fault_free,classifier_cpu_median,min,0.1915935885642355,5
edge_only,fault_free,classifier_cpu_median,max,0.19358408733303362,5
edge_only,fault_free,classifier_cpu_min,count,5,5
edge_only,fault_free,classifier_cpu_min,mean,0.16325427301049317,5
edge_only,fault_free,classifier_cpu_min,median,0.16432612912251113,5
edge_only,fault_free,classifier_cpu_min,std,0.002487340868738567,5
edge_only,fault_free,classifier_cpu_min,p95,0.1657745686143525,5
edge_only,fault_free,classifier_cpu_min,min,0.15992054118956975,5
edge_only,fault_free,classifier_cpu_min,max,0.16612437017356857,5
edge_only,fault_free,classifier_cpu_p95,count,5,5
edge_only,fault_free,classifier_cpu_p95,mean,5.955594948988708,5
edge_only,fault_free,classifier_cpu_p95,median,5.937449860869728,5
edge_only,fault_free,classifier_cpu_p95,std,0.05775798139843172,5
edge_only,fault_free,classifier_cpu_p95,p95,6.034634491918223,5
edge_only,fault_free,classifier_cpu_p95,min,5.915788810492996,5
edge_only,fault_free,classifier_cpu_p95,max,6.056226431402117,5
edge_only,fault_free,classifier_cpu_std,count,5,5
edge_only,fault_free,classifier_cpu_std,mean,2.4011413850991645,5
edge_only,fault_free,classifier_cpu_std,median,2.2596312164760204,5
edge_only,fault_free,classifier_cpu_std,std,0.2626955295963011,5
edge_only,fault_free,classifier_cpu_std,p95,2.764563988478334,5
edge_only,fault_free,classifier_cpu_std,min,2.2513230218012708,5
edge_only,fault_free,classifier_cpu_std,max,2.861899787345077,5
edge_only,fault_free,classifier_memory_count,count,5,5
edge_only,fault_free,classifier_memory_count,mean,159.8,5
edge_only,fault_free,classifier_memory_count,median,160.0,5
edge_only,fault_free,classifier_memory_count,std,0.8366600265340756,5
edge_only,fault_free,classifier_memory_count,p95,160.8,5
edge_only,fault_free,classifier_memory_count,min,159.0,5
edge_only,fault_free,classifier_memory_count,max,161.0,5
edge_only,fault_free,classifier_memory_max,count,5,5
edge_only,fault_free,classifier_memory_max,mean,343262822.4,5
edge_only,fault_free,classifier_memory_max,median,343805952.0,5
edge_only,fault_free,classifier_memory_max,std,1786721.493027047,5
edge_only,fault_free,classifier_memory_max,p95,345120768.0,5
edge_only,fault_free,classifier_memory_max,min,340639744.0,5
edge_only,fault_free,classifier_memory_max,max,345427968.0,5
edge_only,fault_free,classifier_memory_mean,count,5,5
edge_only,fault_free,classifier_memory_mean,mean,338246259.38770735,5
edge_only,fault_free,classifier_memory_mean,median,338246726.8427673,5
edge_only,fault_free,classifier_memory_mean,std,29299.049488239423,5
edge_only,fault_free,classifier_memory_mean,p95,338279620.2772671,5
edge_only,fault_free,classifier_memory_mean,min,338204401.509434,5
edge_only,fault_free,classifier_memory_mean,max,338285900.8,5
edge_only,fault_free,classifier_memory_median,count,5,5
edge_only,fault_free,classifier_memory_median,mean,338196070.4,5
edge_only,fault_free,classifier_memory_median,median,338194432.0,5
edge_only,fault_free,classifier_memory_median,std,14654.295097342621,5
edge_only,fault_free,classifier_memory_median,p95,338213273.6,5
edge_only,fault_free,classifier_memory_median,min,338182144.0,5
edge_only,fault_free,classifier_memory_median,max,338214912.0,5
edge_only,fault_free,classifier_memory_min,count,5,5
edge_only,fault_free,classifier_memory_min,mean,337957683.2,5
edge_only,fault_free,classifier_memory_min,median,337948672.0,5
edge_only,fault_free,classifier_memory_min,std,24982.242397350965,5
edge_only,fault_free,classifier_memory_min,p95,337991270.4,5
edge_only,fault_free,classifier_memory_min,min,337936384.0,5
edge_only,fault_free,classifier_memory_min,max,337997824.0,5
edge_only,fault_free,classifier_memory_p95,count,5,5
edge_only,fault_free,classifier_memory_p95,mean,338419302.4,5
edge_only,fault_free,classifier_memory_p95,median,338432000.0,5
edge_only,fault_free,classifier_memory_p95,std,21718.941027585406,5
edge_only,fault_free,classifier_memory_p95,p95,338436628.47999996,5
edge_only,fault_free,classifier_memory_p95,min,338392268.8,5
edge_only,fault_free,classifier_memory_p95,max,338436710.4,5
edge_only,fault_free,classifier_memory_std,count,5,5
edge_only,fault_free,classifier_memory_std,mean,437671.4253651415,5
edge_only,fault_free,classifier_memory_std,median,455682.9785875154,5
edge_only,fault_free,classifier_memory_std,std,138741.85126218025,5
edge_only,fault_free,classifier_memory_std,p95,576304.8110798427,5
edge_only,fault_free,classifier_memory_std,min,224256.98998966828,5
edge_only,fault_free,classifier_memory_std,max,591338.5775509364,5
edge_only,fault_free,cloud_escalations,count,5,5
edge_only,fault_free,cloud_escalations,mean,0.0,5
edge_only,fault_free,cloud_escalations,median,0.0,5
edge_only,fault_free,cloud_escalations,std,0.0,5
edge_only,fault_free,cloud_escalations,p95,0.0,5
edge_only,fault_free,cloud_escalations,min,0.0,5
edge_only,fault_free,cloud_escalations,max,0.0,5
edge_only,fault_free,detection_latency_ms_count,count,5,5
edge_only,fault_free,detection_latency_ms_count,mean,34.0,5
edge_only,fault_free,detection_latency_ms_count,median,34.0,5
edge_only,fault_free,detection_latency_ms_count,std,0.0,5
edge_only,fault_free,detection_latency_ms_count,p95,34.0,5
edge_only,fault_free,detection_latency_ms_count,min,34.0,5
edge_only,fault_free,detection_latency_ms_count,max,34.0,5
edge_only,fault_free,detection_latency_ms_max,count,5,5
edge_only,fault_free,detection_latency_ms_max,mean,14.765405654907227,5
edge_only,fault_free,detection_latency_ms_max,median,17.19355583190918,5
edge_only,fault_free,detection_latency_ms_max,std,9.855401243139257,5
edge_only,fault_free,detection_latency_ms_max,p95,26.327228546142578,5
edge_only,fault_free,detection_latency_ms_max,min,4.342079162597656,5
edge_only,fault_free,detection_latency_ms_max,max,28.43928337097168,5
edge_only,fault_free,detection_latency_ms_mean,count,5,5
edge_only,fault_free,detection_latency_ms_mean,mean,4.799430510577033,5
edge_only,fault_free,detection_latency_ms_mean,median,4.712539560654584,5
edge_only,fault_free,detection_latency_ms_mean,std,0.8163074572233643,5
edge_only,fault_free,detection_latency_ms_mean,p95,5.816386727725758,5
edge_only,fault_free,detection_latency_ms_mean,min,3.9850473403930664,5
edge_only,fault_free,detection_latency_ms_mean,max,5.96776429344626,5
edge_only,fault_free,detection_latency_ms_median,count,5,5
edge_only,fault_free,detection_latency_ms_median,mean,4.022455215454102,5
edge_only,fault_free,detection_latency_ms_median,median,4.019737243652344,5
edge_only,fault_free,detection_latency_ms_median,std,0.04470518426839033,5
edge_only,fault_free,detection_latency_ms_median,p95,4.076242446899414,5
edge_only,fault_free,detection_latency_ms_median,min,3.963589668273926,5
edge_only,fault_free,detection_latency_ms_median,max,4.08935546875,5
edge_only,fault_free,detection_latency_ms_min,count,5,5
edge_only,fault_free,detection_latency_ms_min,mean,3.860187530517578,5
edge_only,fault_free,detection_latency_ms_min,median,3.865480422973633,5
edge_only,fault_free,detection_latency_ms_min,std,0.031259394410337864,5
edge_only,fault_free,detection_latency_ms_min,p95,3.8948535919189453,5
edge_only,fault_free,detection_latency_ms_min,min,3.817319869995117,5
edge_only,fault_free,detection_latency_ms_min,max,3.9000511169433594,5
edge_only,fault_free,detection_latency_ms_p95,count,5,5
edge_only,fault_free,detection_latency_ms_p95,mean,9.545242786407469,5
edge_only,fault_free,detection_latency_ms_p95,median,7.138705253601067,5
edge_only,fault_free,detection_latency_ms_p95,std,7.442685103856252,5
edge_only,fault_free,detection_latency_ms_p95,p95,19.73549127578735,5
edge_only,fault_free,detection_latency_ms_p95,min,4.157555103302002,5
edge_only,fault_free,detection_latency_ms_p95,max,22.268831729888916,5
edge_only,fault_free,detection_latency_ms_std,count,5,5
edge_only,fault_free,detection_latency_ms_std,mean,2.3173538434239966,5
edge_only,fault_free,detection_latency_ms_std,median,2.5266048617204797,5
edge_only,fault_free,detection_latency_ms_std,std,2.326992557996411,5
edge_only,fault_free,detection_latency_ms_std,p95,5.251994111400997,5
edge_only,fault_free,detection_latency_ms_std,min,0.0993317440737389,5
edge_only,fault_free,detection_latency_ms_std,max,5.890376668746724,5
edge_only,fault_free,detector_cpu_count,count,5,5
edge_only,fault_free,detector_cpu_count,mean,158.0,5
edge_only,fault_free,detector_cpu_count,median,158.0,5
edge_only,fault_free,detector_cpu_count,std,0.7071067811865476,5
edge_only,fault_free,detector_cpu_count,p95,158.8,5
edge_only,fault_free,detector_cpu_count,min,157.0,5
edge_only,fault_free,detector_cpu_count,max,159.0,5
edge_only,fault_free,detector_cpu_max,count,5,5
edge_only,fault_free,detector_cpu_max,mean,17.465752066285443,5
edge_only,fault_free,detector_cpu_max,median,16.889821732249068,5
edge_only,fault_free,detector_cpu_max,std,3.9975457282817395,5
edge_only,fault_free,detector_cpu_max,p95,22.404013561093734,5
edge_only,fault_free,detector_cpu_max,min,12.63967885452361,5
edge_only,fault_free,detector_cpu_max,max,23.200939331257292,5
edge_only,fault_free,detector_cpu_mean,count,5,5
edge_only,fault_free,detector_cpu_mean,mean,4.685186509802235,5
edge_only,fault_free,detector_cpu_mean,median,4.634323761284969,5
edge_only,fault_free,detector_cpu_mean,std,0.16665881231820728,5
edge_only,fault_free,detector_cpu_mean,p95,4.910563999646657,5
edge_only,fault_free,detector_cpu_mean,min,4.540983143461237,5
edge_only,fault_free,detector_cpu_mean,max,4.9718255343056414,5
edge_only,fault_free,detector_cpu_median,count,5,5
edge_only,fault_free,detector_cpu_median,mean,3.8172135017564277,5
edge_only,fault_free,detector_cpu_median,median,3.8217462712664094,5
edge_only,fault_free,detector_cpu_median,std,0.01164693664906107,5
edge_only,fault_free,detector_cpu_median,p95,3.8275133544936817,5
edge_only,fault_free,detector_cpu_median,min,3.8014916882812257,5
edge_only,fault_free,detector_cpu_median,max,3.827743601522614,5
edge_only,fault_free,detector_cpu_min,count,5,5
edge_only,fault_free,detector_cpu_min,mean,2.943811708939527,5
edge_only,fault_free,detector_cpu_min,median,3.469756189069057,5
edge_only,fault_free,detector_cpu_min,std,0.8489373206712488,5
edge_only,fault_free,detector_cpu_min,p95,3.5145186583774697,5
edge_only,fault_free,detector_cpu_min,min,1.5783396070372886,5
edge_only,fault_free,detector_cpu_min,max,3.5146909991509863,5
edge_only,fault_free,detector_cpu_p95,count,5,5
edge_only,fault_free,detector_cpu_p95,mean,7.603957004476799,5
edge_only,fault_free,detector_cpu_p95,median,6.961854587191466,5
edge_only,fault_free,detector_cpu_p95,std,1.6462224081228873,5
edge_only,fault_free,detector_cpu_p95,p95,9.833385125025835,5
edge_only,fault_free,detector_cpu_p95,min,6.636640654093888,5
edge_only,fault_free,detector_cpu_p95,max,10.537273462567464,5
edge_only,fault_free,detector_cpu_std,count,5,5
edge_only,fault_free,detector_cpu_std,mean,2.0789191027931375,5
edge_only,fault_free,detector_cpu_std,median,2.0674489411126302,5
edge_only,fault_free,detector_cpu_std,std,0.4195927723576162,5
edge_only,fault_free,detector_cpu_std,p95,2.514623528197354,5
edge_only,fault_free,detector_cpu_std,min,1.6003696422886013,5
edge_only,fault_free,detector_cpu_std,max,2.52545306140715,5
edge_only,fault_free,detector_memory_count,count,5,5
edge_only,fault_free,detector_memory_count,mean,159.0,5
edge_only,fault_free,detector_memory_count,median,159.0,5
edge_only,fault_free,detector_memory_count,std,0.7071067811865476,5
edge_only,fault_free,detector_memory_count,p95,159.8,5
edge_only,fault_free,detector_memory_count,min,158.0,5
edge_only,fault_free,detector_memory_count,max,160.0,5
edge_only,fault_free,detector_memory_max,count,5,5
edge_only,fault_free,detector_memory_max,mean,259375923.2,5
edge_only,fault_free,detector_memory_max,median,260026368.0,5
edge_only,fault_free,detector_memory_max,std,2017672.7203516432,5
edge_only,fault_free,detector_memory_max,p95,260884889.6,5
edge_only,fault_free,detector_memory_max,min,255901696.0,5
edge_only,fault_free,detector_memory_max,max,260993024.0,5
edge_only,fault_free,detector_memory_mean,count,5,5
edge_only,fault_free,detector_memory_mean,mean,257192412.18812513,5
edge_only,fault_free,detector_memory_mean,median,257795836.75949368,5
edge_only,fault_free,detector_memory_mean,std,1358380.0713326654,5
edge_only,fault_free,detector_memory_mean,p95,257809478.58515722,5
edge_only,fault_free,detector_memory_mean,min,254762518.5408805,5
edge_only,fault_free,detector_memory_mean,max,257810483.2,5
edge_only,fault_free,detector_memory_median,count,5,5
edge_only,fault_free,detector_memory_median,mean,257171865.6,5
edge_only,fault_free,detector_memory_median,median,257773568.0,5
edge_only,fault_free,detector_memory_median,std,1358102.28943066,5
edge_only,fault_free,detector_memory_median,p95,257795686.4,5
edge_only,fault_free,detector_memory_median,min,254742528.0,5
edge_only,fault_free,detector_memory_median,max,257800192.0,5
edge_only,fault_free,detector_memory_min,count,5,5
edge_only,fault_free,detector_memory_min,mean,256927334.4,5
edge_only,fault_free,detector_memory_min,median,257531904.0,5
edge_only,fault_free,detector_memory_min,std,1367921.7363156418,5
edge_only,fault_free,detector_memory_min,p95,257550745.6,5
edge_only,fault_free,detector_memory_min,min,254480384.0,5
edge_only,fault_free,detector_memory_min,max,257552384.0,5
edge_only,fault_free,detector_memory_p95,count,5,5
edge_only,fault_free,detector_memory_p95,mean,257381703.68,5
edge_only,fault_free,detector_memory_p95,median,257990860.8,5
edge_only,fault_free,detector_memory_p95,std,1351288.1825322872,5
edge_only,fault_free,detector_memory_p95,p95,257994178.56,5
edge_only,fault_free,detector_memory_p95,min,254964531.2,5
edge_only,fault_free,detector_memory_p95,max,257994752.0,5
edge_only,fault_free,detector_memory_std,count,5,5
edge_only,fault_free,detector_memory_std,mean,209230.01956891108,5
edge_only,fault_free,detector_memory_std,median,207498.73004384115,5
edge_only,fault_free,detector_memory_std,std,52334.446832452915,5
edge_only,fault_free,detector_memory_std,p95,271194.11291102046,5
edge_only,fault_free,detector_memory_std,min,147829.5279782174,5
edge_only,fault_free,detector_memory_std,max,279083.5418652566,5
edge_only,fault_free,diagnosis_latency_ms_count,count,5,5
edge_only,fault_free,diagnosis_latency_ms_count,mean,0.0,5
edge_only,fault_free,diagnosis_latency_ms_count,median,0.0,5
edge_only,fault_free,diagnosis_latency_ms_count,std,0.0,5
edge_only,fault_free,diagnosis_latency_ms_count,p95,0.0,5
edge_only,fault_free,diagnosis_latency_ms_count,min,0.0,5
edge_only,fault_free,diagnosis_latency_ms_count,max,0.0,5
edge_only,fault_free,diagnosis_processing_ms_count,count,5,5
edge_only,fault_free,diagnosis_processing_ms_count,mean,0.0,5
edge_only,fault_free,diagnosis_processing_ms_count,median,0.0,5
edge_only,fault_free,diagnosis_processing_ms_count,std,0.0,5
edge_only,fault_free,diagnosis_processing_ms_count,p95,0.0,5
edge_only,fault_free,diagnosis_processing_ms_count,min,0.0,5
edge_only,fault_free,diagnosis_processing_ms_count,max,0.0,5
edge_only,fault_free,diagnosis_requests,count,5,5
edge_only,fault_free,diagnosis_requests,mean,0.0,5
edge_only,fault_free,diagnosis_requests,median,0.0,5
edge_only,fault_free,diagnosis_requests,std,0.0,5
edge_only,fault_free,diagnosis_requests,p95,0.0,5
edge_only,fault_free,diagnosis_requests,min,0.0,5
edge_only,fault_free,diagnosis_requests,max,0.0,5
edge_only,fault_free,e2e_latency_ms_count,count,5,5
edge_only,fault_free,e2e_latency_ms_count,mean,0.0,5
edge_only,fault_free,e2e_latency_ms_count,median,0.0,5
edge_only,fault_free,e2e_latency_ms_count,std,0.0,5
edge_only,fault_free,e2e_latency_ms_count,p95,0.0,5
edge_only,fault_free,e2e_latency_ms_count,min,0.0,5
edge_only,fault_free,e2e_latency_ms_count,max,0.0,5
edge_only,fault_free,estimated_cloud_data_bytes,count,5,5
edge_only,fault_free,estimated_cloud_data_bytes,mean,0.0,5
edge_only,fault_free,estimated_cloud_data_bytes,median,0.0,5
edge_only,fault_free,estimated_cloud_data_bytes,std,0.0,5
edge_only,fault_free,estimated_cloud_data_bytes,p95,0.0,5
edge_only,fault_free,estimated_cloud_data_bytes,min,0.0,5
edge_only,fault_free,estimated_cloud_data_bytes,max,0.0,5
edge_only,fault_free,estimated_cloud_data_bytes_per_minute,count,5,5
edge_only,fault_free,estimated_cloud_data_bytes_per_minute,mean,0.0,5
edge_only,fault_free,estimated_cloud_data_bytes_per_minute,median,0.0,5
edge_only,fault_free,estimated_cloud_data_bytes_per_minute,std,0.0,5
edge_only,fault_free,estimated_cloud_data_bytes_per_minute,p95,0.0,5
edge_only,fault_free,estimated_cloud_data_bytes_per_minute,min,0.0,5
edge_only,fault_free,estimated_cloud_data_bytes_per_minute,max,0.0,5
edge_only,fault_sustained,anomaly_events,count,5,5
edge_only,fault_sustained,anomaly_events,mean,2215.8,5
edge_only,fault_sustained,anomaly_events,median,2216.0,5
edge_only,fault_sustained,anomaly_events,std,8.67179335547152,5
edge_only,fault_sustained,anomaly_events,p95,2226.0,5
edge_only,fault_sustained,anomaly_events,min,2204.0,5
edge_only,fault_sustained,anomaly_events,max,2228.0,5
edge_only,fault_sustained,anomaly_ratio_count,count,5,5
edge_only,fault_sustained,anomaly_ratio_count,mean,31.6,5
edge_only,fault_sustained,anomaly_ratio_count,median,32.0,5
edge_only,fault_sustained,anomaly_ratio_count,std,0.5477225575051661,5
edge_only,fault_sustained,anomaly_ratio_count,p95,32.0,5
edge_only,fault_sustained,anomaly_ratio_count,min,31.0,5
edge_only,fault_sustained,anomaly_ratio_count,max,32.0,5
edge_only,fault_sustained,anomaly_ratio_max,count,5,5
edge_only,fault_sustained,anomaly_ratio_max,mean,1.0,5
edge_only,fault_sustained,anomaly_ratio_max,median,1.0,5
edge_only,fault_sustained,anomaly_ratio_max,std,0.0,5
edge_only,fault_sustained,anomaly_ratio_max,p95,1.0,5
edge_only,fault_sustained,anomaly_ratio_max,min,1.0,5
edge_only,fault_sustained,anomaly_ratio_max,max,1.0,5
edge_only,fault_sustained,anomaly_ratio_mean,count,5,5
edge_only,fault_sustained,anomaly_ratio_mean,mean,0.6875927419354839,5
edge_only,fault_sustained,anomaly_ratio_mean,median,0.6906451612903226,5
edge_only,fault_sustained,anomaly_ratio_mean,std,0.00793288939667576,5
edge_only,fault_sustained,anomaly_ratio_mean,p95,0.6936673387096775,5
edge_only,fault_sustained,anomaly_ratio_mean,min,0.6740625,5
edge_only,fault_sustained,anomaly_ratio_mean,max,0.6941935483870968,5
edge_only,fault_sustained,anomaly_ratio_median,count,5,5
edge_only,fault_sustained,anomaly_ratio_median,mean,0.935,5
edge_only,fault_sustained,anomaly_ratio_median,median,0.935,5
edge_only,fault_sustained,anomaly_ratio_median,std,0.006123724356957906,5
edge_only,fault_sustained,anomaly_ratio_median,p95,0.94,5
edge_only,fault_sustained,anomaly_ratio_median,min,0.925,5
edge_only,fault_sustained,anomaly_ratio_median,max,0.94,5
edge_only,fault_sustained,anomaly_ratio_min,count,5,5
edge_only,fault_sustained,anomaly_ratio_min,mean,0.0,5
edge_only,fault_sustained,anomaly_ratio_min,median,0.0,5
edge_only,fault_sustained,anomaly_ratio_min,std,0.0,5
edge_only,fault_sustained,anomaly_ratio_min,p95,0.0,5
edge_only,fault_sustained,anomaly_ratio_min,min,0.0,5
edge_only,fault_sustained,anomaly_ratio_min,max,0.0,5
edge_only,fault_sustained,anomaly_ratio_p95,count,5,5
edge_only,fault_sustained,anomaly_ratio_p95,mean,1.0,5
edge_only,fault_sustained,anomaly_ratio_p95,median,1.0,5
edge_only,fault_sustained,anomaly_ratio_p95,std,0.0,5
edge_only,fault_sustained,anomaly_ratio_p95,p95,1.0,5
edge_only,fault_sustained,anomaly_ratio_p95,min,1.0,5
edge_only,fault_sustained,anomaly_ratio_p95,max,1.0,5
edge_only,fault_sustained,anomaly_ratio_std,count,5,5
edge_only,fault_sustained,anomaly_ratio_std,mean,0.4158155051301173,5
edge_only,fault_sustained,anomaly_ratio_std,median,0.4147028992226313,5
edge_only,fault_sustained,anomaly_ratio_std,std,0.004792129923623163,5
edge_only,fault_sustained,anomaly_ratio_std,p95,0.4219687155725925,5
edge_only,fault_sustained,anomaly_ratio_std,min,0.41137934283295924,5
edge_only,fault_sustained,anomaly_ratio_std,max,0.4229303258030464,5
edge_only,fault_sustained,classifier_cpu_count,count,5,5
edge_only,fault_sustained,classifier_cpu_count,mean,157.6,5
edge_only,fault_sustained,classifier_cpu_count,median,158.0,5
edge_only,fault_sustained,classifier_cpu_count,std,0.5477225575051661,5
edge_only,fault_sustained,classifier_cpu_count,p95,158.0,5
edge_only,fault_sustained,classifier_cpu_count,min,157.0,5
edge_only,fault_sustained,classifier_cpu_count,max,158.0,5
edge_only,fault_sustained,classifier_cpu_max,count,5,5
edge_only,fault_sustained,classifier_cpu_max,mean,17.615888416631734,5
edge_only,fault_sustained,classifier_cpu_max,median,21.61409992305269,5
edge_only,fault_sustained,classifier_cpu_max,std,9.946139246671828,5
edge_only,fault_sustained,classifier_cpu_max,p95,27.82494144175492,5
edge_only,fault_sustained,classifier_cpu_max,min,6.09095794860216,5
edge_only,fault_sustained,classifier_cpu_max,max,29.010072426247678,5
edge_only,fault_sustained,classifier_cpu_mean,count,5,5
edge_only,fault_sustained,classifier_cpu_mean,mean,1.6224040598437344,5
edge_only,fault_sustained,classifier_cpu_mean,median,1.6052307140895208,5
edge_only,fault_sustained,classifier_cpu_mean,std,0.13846630968793563,5
edge_only,fault_sustained,classifier_cpu_mean,p95,1.7664907132334686,5
edge_only,fault_sustained,classifier_cpu_mean,min,1.4824528971695217,5
edge_only,fault_sustained,classifier_cpu_mean,max,1.767654066993926,5
edge_only,fault_sustained,classifier_cpu_median,count,5,5
edge_only,fault_sustained,classifier_cpu_median,mean,0.1971741522311776,5
edge_only,fault_sustained,classifier_cpu_median,median,0.19733014268870963,5
edge_only,fault_sustained,classifier_cpu_median,std,0.0013247430934179725,5
edge_only,fault_sustained,classifier_cpu_median,p95,0.19878673014409065,5
edge_only,fault_sustained,classifier_cpu_median,min,0.1956037558933062,5
edge_only,fault_sustained,classifier_cpu_median,max,0.19911778663452354,5
edge_only,fault_sustained,classifier_cpu_min,count,5,5
edge_only,fault_sustained,classifier_cpu_min,mean,0.16425793955537688,5
edge_only,fault_sustained,classifier_cpu_min,median,0.1661247264713777,5
edge_only,fault_sustained,classifier_cpu_min,std,0.003707821837654764,5
edge_only,fault_sustained,classifier_cpu_min,p95,0.1672974878416505,5
edge_only,fault_sustained,classifier_cpu_min,min,0.15870750300793618,5
edge_only,fault_sustained,classifier_cpu_min,max,0.1674166370258596,5
edge_only,fault_sustained,classifier_cpu_p95,count,5,5
edge_only,fault_sustained,classifier_cpu_p95,mean,6.20901830867387,5
edge_only,fault_sustained,classifier_cpu_p95,median,6.011457439582839,5
edge_only,fault_sustained,classifier_cpu_p95,std,0.48611966742784457,5
edge_only,fault_sustained,classifier_cpu_p95,p95,6.86523201772418,5
edge_only,fault_sustained,classifier_cpu_p95,min,5.967745851531069,5
edge_only,fault_sustained,classifier_cpu_p95,max,7.077758501587923,5
edge_only,fault_sustained,classifier_cpu_std,count,5,5
edge_only,fault_sustained,classifier_cpu_std,mean,2.8155484040182857,5
edge_only,fault_sustained,classifier_cpu_std,median,2.7730508278894064,5
edge_only,fault_sustained,classifier_cpu_std,std,0.5769614179843779,5
edge_only,fault_sustained,classifier_cpu_std,p95,3.447844119236077,5
edge_only,fault_sustained,classifier_cpu_std,min,2.196226730441026,5
edge_only,fault_sustained,classifier_cpu_std,max,3.480936893276685,5
edge_only,fault_sustained,classifier_memory_count,count,5,5
edge_only,fault_sustained,classifier_memory_count,mean,158.6,5
edge_only,fault_sustained,classifier_memory_count,median,159.0,5
edge_only,fault_sustained,classifier_memory_count,std,0.5477225575051661,5
edge_only,fault_sustained,classifier_memory_count,p95,159.0,5
edge_only,fault_sustained,classifier_memory_count,min,158.0,5
edge_only,fault_sustained,classifier_memory_count,max,159.0,5
edge_only,fault_sustained,classifier_memory_max,count,5,5
edge_only,fault_sustained,classifier_memory_max,mean,359317504.0,5
edge_only,fault_sustained,classifier_memory_max,median,358215680.0,5
edge_only,fault_sustained,classifier_memory_max,std,1940931.4261189136,5
edge_only,fault_sustained,classifier_memory_max,p95,361911091.2,5
edge_only,fault_sustained,classifier_memory_max,min,357695488.0,5
edge_only,fault_sustained,classifier_memory_max,max,362348544.0,5
edge_only,fault_sustained,classifier_memory_mean,count,5,5
edge_only,fault_sustained,classifier_memory_mean,mean,351101495.5247512,5
edge_only,fault_sustained,classifier_memory_mean,median,351856678.6415094,5
edge_only,fault_sustained,classifier_memory_mean,std,1808150.655407756,5
edge_only,fault_sustained,classifier_memory_mean,p95,352030408.5853037,5
edge_only,fault_sustained,classifier_memory_mean,min,347871283.84810126,5
edge_only,fault_sustained,classifier_memory_mean,max,352066106.3291139,5
edge_only,fault_sustained,classifier_memory_median,count,5,5
edge_only,fault_sustained,classifier_memory_median,mean,351741952.0,5
edge_only,fault_sustained,classifier_memory_median,median,351748096.0,5
edge_only,fault_sustained,classifier_memory_median,std,211718.0361896454,5
edge_only,fault_sustained,classifier_memory_median,p95,351953715.2,5
edge_only,fault_sustained,classifier_memory_median,min,351406080.0,5
edge_only,fault_sustained,classifier_memory_median,max,351985664.0,5
edge_only,fault_sustained,classifier_memory_min,count,5,5
edge_only,fault_sustained,classifier_memory_min,mean,348831744.0,5
edge_only,fault_sustained,classifier_memory_min,median,351494144.0,5
edge_only,fault_sustained,classifier_memory_min,std,6066234.770815914,5
edge_only,fault_sustained,classifier_memory_min,p95,351664537.6,5
edge_only,fault_sustained,classifier_memory_min,min,337981440.0,5
edge_only,fault_sustained,classifier_memory_min,max,351707136.0,5
edge_only,fault_sustained,classifier_memory_p95,count,5,5
edge_only,fault_sustained,classifier_memory_p95,mean,352013189.12,5
edge_only,fault_sustained,classifier_memory_p95,median,352006144.0,5
edge_only,fault_sustained,classifier_memory_p95,std,159159.8822151913,5
edge_only,fault_sustained,classifier_memory_p95,p95,352202342.40000004,5
edge_only,fault_sustained,classifier_memory_p95,min,351797248.0,5
edge_only,fault_sustained,classifier_memory_p95,max,352240844.8,5
edge_only,fault_sustained,classifier_memory_std,count,5,5
edge_only,fault_sustained,classifier_memory_std,mean,1711988.0255419083,5
edge_only,fault_sustained,classifier_memory_std,median,687846.2783750847,5
edge_only,fault_sustained,classifier_memory_std,std,2381405.1799255423,5
edge_only,fault_sustained,classifier_memory_std,p95,4916713.13524407,5
edge_only,fault_sustained,classifier_memory_std,min,529655.334972352,5
edge_only,fault_sustained,classifier_memory_std,max,5970185.362819588,5
edge_only,fault_sustained,cloud_escalations,count,5,5
edge_only,fault_sustained,cloud_escalations,mean,23.4,5
edge_only,fault_sustained,cloud_escalations,median,23.0,5
edge_only,fault_sustained,cloud_escalations,std,0.5477225575051661,5
edge_only,fault_sustained,cloud_escalations,p95,24.0,5
edge_only,fault_sustained,cloud_escalations,min,23.0,5
edge_only,fault_sustained,cloud_escalations,max,24.0,5
edge_only,fault_sustained,detection_latency_ms_count,count,5,5
edge_only,fault_sustained,detection_latency_ms_count,mean,2215.8,5
edge_only,fault_sustained,detection_latency_ms_count,median,2216.0,5
edge_only,fault_sustained,detection_latency_ms_count,std,8.67179335547152,5
edge_only,fault_sustained,detection_latency_ms_count,p95,2226.0,5
edge_only,fault_sustained,detection_latency_ms_count,min,2204.0,5
edge_only,fault_sustained,detection_latency_ms_count,max,2228.0,5
edge_only,fault_sustained,detection_latency_ms_max,count,5,5
edge_only,fault_sustained,detection_latency_ms_max,mean,89.09182548522949,5
edge_only,fault_sustained,detection_latency_ms_max,median,87.50796318054199,5
edge_only,fault_sustained,detection_latency_ms_max,std,17.56537205000695,5
edge_only,fault_sustained,detection_latency_ms_max,p95,110.49857139587402,5
edge_only,fault_sustained,detection_latency_ms_max,min,66.93863868713379,5
edge_only,fault_sustained,detection_latency_ms_max,max,114.1357421875,5
edge_only,fault_sustained,detection_latency_ms_mean,count,5,5
edge_only,fault_sustained,detection_latency_ms_mean,mean,4.780626001507224,5
edge_only,fault_sustained,detection_latency_ms_mean,median,4.793439776079873,5
edge_only,fault_sustained,detection_latency_ms_mean,std,0.10331843573684737,5
edge_only,fault_sustained,detection_latency_ms_mean,p95,4.903606864822529,5
edge_only,fault_sustained,detection_latency_ms_mean,min,4.647972138823291,5
edge_only,fault_sustained,detection_latency_ms_mean,max,4.929175884257146,5
edge_only,fault_sustained,detection_latency_ms_median,count,5,5
edge_only,fault_sustained,detection_latency_ms_median,mean,4.010772705078125,5
edge_only,fault_sustained,detection_latency_ms_median,median,4.009604454040527,5
edge_only,fault_sustained,detection_latency_ms_median,std,0.006247635924591425,5
edge_only,fault_sustained,detection_latency_ms_median,p95,4.018974304199219,5
edge_only,fault_sustained,detection_latency_ms_median,min,4.004359245300293,5
edge_only,fault_sustained,detection_latency_ms_median,max,4.02069091796875,5
edge_only,fault_sustained,detection_latency_ms_min,count,5,5
edge_only,fault_sustained,detection_latency_ms_min,mean,3.7115097045898438,5
edge_only,fault_sustained,detection_latency_ms_min,median,3.7140846252441406,5
edge_only,fault_sustained,detection_latency_ms_min,std,0.01939810248021416,5
edge_only,fault_sustained,detection_latency_ms_min,p95,3.7313461303710938,5
edge_only,fault_sustained,detection_latency_ms_min,min,3.6864280700683594,5
edge_only,fault_sustained,detection_latency_ms_min,max,3.732442855834961,5
edge_only,fault_sustained,detection_latency_ms_p95,count,5,5
edge_only,fault_sustained,detection_latency_ms_p95,mean,6.858420372009279,5
edge_only,fault_sustained,detection_latency_ms_p95,median,6.603252887725835,5
edge_only,fault_sustained,detection_latency_ms_p95,std,1.012673123492248,5
edge_only,fault_sustained,detection_latency_ms_p95,p95,8.234877586364746,5
edge_only,fault_sustained,detection_latency_ms_p95,min,6.145834922790527,5
edge_only,fault_sustained,detection_latency_ms_p95,max,8.622181415557863,5
edge_only,fault_sustained,detection_latency_ms_std,count,5,5
edge_only,fault_sustained,detection_latency_ms_std,mean,4.499158272418314,5
edge_only,fault_sustained,detection_latency_ms_std,median,4.6617360783363315,5
edge_only,fault_sustained,detection_latency_ms_std,std,0.6412071310930452,5
edge_only,fault_sustained,detection_latency_ms_std,p95,5.108234862534648,5
edge_only,fault_sustained,detection_latency_ms_std,min,3.499452303245221,5
edge_only,fault_sustained,detection_latency_ms_std,max,5.170239309037494,5
edge_only,fault_sustained,detector_cpu_count,count,5,5
edge_only,fault_sustained,detector_cpu_count,mean,157.8,5
edge_only,fault_sustained,detector_cpu_count,median,158.0,5
edge_only,fault_sustained,detector_cpu_count,std,0.4472135954999579,5
edge_only,fault_sustained,detector_cpu_count,p95,158.0,5
edge_only,fault_sustained,detector_cpu_count,min,157.0,5
edge_only,fault_sustained,detector_cpu_count,max,158.0,5
edge_only,fault_sustained,detector_cpu_max,count,5,5
edge_only,fault_sustained,detector_cpu_max,mean,22.70689047123115,5
edge_only,fault_sustained,detector_cpu_max,median,22.838308972181835,5
edge_only,fault_sustained,detector_cpu_max,std,3.070630330851784,5
edge_only,fault_sustained,detector_cpu_max,p95,25.956423071526743,5
edge_only,fault_sustained,detector_cpu_max,min,19.314494445223897,5
edge_only,fault_sustained,detector_cpu_max,max,26.111612252714917,5
edge_only,fault_sustained,detector_cpu_mean,count,5,5
edge_only,fault_sustained,detector_cpu_mean,mean,5.41848024319879,5
edge_only,fault_sustained,detector_cpu_mean,median,5.39346114194369,5
edge_only,fault_sustained,detector_cpu_mean,std,0.11248823183966011,5
edge_only,fault_sustained,detector_cpu_mean,p95,5.564426602903782,5
edge_only,fault_sustained,detector_cpu_mean,min,5.297547386037617,5
edge_only,fault_sustained,detector_cpu_mean,max,5.604169520612825,5
edge_only,fault_sustained,detector_cpu_median,count,5,5
edge_only,fault_sustained,detector_cpu_median,mean,4.705778054688433,5
edge_only,fault_sustained,detector_cpu_median,median,4.694608902103974,5
edge_only,fault_sustained,detector_cpu_median,std,0.0163205162126253,5
edge_only,fault_sustained,detector_cpu_median,p95,4.7238358121174135,5
edge_only,fault_sustained,detector_cpu_median,min,4.692970262374661,5
edge_only,fault_sustained,detector_cpu_median,max,4.7239643725955744,5
edge_only,fault_sustained,detector_cpu_min,count,5,5
edge_only,fault_sustained,detector_cpu_min,mean,2.3791382347205143,5
edge_only,fault_sustained,detector_cpu_min,median,2.4531356770100894,5
edge_only,fault_sustained,detector_cpu_min,std,0.7256211005657848,5
edge_only,fault_sustained,detector_cpu_min,p95,3.2940388817198984,5
edge_only,fault_sustained,detector_cpu_min,min,1.7104635023871038,5
edge_only,fault_sustained,detector_cpu_min,max,3.496537968189993,5
edge_only,fault_sustained,detector_cpu_p95,count,5,5
edge_only,fault_sustained,detector_cpu_p95,mean,8.182458672332372,5
edge_only,fault_sustained,detector_cpu_p95,median,7.713929403486507,5
edge_only,fault_sustained,detector_cpu_p95,std,1.1093396876480304,5
edge_only,fault_sustained,detector_cpu_p95,p95,9.688277476924679,5
edge_only,fault_sustained,detector_cpu_p95,min,7.544133161900672,5
edge_only,fault_sustained,detector_cpu_p95,max,10.15998792440532,5
edge_only,fault_sustained,detector_cpu_std,count,5,5
edge_only,fault_sustained,detector_cpu_std,mean,2.5391176695070024,5
edge_only,fault_sustained,detector_cpu_std,median,2.486562541060201,5
edge_only,fault_sustained,detector_cpu_std,std,0.2945625017347448,5
edge_only,fault_sustained,detector_cpu_std,p95,2.869650748781649,5
edge_only,fault_sustained,detector_cpu_std,min,2.1757162567154817,5
edge_only,fault_sustained,detector_cpu_std,max,2.8929407631830095,5
edge_only,fault_sustained,detector_memory_count,count,5,5
edge_only,fault_sustained,detector_memory_count,mean,158.8,5
edge_only,fault_sustained,detector_memory_count,median,159.0,5
edge_only,fault_sustained,detector_memory_count,std,0.4472135954999579,5
edge_only,fault_sustained,detector_memory_count,p95,159.0,5
edge_only,fault_sustained,detector_memory_count,min,158.0,5
edge_only,fault_sustained,detector_memory_count,max,159.0,5
edge_only,fault_sustained,detector_memory_max,count,5,5
edge_only,fault_sustained,detector_memory_max,mean,259860070.4,5
edge_only,fault_sustained,detector_memory_max,median,259858432.0,5
edge_only,fault_sustained,detector_memory_max,std,169219.83414718264,5
edge_only,fault_sustained,detector_memory_max,p95,260055040.0,5
edge_only,fault_sustained,detector_memory_max,min,259620864.0,5
edge_only,fault_sustained,detector_memory_max,max,260096000.0,5
edge_only,fault_sustained,detector_memory_mean,count,5,5
edge_only,fault_sustained,detector_memory_mean,mean,257921509.38301092,5
edge_only,fault_sustained,detector_memory_mean,median,257922621.18238994,5
edge_only,fault_sustained,detector_memory_mean,std,13772.967082759838,5
edge_only,fault_sustained,detector_memory_mean,p95,257933044.0855346,5
edge_only,fault_sustained,detector_memory_mean,min,257898611.9245283,5
edge_only,fault_sustained,detector_memory_mean,max,257933595.3710692,5
edge_only,fault_sustained,detector_memory_median,count,5,5
edge_only,fault_sustained,detector_memory_median,mean,257939865.6,5
edge_only,fault_sustained,detector_memory_median,median,257945600.0,5
edge_only,fault_sustained,detector_memory_median,std,10280.87840605072,5
edge_only,fault_sustained,detector_memory_median,p95,257948876.8,5
edge_only,fault_sustained,detector_memory_median,min,257925120.0,5
edge_only,fault_sustained,detector_memory_median,max,257949696.0,5
edge_only,fault_sustained,detector_memory_min,count,5,5
edge_only,fault_sustained,detector_memory_min,mean,257578598.4,5
edge_only,fault_sustained,detector_memory_min,median,257589248.0,5
edge_only,fault_sustained,detector_memory_min,std,25015.798144372686,5
edge_only,fault_sustained,detector_memory_min,p95,257596620.8,5
edge_only,fault_sustained,detector_memory_min,min,257536000.0,5
edge_only,fault_sustained,detector_memory_min,max,257597440.0,5
edge_only,fault_sustained,detector_memory_p95,count,5,5
edge_only,fault_sustained,detector_memory_p95,mean,258059018.24,5
edge_only,fault_sustained,detector_memory_p95,median,258064793.6,5
edge_only,fault_sustained,detector_memory_p95,std,13331.205837730575,5
edge_only,fault_sustained,detector_memory_p95,p95,258068070.4,5
edge_only,fault_sustained,detector_memory_p95,min,258035712.0,5
edge_only,fault_sustained,detector_memory_p95,max,258068889.6,5
edge_only,fault_sustained,detector_memory_std,count,5,5
edge_only,fault_sustained,detector_memory_std,mean,197486.67765195653,5
edge_only,fault_sustained,detector_memory_std,median,196350.27536537257,5
edge_only,fault_sustained,detector_memory_std,std,12838.38710049803,5
edge_only,fault_sustained,detector_memory_std,p95,213685.04638429958,5
edge_only,fault_sustained,detector_memory_std,min,182669.5512836993,5
edge_only,fault_sustained,detector_memory_std,max,216768.5682993375,5
edge_only,fault_sustained,diagnosis_latency_ms_count,count,5,5
edge_only,fault_sustained,diagnosis_latency_ms_count,mean,23.4,5
edge_only,fault_sustained,diagnosis_latency_ms_count,median,23.0,5
edge_only,fault_sustained,diagnosis_latency_ms_count,std,0.5477225575051661,5
edge_only,fault_sustained,diagnosis_latency_ms_count,p95,24.0,5
edge_only,fault_sustained,diagnosis_latency_ms_count,min,23.0,5
edge_only,fault_sustained,diagnosis_latency_ms_count,max,24.0,5
edge_only,fault_sustained,diagnosis_latency_ms_max,count,5,5
edge_only,fault_sustained,diagnosis_latency_ms_max,mean,177.62470245361328,5
edge_only,fault_sustained,diagnosis_latency_ms_max,median,53.7111759185791,5
edge_only,fault_sustained,diagnosis_latency_ms_max,std,243.49744884874198,5
edge_only,fault_sustained,diagnosis_latency_ms_max,p95,514.6096706390381,5
edge_only,fault_sustained,diagnosis_latency_ms_max,min,24.17755126953125,5
edge_only,fault_sustained,diagnosis_latency_ms_max,max,601.517915725708,5
edge_only,fault_sustained,diagnosis_latency_ms_mean,count,5,5
edge_only,fault_sustained,diagnosis_latency_ms_mean,mean,28.991710275843523,5
edge_only,fault_sustained,diagnosis_latency_ms_mean,median,22.14948336283366,5
edge_only,fault_sustained,diagnosis_latency_ms_mean,std,13.252595219828569,5
edge_only,fault_sustained,diagnosis_latency_ms_mean,p95,47.339820861816406,5
edge_only,fault_sustained,diagnosis_latency_ms_mean,min,20.650708157083262,5
edge_only,fault_sustained,diagnosis_latency_ms_mean,max,51.90634727478027,5
edge_only,fault_sustained,diagnosis_latency_ms_median,count,5,5
edge_only,fault_sustained,diagnosis_latency_ms_median,mean,20.538663864135742,5
edge_only,fault_sustained,diagnosis_latency_ms_median,median,20.369529724121094,5
edge_only,fault_sustained,diagnosis_latency_ms_median,std,0.28212145115613274,5
edge_only,fault_sustained,diagnosis_latency_ms_median,p95,20.894813537597656,5
edge_only,fault_sustained,diagnosis_latency_ms_median,min,20.2944278717041,5
edge_only,fault_sustained,diagnosis_latency_ms_median,max,20.93338966369629,5
edge_only,fault_sustained,diagnosis_latency_ms_min,count,5,5
edge_only,fault_sustained,diagnosis_latency_ms_min,mean,17.762088775634766,5
edge_only,fault_sustained,diagnosis_latency_ms_min,median,17.410993576049805,5
edge_only,fault_sustained,diagnosis_latency_ms_min,std,0.5720916924761356,5
edge_only,fault_sustained,diagnosis_latency_ms_min,p95,18.521976470947266,5
edge_only,fault_sustained,diagnosis_latency_ms_min,min,17.307519912719727,5
edge_only,fault_sustained,diagnosis_latency_ms_min,max,18.64147186279297,5
edge_only,fault_sustained,diagnosis_latency_ms_p95,count,5,5
edge_only,fault_sustained,diagnosis_latency_ms_p95,mean,46.70583963394163,5
edge_only,fault_sustained,diagnosis_latency_ms_p95,median,24.69097375869751,5
edge_only,fault_sustained,diagnosis_latency_ms_p95,std,36.458465340681094,5
edge_only,fault_sustained,diagnosis_latency_ms_p95,p95,96.98491573333732,5
edge_only,fault_sustained,diagnosis_latency_ms_p95,min,23.885583877563473,5
edge_only,fault_sustained,diagnosis_latency_ms_p95,max,107.97600746154777,5
edge_only,fault_sustained,diagnosis_latency_ms_std,count,5,5
edge_only,fault_sustained,diagnosis_latency_ms_std,mean,33.111774062620995,5
edge_only,fault_sustained,diagnosis_latency_ms_std,median,6.9551275696892745,5
edge_only,fault_sustained,diagnosis_latency_ms_std,std,50.747652222417734,5
edge_only,fault_sustained,diagnosis_latency_ms_std,p95,103.35672856761985,5
edge_only,fault_sustained,diagnosis_latency_ms_std,min,1.6671634520405227,5
edge_only,fault_sustained,diagnosis_latency_ms_std,max,121.52216142544594,5
edge_only,fault_sustained,diagnosis_processing_ms_count,count,5,5
edge_only,fault_sustained,diagnosis_processing_ms_count,mean,23.4,5
edge_only,fault_sustained,diagnosis_processing_ms_count,median,23.0,5
edge_only,fault_sustained,diagnosis_processing_ms_count,std,0.5477225575051661,5
edge_only,fault_sustained,diagnosis_processing_ms_count,p95,24.0,5
edge_only,fault_sustained,diagnosis_processing_ms_count,min,23.0,5
edge_only,fault_sustained,diagnosis_processing_ms_count,max,24.0,5
edge_only,fault_sustained,diagnosis_processing_ms_max,count,5,5
edge_only,fault_sustained,diagnosis_processing_ms_max,mean,88.1502628326416,5
edge_only,fault_sustained,diagnosis_processing_ms_max,median,14.321565628051758,5
edge_only,fault_sustained,diagnosis_processing_ms_max,std,110.9126959592624,5
edge_only,fault_sustained,diagnosis_processing_ms_max,p95,234.33446884155273,5
edge_only,fault_sustained,diagnosis_processing_ms_max,min,8.26263427734375,5
edge_only,fault_sustained,diagnosis_processing_ms_max,max,255.60808181762695,5
edge_only,fault_sustained,diagnosis_processing_ms_mean,count,5,5
edge_only,fault_sustained,diagnosis_processing_ms_mean,mean,11.512338596841563,5
edge_only,fault_sustained,diagnosis_processing_ms_mean,median,7.575233777364095,5
edge_only,fault_sustained,diagnosis_processing_ms_mean,std,6.196526223263873,5
edge_only,fault_sustained,diagnosis_processing_ms_mean,p95,19.846073095349297,5
edge_only,fault_sustained,diagnosis_processing_ms_mean,min,7.089977679045304,5
edge_only,fault_sustained,diagnosis_processing_ms_mean,max,21.267393360967223,5
edge_only,fault_sustained,diagnosis_processing_ms_median,count,5,5
edge_only,fault_sustained,diagnosis_processing_ms_median,mean,7.272052764892578,5
edge_only,fault_sustained,diagnosis_processing_ms_median,median,7.276296615600586,5
edge_only,fault_sustained,diagnosis_processing_ms_median,std,0.1412642052354267,5
edge_only,fault_sustained,diagnosis_processing_ms_median,p95,7.442522048950195,5
edge_only,fault_sustained,diagnosis_processing_ms_median,min,7.088422775268555,5
edge_only,fault_sustained,diagnosis_processing_ms_median,max,7.481813430786133,5
edge_only,fault_sustained,diagnosis_processing_ms_min,count,5,5
edge_only,fault_sustained,diagnosis_processing_ms_min,mean,6.379461288452148,5
edge_only,fault_sustained,diagnosis_processing_ms_min,median,6.244897842407227,5
edge_only,fault_sustained,diagnosis_processing_ms_min,std,0.25229894058883573,5
edge_only,fault_sustained,diagnosis_processing_ms_min,p95,6.689262390136719,5
edge_only,fault_sustained,diagnosis_processing_ms_min,min,6.153106689453125,5
edge_only,fault_sustained,diagnosis_processing_ms_min,max,6.716489791870117,5
edge_only,fault_sustained,diagnosis_processing_ms_p95,count,5,5
edge_only,fault_sustained,diagnosis_processing_ms_p95,mean,20.014171600341783,5
edge_only,fault_sustained,diagnosis_processing_ms_p95,median,9.260928630828856,5
edge_only,fault_sustained,diagnosis_processing_ms_p95,std,19.127431798402963,5
edge_only,fault_sustained,diagnosis_processing_ms_p95,p95,46.47124052047725,5
edge_only,fault_sustained,diagnosis_processing_ms_p95,min,7.9888105392456055,5
edge_only,fault_sustained,diagnosis_processing_ms_p95,max,52.622675895690875,5
edge_only,fault_sustained,diagnosis_processing_ms_std,count,5,5
edge_only,fault_sustained,diagnosis_processing_ms_std,mean,16.92429978974329,5
edge_only,fault_sustained,diagnosis_processing_ms_std,median,1.6001456197918429,5
edge_only,fault_sustained,diagnosis_processing_ms_std,std,23.097466238100804,5
edge_only,fault_sustained,diagnosis_processing_ms_std,p95,47.52857953476757,5
edge_only,fault_sustained,diagnosis_processing_ms_std,min,0.44641262372919904,5
edge_only,fault_sustained,diagnosis_processing_ms_std,max,52.163826747474374,5
edge_only,fault_sustained,diagnosis_requests,count,5,5
edge_only,fault_sustained,diagnosis_requests,mean,23.4,5
edge_only,fault_sustained,diagnosis_requests,median,23.0,5
edge_only,fault_sustained,diagnosis_requests,std,0.5477225575051661,5
edge_only,fault_sustained,diagnosis_requests,p95,24.0,5
edge_only,fault_sustained,diagnosis_requests,min,23.0,5
edge_only,fault_sustained,diagnosis_requests,max,24.0,5
edge_only,fault_sustained,e2e_latency_ms_count,count,5,5
edge_only,fault_sustained,e2e_latency_ms_count,mean,23.4,5
edge_only,fault_sustained,e2e_latency_ms_count,median,23.0,5
edge_only,fault_sustained,e2e_latency_ms_count,std,0.5477225575051661,5
edge_only,fault_sustained,e2e_latency_ms_count,p95,24.0,5
edge_only,fault_sustained,e2e_latency_ms_count,min,23.0,5
edge_only,fault_sustained,e2e_latency_ms_count,max,24.0,5
edge_only,fault_sustained,e2e_latency_ms_max,count,5,5
edge_only,fault_sustained,e2e_latency_ms_max,mean,10206.04019165039,5
edge_only,fault_sustained,e2e_latency_ms_max,median,10110.669612884521,5
edge_only,fault_sustained,e2e_latency_ms_max,std,239.08515695862155,5
edge_only,fault_sustained,e2e_latency_ms_max,p95,10534.798431396484,5
edge_only,fault_sustained,e2e_latency_ms_max,min,10060.05883216858,5
edge_only,fault_sustained,e2e_latency_ms_max,max,10626.852989196777,5
edge_only,fault_sustained,e2e_latency_ms_mean,count,5,5
edge_only,fault_sustained,e2e_latency_ms_mean,mean,9935.957240885582,5
edge_only,fault_sustained,e2e_latency_ms_mean,median,10007.660409678583,5
edge_only,fault_sustained,e2e_latency_ms_mean,std,128.9444693523167,5
edge_only,fault_sustained,e2e_latency_ms_mean,p95,10046.793017180069,5
edge_only,fault_sustained,e2e_latency_ms_mean,min,9747.338771820068,5
edge_only,fault_sustained,e2e_latency_ms_mean,max,10056.060065393862,5
edge_only,fault_sustained,e2e_latency_ms_median,count,5,5
edge_only,fault_sustained,e2e_latency_ms_median,mean,10015.2086019516,5
edge_only,fault_sustained,e2e_latency_ms_median,median,10013.069152832031,5
edge_only,fault_sustained,e2e_latency_ms_median,std,13.956953639954493,5
edge_only,fault_sustained,e2e_latency_ms_median,p95,10028.400182723999,5
edge_only,fault_sustained,e2e_latency_ms_median,min,9994.45903301239,5
edge_only,fault_sustained,e2e_latency_ms_median,max,10028.569221496582,5
edge_only,fault_sustained,e2e_latency_ms_min,count,5,5
edge_only,fault_sustained,e2e_latency_ms_min,mean,8637.223625183105,5
edge_only,fault_sustained,e2e_latency_ms_min,median,9851.122617721558,5
edge_only,fault_sustained,e2e_latency_ms_min,std,1818.1865011523332,5
edge_only,fault_sustained,e2e_latency_ms_min,p95,9954.424381256104,5
edge_only,fault_sustained,e2e_latency_ms_min,min,5960.447788238525,5
edge_only,fault_sustained,e2e_latency_ms_min,max,9972.254276275635,5
edge_only,fault_sustained,e2e_latency_ms_p95,count,5,5
edge_only,fault_sustained,e2e_latency_ms_p95,mean,10073.627896308899,5
edge_only,fault_sustained,e2e_latency_ms_p95,median,10064.495134353638,5
edge_only,fault_sustained,e2e_latency_ms_p95,std,26.35412175923736,5
edge_only,fault_sustained,e2e_latency_ms_p95,p95,10109.19777393341,5
edge_only,fault_sustained,e2e_latency_ms_p95,min,10053.910160064697,5
edge_only,fault_sustained,e2e_latency_ms_p95,max,10119.99545097351,5
edge_only,fault_sustained,e2e_latency_ms_std,count,5,5
edge_only,fault_sustained,e2e_latency_ms_std,mean,354.4502060917391,5
edge_only,fault_sustained,e2e_latency_ms_std,median,131.1663517393848,5
edge_only,fault_sustained,e2e_latency_ms_std,std,384.90439077898895,5
edge_only,fault_sustained,e2e_latency_ms_std,p95,807.6177612355795,5
edge_only,fault_sustained,e2e_latency_ms_std,min,45.85699807923386,5
edge_only,fault_sustained,e2e_latency_ms_std,max,831.4078071566529,5
edge_only,fault_sustained,escalation_rate,count,5,5
edge_only,fault_sustained,escalation_rate,mean,1.0,5
edge_only,fault_sustained,escalation_rate,median,1.0,5
edge_only,fault_sustained,escalation_rate,std,0.0,5
edge_only,fault_sustained,escalation_rate,p95,1.0,5
edge_only,fault_sustained,escalation_rate,min,1.0,5
edge_only,fault_sustained,escalation_rate,max,1.0,5
edge_only,fault_sustained,estimated_cloud_data_bytes,count,5,5
edge_only,fault_sustained,estimated_cloud_data_bytes,mean,0.0,5
edge_only,fault_sustained,estimated_cloud_data_bytes,median,0.0,5
edge_only,fault_sustained,estimated_cloud_data_bytes,std,0.0,5
edge_only,fault_sustained,estimated_cloud_data_bytes,p95,0.0,5
edge_only,fault_sustained,estimated_cloud_data_bytes,min,0.0,5
edge_only,fault_sustained,estimated_cloud_data_bytes,max,0.0,5
edge_only,fault_sustained,estimated_cloud_data_bytes_per_minute,count,5,5
edge_only,fault_sustained,estimated_cloud_data_bytes_per_minute,mean,0.0,5
edge_only,fault_sustained,estimated_cloud_data_bytes_per_minute,median,0.0,5
edge_only,fault_sustained,estimated_cloud_data_bytes_per_minute,std,0.0,5
edge_only,fault_sustained,estimated_cloud_data_bytes_per_minute,p95,0.0,5
edge_only,fault_sustained,estimated_cloud_data_bytes_per_minute,min,0.0,5
edge_only,fault_sustained,estimated_cloud_data_bytes_per_minute,max,0.0,5
hybrid,fault_alternate,anomaly_events,count,5,5
hybrid,fault_alternate,anomaly_events,mean,1609.6,5
hybrid,fault_alternate,anomaly_events,median,1605.0,5
hybrid,fault_alternate,anomaly_events,std,16.727223320085137,5
hybrid,fault_alternate,anomaly_events,p95,1629.0,5
hybrid,fault_alternate,anomaly_events,min,1588.0,5
hybrid,fault_alternate,anomaly_events,max,1631.0,5
hybrid,fault_alternate,anomaly_ratio_count,count,5,5
hybrid,fault_alternate,anomaly_ratio_count,mean,31.4,5
hybrid,fault_alternate,anomaly_ratio_count,median,31.0,5
hybrid,fault_alternate,anomaly_ratio_count,std,0.5477225575051661,5
hybrid,fault_alternate,anomaly_ratio_count,p95,32.0,5
hybrid,fault_alternate,anomaly_ratio_count,min,31.0,5
hybrid,fault_alternate,anomaly_ratio_count,max,32.0,5
hybrid,fault_alternate,anomaly_ratio_max,count,5,5
hybrid,fault_alternate,anomaly_ratio_max,mean,0.998,5
hybrid,fault_alternate,anomaly_ratio_max,median,1.0,5
hybrid,fault_alternate,anomaly_ratio_max,std,0.004472135954999583,5
hybrid,fault_alternate,anomaly_ratio_max,p95,1.0,5
hybrid,fault_alternate,anomaly_ratio_max,min,0.99,5
hybrid,fault_alternate,anomaly_ratio_max,max,1.0,5
hybrid,fault_alternate,anomaly_ratio_mean,count,5,5
hybrid,fault_alternate,anomaly_ratio_mean,mean,0.49986693548387096,5
hybrid,fault_alternate,anomaly_ratio_mean,median,0.4996774193548387,5
hybrid,fault_alternate,anomaly_ratio_mean,std,0.005471094989283576,5
hybrid,fault_alternate,anomaly_ratio_mean,p95,0.5060625,5
hybrid,fault_alternate,anomaly_ratio_mean,min,0.49451612903225806,5
hybrid,fault_alternate,anomaly_ratio_mean,max,0.5065625,5
hybrid,fault_alternate,anomaly_ratio_median,count,5,5
hybrid,fault_alternate,anomaly_ratio_median,mean,0.758,5
hybrid,fault_alternate,anomaly_ratio_median,median,0.755,5
hybrid,fault_alternate,anomaly_ratio_median,std,0.011510864433221349,5
hybrid,fault_alternate,anomaly_ratio_median,p95,0.77,5
hybrid,fault_alternate,anomaly_ratio_median,min,0.745,5
hybrid,fault_alternate,anomaly_ratio_median,max,0.77,5
hybrid,fault_alternate,anomaly_ratio_min,count,5,5
hybrid,fault_alternate,anomaly_ratio_min,mean,0.0,5
hybrid,fault_alternate,anomaly_ratio_min,median,0.0,5
hybrid,fault_alternate,anomaly_ratio_min,std,0.0,5
hybrid,fault_alternate,anomaly_ratio_min,p95,0.0,5
hybrid,fault_alternate,anomaly_ratio_min,min,0.0,5
hybrid,fault_alternate,anomaly_ratio_min,max,0.0,5
hybrid,fault_alternate,anomaly_ratio_p95,count,5,5
hybrid,fault_alternate,anomaly_ratio_p95,mean,0.9858,5
hybrid,fault_alternate,anomaly_ratio_p95,median,0.989,5
hybrid,fault_alternate,anomaly_ratio_p95,std,0.008105553651663785,5
hybrid,fault_alternate,anomaly_ratio_p95,p95,0.994,5
hybrid,fault_alternate,anomaly_ratio_p95,min,0.975,5
hybrid,fault_alternate,anomaly_ratio_p95,max,0.995,5
hybrid,fault_alternate,anomaly_ratio_std,count,5,5
hybrid,fault_alternate,anomaly_ratio_std,mean,0.4548300267513068,5
hybrid,fault_alternate,anomaly_ratio_std,median,0.4543098940576902,5
hybrid,fault_alternate,anomaly_ratio_std,std,0.0031052314138058272,5
hybrid,fault_alternate,anomaly_ratio_std,p95,0.45833981342715446,5
hybrid,fault_alternate,anomaly_ratio_std,min,0.4512784706414833,5
hybrid,fault_alternate,anomaly_ratio_std,max,0.45857375903241376,5
hybrid,fault_alternate,classifier_cpu_count,count,5,5
hybrid,fault_alternate,classifier_cpu_count,mean,157.2,5
hybrid,fault_alternate,classifier_cpu_count,median,157.0,5
hybrid,fault_alternate,classifier_cpu_count,std,0.4472135954999579,5
hybrid,fault_alternate,classifier_cpu_count,p95,157.8,5
hybrid,fault_alternate,classifier_cpu_count,min,157.0,5
hybrid,fault_alternate,classifier_cpu_count,max,158.0,5
hybrid,fault_alternate,classifier_cpu_max,count,5,5
hybrid,fault_alternate,classifier_cpu_max,mean,2.097977505929697,5
hybrid,fault_alternate,classifier_cpu_max,median,2.0327672505389986,5
hybrid,fault_alternate,classifier_cpu_max,std,0.11246561307246176,5
hybrid,fault_alternate,classifier_cpu_max,p95,2.224240914290507,5
hybrid,fault_alternate,classifier_cpu_max,min,1.9980575421466826,5
hybrid,fault_alternate,classifier_cpu_max,max,2.226847931546125,5
hybrid,fault_alternate,classifier_cpu_mean,count,5,5
hybrid,fault_alternate,classifier_cpu_mean,mean,0.49040056384338254,5
hybrid,fault_alternate,classifier_cpu_mean,median,0.48752887013625434,5
hybrid,fault_alternate,classifier_cpu_mean,std,0.006937527729836471,5
hybrid,fault_alternate,classifier_cpu_mean,p95,0.49882212955856703,5
hybrid,fault_alternate,classifier_cpu_mean,min,0.482301384666618,5
hybrid,fault_alternate,classifier_cpu_mean,max,0.4997624428854848,5
hybrid,fault_alternate,classifier_cpu_median,count,5,5
hybrid,fault_alternate,classifier_cpu_median,mean,0.10298090213652686,5
hybrid,fault_alternate,classifier_cpu_median,median,0.10315727915859695,5
hybrid,fault_alternate,classifier_cpu_median,std,0.001002225587947588,5
hybrid,fault_alternate,classifier_cpu_median,p95,0.10382528544268843,5
hybrid,fault_alternate,classifier_cpu_median,min,0.10130863651266091,5
hybrid,fault_alternate,classifier_cpu_median,max,0.1038831054995559,5
hybrid,fault_alternate,classifier_cpu_min,count,5,5
hybrid,fault_alternate,classifier_cpu_min,mean,0.0885748294302566,5
hybrid,fault_alternate,classifier_cpu_min,median,0.08873052160120837,5
hybrid,fault_alternate,classifier_cpu_min,std,0.001954995853561294,5
hybrid,fault_alternate,classifier_cpu_min,p95,0.0907723278910589,5
hybrid,fault_alternate,classifier_cpu_min,min,0.08593999336239584,5
hybrid,fault_alternate,classifier_cpu_min,max,0.09106616205866677,5
hybrid,fault_alternate,classifier_cpu_p95,count,5,5
hybrid,fault_alternate,classifier_cpu_p95,mean,1.9332474668476147,5
hybrid,fault_alternate,classifier_cpu_p95,median,1.9427213984766691,5
hybrid,fault_alternate,classifier_cpu_p95,std,0.0207827371713215,5
hybrid,fault_alternate,classifier_cpu_p95,p95,1.9524133822916734,5
hybrid,fault_alternate,classifier_cpu_p95,min,1.9040816899324962,5
hybrid,fault_alternate,classifier_cpu_p95,max,1.9540025864810355,5
hybrid,fault_alternate,classifier_cpu_std,count,5,5
hybrid,fault_alternate,classifier_cpu_std,mean,0.7149702154902693,5
hybrid,fault_alternate,classifier_cpu_std,median,0.7153108656186166,5
hybrid,fault_alternate,classifier_cpu_std,std,0.011438192548583246,5
hybrid,fault_alternate,classifier_cpu_std,p95,0.7279651779965534,5
hybrid,fault_alternate,classifier_cpu_std,min,0.6987510761438295,5
hybrid,fault_alternate,classifier_cpu_std,max,0.7301933542626897,5
hybrid,fault_alternate,classifier_memory_count,count,5,5
hybrid,fault_alternate,classifier_memory_count,mean,158.2,5
hybrid,fault_alternate,classifier_memory_count,median,158.0,5
hybrid,fault_alternate,classifier_memory_count,std,0.4472135954999579,5
hybrid,fault_alternate,classifier_memory_count,p95,158.8,5
hybrid,fault_alternate,classifier_memory_count,min,158.0,5
hybrid,fault_alternate,classifier_memory_count,max,159.0,5
hybrid,fault_alternate,classifier_memory_max,count,5,5
hybrid,fault_alternate,classifier_memory_max,mean,252955852.8,5
hybrid,fault_alternate,classifier_memory_max,median,253194240.0,5
hybrid,fault_alternate,classifier_memory_max,std,2735191.830263318,5
hybrid,fault_alternate,classifier_memory_max,p95,255790284.8,5
hybrid,fault_alternate,classifier_memory_max,min,248717312.0,5
hybrid,fault_alternate,classifier_memory_max,max,256258048.0,5
hybrid,fault_alternate,classifier_memory_mean,count,5,5
hybrid,fault_alternate,classifier_memory_mean,mean,245731441.25060108,5
hybrid,fault_alternate,classifier_memory_mean,median,246044386.83544305,5
hybrid,fault_alternate,classifier_memory_mean,std,745554.5162231682,5
hybrid,fault_alternate,classifier_memory_mean,p95,246098440.40493593,5
hybrid,fault_alternate,classifier_memory_mean,min,244398961.4177215,5
hybrid,fault_alternate,classifier_memory_mean,max,246100612.02515724,5
hybrid,fault_alternate,classifier_memory_median,count,5,5
hybrid,fault_alternate,classifier_memory_median,mean,245885337.6,5
hybrid,fault_alternate,classifier_memory_median,median,246001664.0,5
hybrid,fault_alternate,classifier_memory_median,std,281353.75997629744,5
hybrid,fault_alternate,classifier_memory_median,p95,246035251.2,5
hybrid,fault_alternate,classifier_memory_median,min,245383168.0,5
hybrid,fault_alternate,classifier_memory_median,max,246042624.0,5
hybrid,fault_alternate,classifier_memory_min,count,5,5
hybrid,fault_alternate,classifier_memory_min,mean,244881817.6,5
hybrid,fault_alternate,classifier_memory_min,median,245731328.0,5
hybrid,fault_alternate,classifier_memory_min,std,1922577.057500895,5
hybrid,fault_alternate,classifier_memory_min,p95,245767372.8,5
hybrid,fault_alternate,classifier_memory_min,min,241442816.0,5
hybrid,fault_alternate,classifier_memory_min,max,245772288.0,5
hybrid,fault_alternate,classifier_memory_p95,count,5,5
hybrid,fault_alternate,classifier_memory_p95,mean,246114140.16,5
hybrid,fault_alternate,classifier_memory_p95,median,246198272.0,5
hybrid,fault_alternate,classifier_memory_p95,std,222673.56911885334,5
hybrid,fault_alternate,classifier_memory_p95,p95,246240215.04000002,5
hybrid,fault_alternate,classifier_memory_p95,min,245719040.0,5
hybrid,fault_alternate,classifier_memory_p95,max,246240460.8,5
hybrid,fault_alternate,classifier_memory_std,count,5,5
hybrid,fault_alternate,classifier_memory_std,mean,817438.3087863608,5
hybrid,fault_alternate,classifier_memory_std,median,582992.4414158262,5
hybrid,fault_alternate,classifier_memory_std,std,661577.3391728902,5
hybrid,fault_alternate,classifier_memory_std,p95,1711831.9718603534,5
hybrid,fault_alternate,classifier_memory_std,min,246816.70641779367,5
hybrid,fault_alternate,classifier_memory_std,max,1958647.227362795,5
hybrid,fault_alternate,cloud_escalations,count,5,5
hybrid,fault_alternate,cloud_escalations,mean,17.4,5
hybrid,fault_alternate,cloud_escalations,median,17.0,5
hybrid,fault_alternate,cloud_escalations,std,0.5477225575051661,5
hybrid,fault_alternate,cloud_escalations,p95,18.0,5
hybrid,fault_alternate,cloud_escalations,min,17.0,5
hybrid,fault_alternate,cloud_escalations,max,18.0,5
hybrid,fault_alternate,detection_latency_ms_count,count,5,5
hybrid,fault_alternate,detection_latency_ms_count,mean,1609.6,5
hybrid,fault_alternate,detection_latency_ms_count,median,1605.0,5
hybrid,fault_alternate,detection_latency_ms_count,std,16.727223320085137,5
hybrid,fault_alternate,detection_latency_ms_count,p95,1629.0,5
hybrid,fault_alternate,detection_latency_ms_count,min,1588.0,5
hybrid,fault_alternate,detection_latency_ms_count,max,1631.0,5
hybrid,fault_alternate,detection_latency_ms_max,count,5,5
hybrid,fault_alternate,detection_latency_ms_max,mean,84.47890281677246,5
hybrid,fault_alternate,detection_latency_ms_max,median,84.62119102478027,5
hybrid,fault_alternate,detection_latency_ms_max,std,38.301390784425436,5
hybrid,fault_alternate,detection_latency_ms_max,p95,126.66950225830078,5
hybrid,fault_alternate,detection_latency_ms_max,min,29.15334701538086,5
hybrid,fault_alternate,detection_latency_ms_max,max,132.43722915649414,5
hybrid,fault_alternate,detection_latency_ms_mean,count,5,5
hybrid,fault_alternate,detection_latency_ms_mean,mean,5.065115934559744,5
hybrid,fault_alternate,detection_latency_ms_mean,median,5.171020775658057,5
hybrid,fault_alternate,detection_latency_ms_mean,std,0.24103231279919138,5
hybrid,fault_alternate,detection_latency_ms_mean,p95,5.2712116462042875,5
hybrid,fault_alternate,detection_latency_ms_mean,min,4.677662358175157,5
hybrid,fault_alternate,detection_latency_ms_mean,max,5.29221720942392,5
hybrid,fault_alternate,detection_latency_ms_median,count,5,5
hybrid,fault_alternate,detection_latency_ms_median,mean,4.2296648025512695,5
hybrid,fault_alternate,detection_latency_ms_median,median,4.227876663208008,5
hybrid,fault_alternate,detection_latency_ms_median,std,0.014310577462170284,5
hybrid,fault_alternate,detection_latency_ms_median,p95,4.246044158935547,5
hybrid,fault_alternate,detection_latency_ms_median,min,4.212856292724609,5
hybrid,fault_alternate,detection_latency_ms_median,max,4.247426986694336,5
hybrid,fault_alternate,detection_latency_ms_min,count,5,5
hybrid,fault_alternate,detection_latency_ms_min,mean,3.8576602935791016,5
hybrid,fault_alternate,detection_latency_ms_min,median,3.8645267486572266,5
hybrid,fault_alternate,detection_latency_ms_min,std,0.04383252792698195,5
hybrid,fault_alternate,detection_latency_ms_min,p95,3.897428512573242,5
hybrid,fault_alternate,detection_latency_ms_min,min,3.785848617553711,5
hybrid,fault_alternate,detection_latency_ms_min,max,3.9014816284179688,5
hybrid,fault_alternate,detection_latency_ms_p95,count,5,5
hybrid,fault_alternate,detection_latency_ms_p95,mean,7.301120758056638,5
hybrid,fault_alternate,detection_latency_ms_p95,median,7.2699785232543945,5
hybrid,fault_alternate,detection_latency_ms_p95,std,0.6480334423750362,5
hybrid,fault_alternate,detection_latency_ms_p95,p95,8.02832603454589,5
hybrid,fault_alternate,detection_latency_ms_p95,min,6.376743316650391,5
hybrid,fault_alternate,detection_latency_ms_p95,max,8.13148021697997,5
hybrid,fault_alternate,detection_latency_ms_std,count,5,5
hybrid,fault_alternate,detection_latency_ms_std,mean,4.078191824720067,5
hybrid,fault_alternate,detection_latency_ms_std,median,4.4299446354342695,5
hybrid,fault_alternate,detection_latency_ms_std,std,1.3877975631888997,5
hybrid,fault_alternate,detection_latency_ms_std,p95,5.25807065013108,5
hybrid,fault_alternate,detection_latency_ms_std,min,1.8231378016750333,5
hybrid,fault_alternate,detection_latency_ms_std,max,5.31839507300565,5
hybrid,fault_alternate,detector_cpu_count,count,5,5
hybrid,fault_alternate,detector_cpu_count,mean,156.4,5
hybrid,fault_alternate,detector_cpu_count,median,156.0,5
hybrid,fault_alternate,detector_cpu_count,std,0.5477225575051661,5
hybrid,fault_alternate,detector_cpu_count,p95,157.0,5
hybrid,fault_alternate,detector_cpu_count,min,156.0,5
hybrid,fault_alternate,detector_cpu_count,max,157.0,5
hybrid,fault_alternate,detector_cpu_max,count,5,5
hybrid,fault_alternate,detector_cpu_max,mean,19.662105865919546,5
hybrid,fault_alternate,detector_cpu_max,median,20.632412302235096,5
hybrid,fault_alternate,detector_cpu_max,std,3.631425389428758,5
hybrid,fault_alternate,detector_cpu_max,p95,23.36089890603291,5
hybrid,fault_alternate,detector_cpu_max,min,14.674815430479518,5
hybrid,fault_alternate,detector_cpu_max,max,23.71814064448567,5
hybrid,fault_alternate,detector_cpu_mean,count,5,5
hybrid,fault_alternate,detector_cpu_mean,mean,5.593356582920035,5
hybrid,fault_alternate,detector_cpu_mean,median,5.583211194341781,5
hybrid,fault_alternate,detector_cpu_mean,std,0.0715477745762991,5
hybrid,fault_alternate,detector_cpu_mean,p95,5.678728187464985,5
hybrid,fault_alternate,detector_cpu_mean,min,5.520409657269371,5
hybrid,fault_alternate,detector_cpu_mean,max,5.687675576725639,5
hybrid,fault_alternate,detector_cpu_median,count,5,5
hybrid,fault_alternate,detector_cpu_median,mean,4.950328462208377,5
hybrid,fault_alternate,detector_cpu_median,median,4.978798221326499,5
hybrid,fault_alternate,detector_cpu_median,std,0.051547792872435,5
hybrid,fault_alternate,detector_cpu_median,p95,4.993898449942214,5
hybrid,fault_alternate,detector_cpu_median,min,4.890515016073971,5
hybrid,fault_alternate,detector_cpu_median,max,4.995082336630425,5
hybrid,fault_alternate,detector_cpu_min,count,5,5
hybrid,fault_alternate,detector_cpu_min,mean,3.064174485793145,5
hybrid,fault_alternate,detector_cpu_min,median,3.5936038473740184,5
hybrid,fault_alternate,detector_cpu_min,std,0.8436358422398307,5
hybrid,fault_alternate,detector_cpu_min,p95,3.6879751229417193,5
hybrid,fault_alternate,detector_cpu_min,min,1.7923553230016904,5
hybrid,fault_alternate,detector_cpu_min,max,3.7010994662037735,5
hybrid,fault_alternate,detector_cpu_p95,count,5,5
hybrid,fault_alternate,detector_cpu_p95,mean,9.209654495410971,5
hybrid,fault_alternate,detector_cpu_p95,median,8.969347388747444,5
hybrid,fault_alternate,detector_cpu_p95,std,0.8267315297905727,5
hybrid,fault_alternate,detector_cpu_p95,p95,10.243401354772686,5
hybrid,fault_alternate,detector_cpu_p95,min,8.200245148279134,5
hybrid,fault_alternate,detector_cpu_p95,max,10.418846449655861,5
hybrid,fault_alternate,detector_cpu_std,count,5,5
hybrid,fault_alternate,detector_cpu_std,mean,2.3311632994306155,5
hybrid,fault_alternate,detector_cpu_std,median,2.283161058980111,5
hybrid,fault_alternate,detector_cpu_std,std,0.3777469444121936,5
hybrid,fault_alternate,detector_cpu_std,p95,2.795670144083512,5
hybrid,fault_alternate,detector_cpu_std,min,1.8589764126064037,5
hybrid,fault_alternate,detector_cpu_std,max,2.8760112072927475,5
hybrid,fault_alternate,detector_memory_count,count,5,5
hybrid,fault_alternate,detector_memory_count,mean,157.4,5
hybrid,fault_alternate,detector_memory_count,median,157.0,5
hybrid,fault_alternate,detector_memory_count,std,0.5477225575051661,5
hybrid,fault_alternate,detector_memory_count,p95,158.0,5
hybrid,fault_alternate,detector_memory_count,min,157.0,5
hybrid,fault_alternate,detector_memory_count,max,158.0,5
hybrid,fault_alternate,detector_memory_max,count,5,5
hybrid,fault_alternate,detector_memory_max,mean,293720064.0,5
hybrid,fault_alternate,detector_memory_max,median,293953536.0,5
hybrid,fault_alternate,detector_memory_max,std,1002917.9581840181,5
hybrid,fault_alternate,detector_memory_max,p95,294838272.0,5
hybrid,fault_alternate,detector_memory_max,min,292691968.0,5
hybrid,fault_alternate,detector_memory_max,max,294981632.0,5
hybrid,fault_alternate,detector_memory_mean,count,5,5
hybrid,fault_alternate,detector_memory_mean,mean,292530355.2557284,5
hybrid,fault_alternate,detector_memory_mean,median,292530632.56050956,5
hybrid,fault_alternate,detector_memory_mean,std,21827.02385139774,5
hybrid,fault_alternate,detector_memory_mean,p95,292550505.6405063,5
hybrid,fault_alternate,detector_memory_mean,min,292495203.46496814,5
hybrid,fault_alternate,detector_memory_mean,max,292552004.0506329,5
hybrid,fault_alternate,detector_memory_median,count,5,5
hybrid,fault_alternate,detector_memory_median,mean,292522393.6,5
hybrid,fault_alternate,detector_memory_median,median,292521984.0,5
hybrid,fault_alternate,detector_memory_median,std,19179.167364617268,5
hybrid,fault_alternate,detector_memory_median,p95,292544512.0,5
hybrid,fault_alternate,detector_memory_median,min,292495360.0,5
hybrid,fault_alternate,detector_memory_median,max,292548608.0,5
hybrid,fault_alternate,detector_memory_min,count,5,5
hybrid,fault_alternate,detector_memory_min,mean,292229120.0,5
hybrid,fault_alternate,detector_memory_min,median,292233216.0,5
hybrid,fault_alternate,detector_memory_min,std,29959.65714089532,5
hybrid,fault_alternate,detector_memory_min,p95,292260249.6,5
hybrid,fault_alternate,detector_memory_min,min,292196352.0,5
hybrid,fault_alternate,detector_memory_min,max,292261888.0,5
hybrid,fault_alternate,detector_memory_p95,count,5,5
hybrid,fault_alternate,detector_memory_p95,mean,292695121.92,5
hybrid,fault_alternate,detector_memory_p95,median,292696678.4,5
hybrid,fault_alternate,detector_memory_p95,std,12876.041647653981,5
hybrid,fault_alternate,detector_memory_p95,p95,292709416.96,5
hybrid,fault_alternate,detector_memory_p95,min,292676403.2,5
hybrid,fault_alternate,detector_memory_p95,max,292712448.0,5
hybrid,fault_alternate,detector_memory_std,count,5,5
hybrid,fault_alternate,detector_memory_std,mean,167090.45259520723,5
hybrid,fault_alternate,detector_memory_std,median,163022.04024782692,5
hybrid,fault_alternate,detector_memory_std,std,56515.75641131427,5
hybrid,fault_alternate,detector_memory_std,p95,240506.43323228386,5
hybrid,fault_alternate,detector_memory_std,min,115671.81809599316,5
hybrid,fault_alternate,detector_memory_std,max,255650.61250202364,5
hybrid,fault_alternate,diagnosis_latency_ms_count,count,5,5
hybrid,fault_alternate,diagnosis_latency_ms_count,mean,17.4,5
hybrid,fault_alternate,diagnosis_latency_ms_count,median,17.0,5
hybrid,fault_alternate,diagnosis_latency_ms_count,std,0.5477225575051661,5
hybrid,fault_alternate,diagnosis_latency_ms_count,p95,18.0,5
hybrid,fault_alternate,diagnosis_latency_ms_count,min,17.0,5
hybrid,fault_alternate,diagnosis_latency_ms_count,max,18.0,5
hybrid,fault_alternate,diagnosis_latency_ms_max,count,5,5
hybrid,fault_alternate,diagnosis_latency_ms_max,mean,28.70001792907715,5
hybrid,fault_alternate,diagnosis_latency_ms_max,median,30.083179473876953,5
hybrid,fault_alternate,diagnosis_latency_ms_max,std,6.766592962638763,5
hybrid,fault_alternate,diagnosis_latency_ms_max,p95,36.04850769042969,5
hybrid,fault_alternate,diagnosis_latency_ms_max,min,19.597768783569336,5
hybrid,fault_alternate,diagnosis_latency_ms_max,max,37.001609802246094,5
hybrid,fault_alternate,diagnosis_latency_ms_mean,count,5,5
hybrid,fault_alternate,diagnosis_latency_ms_mean,mean,17.309319739248238,5
hybrid,fault_alternate,diagnosis_latency_ms_mean,median,17.59209352381089,5
hybrid,fault_alternate,diagnosis_latency_ms_mean,std,0.5449557495877102,5
hybrid,fault_alternate,diagnosis_latency_ms_mean,p95,17.63277661566641,5
hybrid,fault_alternate,diagnosis_latency_ms_mean,min,16.35921001434326,5
hybrid,fault_alternate,diagnosis_latency_ms_mean,max,17.635303385117474,5
hybrid,fault_alternate,diagnosis_latency_ms_median,count,5,5
hybrid,fault_alternate,diagnosis_latency_ms_median,mean,16.27979278564453,5
hybrid,fault_alternate,diagnosis_latency_ms_median,median,16.187667846679688,5
hybrid,fault_alternate,diagnosis_latency_ms_median,std,0.324499493005048,5
hybrid,fault_alternate,diagnosis_latency_ms_median,p95,16.715478897094727,5
hybrid,fault_alternate,diagnosis_latency_ms_median,min,15.969038009643555,5
hybrid,fault_alternate,diagnosis_latency_ms_median,max,16.819238662719727,5
hybrid,fault_alternate,diagnosis_latency_ms_min,count,5,5
hybrid,fault_alternate,diagnosis_latency_ms_min,mean,13.024425506591797,5
hybrid,fault_alternate,diagnosis_latency_ms_min,median,13.720512390136719,5
hybrid,fault_alternate,diagnosis_latency_ms_min,std,0.9981002008900427,5
hybrid,fault_alternate,diagnosis_latency_ms_min,p95,13.755941390991211,5
hybrid,fault_alternate,diagnosis_latency_ms_min,min,11.649847030639648,5
hybrid,fault_alternate,diagnosis_latency_ms_min,max,13.764381408691406,5
hybrid,fault_alternate,diagnosis_latency_ms_p95,count,5,5
hybrid,fault_alternate,diagnosis_latency_ms_p95,mean,23.246953487396233,5
hybrid,fault_alternate,diagnosis_latency_ms_p95,median,23.51961135864257,5
hybrid,fault_alternate,diagnosis_latency_ms_p95,std,2.470455848651867,5
hybrid,fault_alternate,diagnosis_latency_ms_p95,p95,25.90892791748046,5
hybrid,fault_alternate,diagnosis_latency_ms_p95,min,19.537174701690674,5
hybrid,fault_alternate,diagnosis_latency_ms_p95,max,26.418662071228017,5
hybrid,fault_alternate,diagnosis_latency_ms_std,count,5,5
hybrid,fault_alternate,diagnosis_latency_ms_std,mean,3.804125731402282,5
hybrid,fault_alternate,diagnosis_latency_ms_std,median,4.068119609533806,5
hybrid,fault_alternate,diagnosis_latency_ms_std,std,1.4240253920194594,5
hybrid,fault_alternate,diagnosis_latency_ms_std,p95,5.17056567821345,5
hybrid,fault_alternate,diagnosis_latency_ms_std,min,1.5772278856940585,5
hybrid,fault_alternate,diagnosis_latency_ms_std,max,5.303499087117378,5
hybrid,fault_alternate,diagnosis_processing_ms_count,count,5,5
hybrid,fault_alternate,diagnosis_processing_ms_count,mean,17.4,5
hybrid,fault_alternate,diagnosis_processing_ms_count,median,17.0,5
hybrid,fault_alternate,diagnosis_processing_ms_count,std,0.5477225575051661,5
hybrid,fault_alternate,diagnosis_processing_ms_count,p95,18.0,5
hybrid,fault_alternate,diagnosis_processing_ms_count,min,17.0,5
hybrid,fault_alternate,diagnosis_processing_ms_count,max,18.0,5
hybrid,fault_alternate,diagnosis_processing_ms_max,count,5,5
hybrid,fault_alternate,diagnosis_processing_ms_max,mean,7.94215202331543,5
hybrid,fault_alternate,diagnosis_processing_ms_max,median,4.558563232421875,5
hybrid,fault_alternate,diagnosis_processing_ms_max,std,7.516391873393499,5
hybrid,fault_alternate,diagnosis_processing_ms_max,p95,18.05348396301269,5
hybrid,fault_alternate,diagnosis_processing_ms_max,min,4.519462585449219,5
hybrid,fault_alternate,diagnosis_processing_ms_max,max,21.387100219726562,5
hybrid,fault_alternate,diagnosis_processing_ms_mean,count,5,5
hybrid,fault_alternate,diagnosis_processing_ms_mean,mean,4.419584991106021,5
hybrid,fault_alternate,diagnosis_processing_ms_mean,median,4.234737820095486,5
hybrid,fault_alternate,diagnosis_processing_ms_mean,std,0.4302799886271478,5
hybrid,fault_alternate,diagnosis_processing_ms_mean,p95,5.005513920503504,5
hybrid,fault_alternate,diagnosis_processing_ms_mean,min,4.16258970896403,5
hybrid,fault_alternate,diagnosis_processing_ms_mean,max,5.185253479901482,5
hybrid,fault_alternate,diagnosis_processing_ms_median,count,5,5
hybrid,fault_alternate,diagnosis_processing_ms_median,mean,4.232978820800781,5
hybrid,fault_alternate,diagnosis_processing_ms_median,median,4.2591094970703125,5
hybrid,fault_alternate,diagnosis_processing_ms_median,std,0.055235299821807964,5
hybrid,fault_alternate,diagnosis_processing_ms_median,p95,4.278993606567383,5
hybrid,fault_alternate,diagnosis_processing_ms_median,min,4.148364067077637,5
hybrid,fault_alternate,diagnosis_processing_ms_median,max,4.281401634216309,5
hybrid,fault_alternate,diagnosis_processing_ms_min,count,5,5
hybrid,fault_alternate,diagnosis_processing_ms_min,mean,3.7955284118652344,5
hybrid,fault_alternate,diagnosis_processing_ms_min,median,3.8137435913085938,5
hybrid,fault_alternate,diagnosis_processing_ms_min,std,0.0699890723730952,5
hybrid,fault_alternate,diagnosis_processing_ms_min,p95,3.8498878479003906,5
hybrid,fault_alternate,diagnosis_processing_ms_min,min,3.6754608154296875,5
hybrid,fault_alternate,diagnosis_processing_ms_min,max,3.8542747497558594,5
hybrid,fault_alternate,diagnosis_processing_ms_p95,count,5,5
hybrid,fault_alternate,diagnosis_processing_ms_p95,mean,5.185537338256833,5
hybrid,fault_alternate,diagnosis_processing_ms_p95,median,4.490375518798828,5
hybrid,fault_alternate,diagnosis_processing_ms_p95,std,1.535254673486337,5
hybrid,fault_alternate,diagnosis_processing_ms_p95,p95,7.279024124145497,5
hybrid,fault_alternate,diagnosis_processing_ms_p95,min,4.394817352294922,5
hybrid,fault_alternate,diagnosis_processing_ms_p95,max,7.923316955566394,5
hybrid,fault_alternate,diagnosis_processing_ms_std,count,5,5
hybrid,fault_alternate,diagnosis_processing_ms_std,mean,0.9974638459217147,5
hybrid,fault_alternate,diagnosis_processing_ms_std,median,0.19988122773185715,5
hybrid,fault_alternate,diagnosis_processing_ms_std,std,1.7804500731547037,5
hybrid,fault_alternate,diagnosis_processing_ms_std,p95,3.396036252750487,5
hybrid,fault_alternate,diagnosis_processing_ms_std,min,0.16220040175154843,5
hybrid,fault_alternate,diagnosis_processing_ms_std,max,4.181892802858577,5
hybrid,fault_alternate,diagnosis_requests,count,5,5
hybrid,fault_alternate,diagnosis_requests,mean,17.4,5
hybrid,fault_alternate,diagnosis_requests,median,17.0,5
hybrid,fault_alternate,diagnosis_requests,std,0.5477225575051661,5
hybrid,fault_alternate,diagnosis_requests,p95,18.0,5
hybrid,fault_alternate,diagnosis_requests,min,17.0,5
hybrid,fault_alternate,diagnosis_requests,max,18.0,5
hybrid,fault_alternate,e2e_latency_ms_count,count,5,5
hybrid,fault_alternate,e2e_latency_ms_count,mean,17.4,5
hybrid,fault_alternate,e2e_latency_ms_count,median,17.0,5
hybrid,fault_alternate,e2e_latency_ms_count,std,0.5477225575051661,5
hybrid,fault_alternate,e2e_latency_ms_count,p95,18.0,5
hybrid,fault_alternate,e2e_latency_ms_count,min,17.0,5
hybrid,fault_alternate,e2e_latency_ms_count,max,18.0,5
hybrid,fault_alternate,e2e_latency_ms_max,count,5,5
hybrid,fault_alternate,e2e_latency_ms_max,mean,10068.279600143433,5
hybrid,fault_alternate,e2e_latency_ms_max,median,10074.62191581726,5
hybrid,fault_alternate,e2e_latency_ms_max,std,9.226793743225684,5
hybrid,fault_alternate,e2e_latency_ms_max,p95,10075.490379333496,5
hybrid,fault_alternate,e2e_latency_ms_max,min,10057.86657333374,5
hybrid,fault_alternate,e2e_latency_ms_max,max,10075.682163238525,5
hybrid,fault_alternate,e2e_latency_ms_mean,count,5,5
hybrid,fault_alternate,e2e_latency_ms_mean,mean,9777.575058563083,5
hybrid,fault_alternate,e2e_latency_ms_mean,median,9750.028441934024,5
hybrid,fault_alternate,e2e_latency_ms_mean,std,153.6575731300044,5
hybrid,fault_alternate,e2e_latency_ms_mean,p95,9969.069318210377,5
hybrid,fault_alternate,e2e_latency_ms_mean,min,9589.343812730578,5
hybrid,fault_alternate,e2e_latency_ms_mean,max,10002.881512922399,5
hybrid,fault_alternate,e2e_latency_ms_median,count,5,5
hybrid,fault_alternate,e2e_latency_ms_median,mean,10001.374316215515,5
hybrid,fault_alternate,e2e_latency_ms_median,median,9996.527194976807,5
hybrid,fault_alternate,e2e_latency_ms_median,std,10.38519688228001,5
hybrid,fault_alternate,e2e_latency_ms_median,p95,10013.063764572144,5
hybrid,fault_alternate,e2e_latency_ms_median,min,9992.506504058838,5
hybrid,fault_alternate,e2e_latency_ms_median,max,10013.375401496887,5
hybrid,fault_alternate,e2e_latency_ms_min,count,5,5
hybrid,fault_alternate,e2e_latency_ms_min,mean,8216.451454162598,5
hybrid,fault_alternate,e2e_latency_ms_min,median,8397.034168243408,5
hybrid,fault_alternate,e2e_latency_ms_min,std,1180.8206871735326,5
hybrid,fault_alternate,e2e_latency_ms_min,p95,9595.083665847778,5
hybrid,fault_alternate,e2e_latency_ms_min,min,7000.497341156006,5
hybrid,fault_alternate,e2e_latency_ms_min,max,9797.459602355957,5
hybrid,fault_alternate,e2e_latency_ms_p95,count,5,5
hybrid,fault_alternate,e2e_latency_ms_p95,mean,10057.773082256317,5
hybrid,fault_alternate,e2e_latency_ms_p95,median,10057.534992694855,5
hybrid,fault_alternate,e2e_latency_ms_p95,std,3.245220893273954,5
hybrid,fault_alternate,e2e_latency_ms_p95,p95,10061.564922332764,5
hybrid,fault_alternate,e2e_latency_ms_p95,min,10053.968238830566,5
hybrid,fault_alternate,e2e_latency_ms_p95,max,10061.976385116577,5
hybrid,fault_alternate,e2e_latency_ms_std,count,5,5
hybrid,fault_alternate,e2e_latency_ms_std,mean,578.6339194467109,5
hybrid,fault_alternate,e2e_latency_ms_std,median,567.8912065230661,5
hybrid,fault_alternate,e2e_latency_ms_std,std,366.4268679760082,5
hybrid,fault_alternate,e2e_latency_ms_std,p95,947.5566895691649,5
hybrid,fault_alternate,e2e_latency_ms_std,min,60.38394971515967,5
hybrid,fault_alternate,e2e_latency_ms_std,max,963.043439686294,5
hybrid,fault_alternate,escalation_rate,count,5,5
hybrid,fault_alternate,escalation_rate,mean,1.0,5
hybrid,fault_alternate,escalation_rate,median,1.0,5
hybrid,fault_alternate,escalation_rate,std,0.0,5
hybrid,fault_alternate,escalation_rate,p95,1.0,5
hybrid,fault_alternate,escalation_rate,min,1.0,5
hybrid,fault_alternate,escalation_rate,max,1.0,5
hybrid,fault_alternate,estimated_cloud_data_bytes,count,5,5
hybrid,fault_alternate,estimated_cloud_data_bytes,mean,1522289.208,5
hybrid,fault_alternate,estimated_cloud_data_bytes,median,1498246.8900000001,5
hybrid,fault_alternate,estimated_cloud_data_bytes,std,49510.229788762495,5
hybrid,fault_alternate,estimated_cloud_data_bytes,p95,1576237.824,5
hybrid,fault_alternate,estimated_cloud_data_bytes,min,1479677.62,5
hybrid,fault_alternate,estimated_cloud_data_bytes,max,1576433.29,5
hybrid,fault_alternate,estimated_cloud_data_bytes_per_minute,count,5,5
hybrid,fault_alternate,estimated_cloud_data_bytes_per_minute,mean,303866.17604833393,5
hybrid,fault_alternate,estimated_cloud_data_bytes_per_minute,median,299547.6536859036,5
hybrid,fault_alternate,estimated_cloud_data_bytes_per_minute,std,10524.103300685234,5
hybrid,fault_alternate,estimated_cloud_data_bytes_per_minute,p95,315731.5861166677,5
hybrid,fault_alternate,estimated_cloud_data_bytes_per_minute,min,293804.16497804323,5
hybrid,fault_alternate,estimated_cloud_data_bytes_per_minute,max,316123.27204387693,5
hybrid,fault_free,anomaly_events,count,5,5
hybrid,fault_free,anomaly_events,mean,34.0,5
hybrid,fault_free,anomaly_events,median,34.0,5
hybrid,fault_free,anomaly_events,std,0.0,5
hybrid,fault_free,anomaly_events,p95,34.0,5
hybrid,fault_free,anomaly_events,min,34.0,5
hybrid,fault_free,anomaly_events,max,34.0,5
hybrid,fault_free,anomaly_ratio_count,count,5,5
hybrid,fault_free,anomaly_ratio_count,mean,32.0,5
hybrid,fault_free,anomaly_ratio_count,median,32.0,5
hybrid,fault_free,anomaly_ratio_count,std,0.0,5
hybrid,fault_free,anomaly_ratio_count,p95,32.0,5
hybrid,fault_free,anomaly_ratio_count,min,32.0,5
hybrid,fault_free,anomaly_ratio_count,max,32.0,5
hybrid,fault_free,anomaly_ratio_max,count,5,5
hybrid,fault_free,anomaly_ratio_max,mean,0.132,5
hybrid,fault_free,anomaly_ratio_max,median,0.15,5
hybrid,fault_free,anomaly_ratio_max,std,0.03420526275297414,5
hybrid,fault_free,anomaly_ratio_max,p95,0.16,5
hybrid,fault_free,anomaly_ratio_max,min,0.09,5
hybrid,fault_free,anomaly_ratio_max,max,0.16,5
hybrid,fault_free,anomaly_ratio_mean,count,5,5
hybrid,fault_free,anomaly_ratio_mean,mean,0.010625,5
hybrid,fault_free,anomaly_ratio_mean,median,0.010625,5
hybrid,fault_free,anomaly_ratio_mean,std,0.0,5
hybrid,fault_free,anomaly_ratio_mean,p95,0.010625,5
hybrid,fault_free,anomaly_ratio_mean,min,0.010625,5
hybrid,fault_free,anomaly_ratio_mean,max,0.010625,5
hybrid,fault_free,anomaly_ratio_median,count,5,5
hybrid,fault_free,anomaly_ratio_median,mean,0.0,5
hybrid,fault_free,anomaly_ratio_median,median,0.0,5
hybrid,fault_free,anomaly_ratio_median,std,0.0,5
hybrid,fault_free,anomaly_ratio_median,p95,0.0,5
hybrid,fault_free,anomaly_ratio_median,min,0.0,5
hybrid,fault_free,anomaly_ratio_median,max,0.0,5
hybrid,fault_free,anomaly_ratio_min,count,5,5
hybrid,fault_free,anomaly_ratio_min,mean,0.0,5
hybrid,fault_free,anomaly_ratio_min,median,0.0,5
hybrid,fault_free,anomaly_ratio_min,std,0.0,5
hybrid,fault_free,anomaly_ratio_min,p95,0.0,5
hybrid,fault_free,anomaly_ratio_min,min,0.0,5
hybrid,fault_free,anomaly_ratio_min,max,0.0,5
hybrid,fault_free,anomaly_ratio_p95,count,5,5
hybrid,fault_free,anomaly_ratio_p95,mean,0.0596,5
hybrid,fault_free,anomaly_ratio_p95,median,0.05899999999999999,5
hybrid,fault_free,anomaly_ratio_p95,std,0.010376656494266346,5
hybrid,fault_free,anomaly_ratio_p95,p95,0.0725,5
hybrid,fault_free,anomaly_ratio_p95,min,0.05,5
hybrid,fault_free,anomaly_ratio_p95,max,0.0745,5
hybrid,fault_free,anomaly_ratio_std,count,5,5
hybrid,fault_free,anomaly_ratio_std,mean,0.02742339449073076,5
hybrid,fault_free,anomaly_ratio_std,median,0.02950533030028697,5
hybrid,fault_free,anomaly_ratio_std,std,0.0035592931111030723,5
hybrid,fault_free,anomaly_ratio_std,p95,0.03026096175688428,5
hybrid,fault_free,anomaly_ratio_std,min,0.023270845667154344,5
hybrid,fault_free,anomaly_ratio_std,max,0.03026096175688428,5
hybrid,fault_free,classifier_cpu_count,count,5,5
hybrid,fault_free,classifier_cpu_count,mean,158.6,5
hybrid,fault_free,classifier_cpu_count,median,159.0,5
hybrid,fault_free,classifier_cpu_count,std,0.5477225575051661,5
hybrid,fault_free,classifier_cpu_count,p95,159.0,5
hybrid,fault_free,classifier_cpu_count,min,158.0,5
hybrid,fault_free,classifier_cpu_count,max,159.0,5
hybrid,fault_free,classifier_cpu_max,count,5,5
hybrid,fault_free,classifier_cpu_max,mean,2.218795543959346,5
hybrid,fault_free,classifier_cpu_max,median,2.255397924888852,5
hybrid,fault_free,classifier_cpu_max,std,0.16452416890756633,5
hybrid,fault_free,classifier_cpu_max,p95,2.398308544495,5
hybrid,fault_free,classifier_cpu_max,min,2.0200668834798403,5
hybrid,fault_free,classifier_cpu_max,max,2.4191524945109464,5
hybrid,fault_free,classifier_cpu_mean,count,5,5
hybrid,fault_free,classifier_cpu_mean,mean,0.4765614362364315,5
hybrid,fault_free,classifier_cpu_mean,median,0.47351212382105473,5
hybrid,fault_free,classifier_cpu_mean,std,0.02976221441465579,5
hybrid,fault_free,classifier_cpu_mean,p95,0.5112563783254264,5
hybrid,fault_free,classifier_cpu_mean,min,0.44269472122662107,5
hybrid,fault_free,classifier_cpu_mean,max,0.5146804975564796,5
hybrid,fault_free,classifier_cpu_median,count,5,5
hybrid,fault_free,classifier_cpu_median,mean,0.10405077583663043,5
hybrid,fault_free,classifier_cpu_median,median,0.1034369599557483,5
hybrid,fault_free,classifier_cpu_median,std,0.006110943417440504,5
hybrid,fault_free,classifier_cpu_median,p95,0.11098548763505996,5
hybrid,fault_free,classifier_cpu_median,min,0.09810535291400596,5
hybrid,fault_free,classifier_cpu_median,max,0.11148103808490384,5
hybrid,fault_free,classifier_cpu_min,count,5,5
hybrid,fault_free,classifier_cpu_min,mean,0.08528049839900165,5
hybrid,fault_free,classifier_cpu_min,median,0.08499062323744944,5
hybrid,fault_free,classifier_cpu_min,std,0.005016446226180905,5
hybrid,fault_free,classifier_cpu_min,p95,0.0913841224605552,5
hybrid,fault_free,classifier_cpu_min,min,0.07873993191878795,5
hybrid,fault_free,classifier_cpu_min,max,0.0927134610768893,5
hybrid,fault_free,classifier_cpu_p95,count,5,5
hybrid,fault_free,classifier_cpu_p95,mean,2.066191216681418,5
hybrid,fault_free,classifier_cpu_p95,median,2.0235401217823057,5
hybrid,fault_free,classifier_cpu_p95,std,0.14413837782911204,5
hybrid,fault_free,classifier_cpu_p95,p95,2.220061301328431,5
hybrid,fault_free,classifier_cpu_p95,min,1.8822325884464557,5
hybrid,fault_free,classifier_cpu_p95,max,2.225140175861999,5
hybrid,fault_free,classifier_cpu_std,count,5,5
hybrid,fault_free,classifier_cpu_std,mean,0.7597533528260731,5
hybrid,fault_free,classifier_cpu_std,median,0.7531617823798586,5
hybrid,fault_free,classifier_cpu_std,std,0.054067974075330455,5
hybrid,fault_free,classifier_cpu_std,p95,0.8215515280785167,5
hybrid,fault_free,classifier_cpu_std,min,0.6962595071024087,5
hybrid,fault_free,classifier_cpu_std,max,0.8267240007240777,5
hybrid,fault_free,classifier_memory_count,count,5,5
hybrid,fault_free,classifier_memory_count,mean,159.6,5
hybrid,fault_free,classifier_memory_count,median,160.0,5
hybrid,fault_free,classifier_memory_count,std,0.5477225575051661,5
hybrid,fault_free,classifier_memory_count,p95,160.0,5
hybrid,fault_free,classifier_memory_count,min,159.0,5
hybrid,fault_free,classifier_memory_count,max,160.0,5
hybrid,fault_free,classifier_memory_max,count,5,5
hybrid,fault_free,classifier_memory_max,mean,245107097.6,5
hybrid,fault_free,classifier_memory_max,median,245100544.0,5
hybrid,fault_free,classifier_memory_max,std,3197014.720668768,5
hybrid,fault_free,classifier_memory_max,p95,249091686.4,5
hybrid,fault_free,classifier_memory_max,min,241860608.0,5
hybrid,fault_free,classifier_memory_max,max,249782272.0,5
hybrid,fault_free,classifier_memory_mean,count,5,5
hybrid,fault_free,classifier_memory_mean,mean,241265582.3054088,5
hybrid,fault_free,classifier_memory_mean,median,241593548.8,5
hybrid,fault_free,classifier_memory_mean,std,759621.4551010148,5
hybrid,fault_free,classifier_memory_mean,p95,241626661.99748427,5
hybrid,fault_free,classifier_memory_mean,min,239907046.4,5
hybrid,fault_free,classifier_memory_mean,max,241633112.5534591,5
hybrid,fault_free,classifier_memory_median,count,5,5
hybrid,fault_free,classifier_memory_median,mean,241238835.2,5
hybrid,fault_free,classifier_memory_median,median,241586176.0,5
hybrid,fault_free,classifier_memory_median,std,772176.9379327513,5
hybrid,fault_free,classifier_memory_median,p95,241593548.8,5
hybrid,fault_free,classifier_memory_median,min,239857664.0,5
hybrid,fault_free,classifier_memory_median,max,241594368.0,5
hybrid,fault_free,classifier_memory_min,count,5,5
hybrid,fault_free,classifier_memory_min,mean,240980787.2,5
hybrid,fault_free,classifier_memory_min,median,241315840.0,5
hybrid,fault_free,classifier_memory_min,std,769897.6534080358,5
hybrid,fault_free,classifier_memory_min,p95,241340416.0,5
hybrid,fault_free,classifier_memory_min,min,239603712.0,5
hybrid,fault_free,classifier_memory_min,max,241344512.0,5
hybrid,fault_free,classifier_memory_p95,count,5,5
hybrid,fault_free,classifier_memory_p95,mean,241442078.72,5
hybrid,fault_free,classifier_memory_p95,median,241799168.0,5
hybrid,fault_free,classifier_memory_p95,std,812592.2252910071,5
hybrid,fault_free,classifier_memory_p95,p95,241819975.68,5
hybrid,fault_free,classifier_memory_p95,min,239988736.0,5
hybrid,fault_free,classifier_memory_p95,max,241820057.6,5
hybrid,fault_free,classifier_memory_std,count,5,5
hybrid,fault_free,classifier_memory_std,mean,352026.5829580858,5
hybrid,fault_free,classifier_memory_std,median,312040.18879081367,5
hybrid,fault_free,classifier_memory_std,std,272045.664331848,5
hybrid,fault_free,classifier_memory_std,p95,713264.5211437528,5
hybrid,fault_free,classifier_memory_std,min,128755.41752797246,5
hybrid,fault_free,classifier_memory_std,max,793084.3169076161,5
hybrid,fault_free,cloud_escalations,count,5,5
hybrid,fault_free,cloud_escalations,mean,0.0,5
hybrid,fault_free,cloud_escalations,median,0.0,5
hybrid,fault_free,cloud_escalations,std,0.0,5
hybrid,fault_free,cloud_escalations,p95,0.0,5
hybrid,fault_free,cloud_escalations,min,0.0,5
hybrid,fault_free,cloud_escalations,max,0.0,5
hybrid,fault_free,detection_latency_ms_count,count,5,5
hybrid,fault_free,detection_latency_ms_count,mean,34.0,5
hybrid,fault_free,detection_latency_ms_count,median,34.0,5
hybrid,fault_free,detection_latency_ms_count,std,0.0,5
hybrid,fault_free,detection_latency_ms_count,p95,34.0,5
hybrid,fault_free,detection_latency_ms_count,min,34.0,5
hybrid,fault_free,detection_latency_ms_count,max,34.0,5
hybrid,fault_free,detection_latency_ms_max,count,5,5
hybrid,fault_free,detection_latency_ms_max,mean,5.672502517700195,5
hybrid,fault_free,detection_latency_ms_max,median,4.645109176635742,5
hybrid,fault_free,detection_latency_ms_max,std,1.8881264706924359,5
hybrid,fault_free,detection_latency_ms_max,p95,8.246803283691406,5
hybrid,fault_free,detection_latency_ms_max,min,4.212617874145508,5
hybrid,fault_free,detection_latency_ms_max,max,8.757829666137695,5
hybrid,fault_free,detection_latency_ms_mean,count,5,5
hybrid,fault_free,detection_latency_ms_mean,mean,4.009622686049518,5
hybrid,fault_free,detection_latency_ms_mean,median,3.9750127231373504,5
hybrid,fault_free,detection_latency_ms_mean,std,0.10716872454677359,5
hybrid,fault_free,detection_latency_ms_mean,p95,4.142836963429171,5
hybrid,fault_free,detection_latency_ms_mean,min,3.897596808040843,5
hybrid,fault_free,detection_latency_ms_mean,max,4.158861496869256,5
hybrid,fault_free,detection_latency_ms_median,count,5,5
hybrid,fault_free,detection_latency_ms_median,mean,3.923344612121582,5
hybrid,fault_free,detection_latency_ms_median,median,3.9228200912475586,5
hybrid,fault_free,detection_latency_ms_median,std,0.032191982510171115,5
hybrid,fault_free,detection_latency_ms_median,p95,3.963160514831543,5
hybrid,fault_free,detection_latency_ms_median,min,3.8846731185913086,5
hybrid,fault_free,detection_latency_ms_median,max,3.9707422256469727,5
hybrid,fault_free,detection_latency_ms_min,count,5,5
hybrid,fault_free,detection_latency_ms_min,mean,3.7663936614990234,5
hybrid,fault_free,detection_latency_ms_min,median,3.7689208984375,5
hybrid,fault_free,detection_latency_ms_min,std,0.0401923096116848,5
hybrid,fault_free,detection_latency_ms_min,p95,3.8122177124023438,5
hybrid,fault_free,detection_latency_ms_min,min,3.72314453125,5
hybrid,fault_free,detection_latency_ms_min,max,3.8170814514160156,5
hybrid,fault_free,detection_latency_ms_p95,count,5,5
hybrid,fault_free,detection_latency_ms_p95,mean,4.485604763031005,5
hybrid,fault_free,detection_latency_ms_p95,median,4.614734649658202,5
hybrid,fault_free,detection_latency_ms_p95,std,0.40248370953927104,5
hybrid,fault_free,detection_latency_ms_p95,p95,4.9389576911926225,5
hybrid,fault_free,detection_latency_ms_p95,min,4.075586795806885,5
hybrid,fault_free,detection_latency_ms_p95,max,5.0140142440795845,5
hybrid,fault_free,detection_latency_ms_std,count,5,5
hybrid,fault_free,detection_latency_ms_std,mean,0.36444099359007576,5
hybrid,fault_free,detection_latency_ms_std,median,0.22572276180684417,5
hybrid,fault_free,detection_latency_ms_std,std,0.34629188163710595,5
hybrid,fault_free,detection_latency_ms_std,p95,0.8385930491344715,5
hybrid,fault_free,detection_latency_ms_std,min,0.10918232405243981,5
hybrid,fault_free,detection_latency_ms_std,max,0.9441012154152155,5
hybrid,fault_free,detector_cpu_count,count,5,5
hybrid,fault_free,detector_cpu_count,mean,158.2,5
hybrid,fault_free,detector_cpu_count,median,158.0,5
hybrid,fault_free,detector_cpu_count,std,0.4472135954999579,5
hybrid,fault_free,detector_cpu_count,p95,158.8,5
hybrid,fault_free,detector_cpu_count,min,158.0,5
hybrid,fault_free,detector_cpu_count,max,159.0,5
hybrid,fault_free,detector_cpu_max,count,5,5
hybrid,fault_free,detector_cpu_max,mean,6.508751020436243,5
hybrid,fault_free,detector_cpu_max,median,6.371300200729468,5
hybrid,fault_free,detector_cpu_max,std,0.3231273147485173,5
hybrid,fault_free,detector_cpu_max,p95,6.8629702383521805,5
hybrid,fault_free,detector_cpu_max,min,6.152143023608607,5
hybrid,fault_free,detector_cpu_max,max,6.870866622774987,5
hybrid,fault_free,detector_cpu_mean,count,5,5
hybrid,fault_free,detector_cpu_mean,mean,4.143022071948889,5
hybrid,fault_free,detector_cpu_mean,median,4.121124829307237,5
hybrid,fault_free,detector_cpu_mean,std,0.07836349906118291,5
hybrid,fault_free,detector_cpu_mean,p95,4.2488483926006,5
hybrid,fault_free,detector_cpu_mean,min,4.072035280171718,5
hybrid,fault_free,detector_cpu_mean,max,4.274989641563357,5
hybrid,fault_free,detector_cpu_median,count,5,5
hybrid,fault_free,detector_cpu_median,mean,3.687395799489237,5
hybrid,fault_free,detector_cpu_median,median,3.6875959607516915,5
hybrid,fault_free,detector_cpu_median,std,0.016438659051856874,5
hybrid,fault_free,detector_cpu_median,p95,3.70680543492591,5
hybrid,fault_free,detector_cpu_median,min,3.670382674058234,5
hybrid,fault_free,detector_cpu_median,max,3.7092028842174014,5
hybrid,fault_free,detector_cpu_min,count,5,5
hybrid,fault_free,detector_cpu_min,mean,1.9860390711094917,5
hybrid,fault_free,detector_cpu_min,median,1.8448519134876058,5
hybrid,fault_free,detector_cpu_min,std,1.4638895724660126,5
hybrid,fault_free,detector_cpu_min,p95,3.43844952040493,5
hybrid,fault_free,detector_cpu_min,min,0.0732662343185125,5
hybrid,fault_free,detector_cpu_min,max,3.4420704874725825,5
hybrid,fault_free,detector_cpu_p95,count,5,5
hybrid,fault_free,detector_cpu_p95,mean,6.072382084264385,5
hybrid,fault_free,detector_cpu_p95,median,5.935397250861437,5
hybrid,fault_free,detector_cpu_p95,std,0.29419676376856546,5
hybrid,fault_free,detector_cpu_p95,p95,6.47725640702987,5
hybrid,fault_free,detector_cpu_p95,min,5.868802088787045,5
hybrid,fault_free,detector_cpu_p95,max,6.587858413618856,5
hybrid,fault_free,detector_cpu_std,count,5,5
hybrid,fault_free,detector_cpu_std,mean,0.952384668429258,5
hybrid,fault_free,detector_cpu_std,median,0.9134831540981132,5
hybrid,fault_free,detector_cpu_std,std,0.09270064782118645,5
hybrid,fault_free,detector_cpu_std,p95,1.0781756035567895,5
hybrid,fault_free,detector_cpu_std,min,0.8963604543363777,5
hybrid,fault_free,detector_cpu_std,max,1.117412296606634,5
hybrid,fault_free,detector_memory_count,count,5,5
hybrid,fault_free,detector_memory_count,mean,159.2,5
hybrid,fault_free,detector_memory_count,median,159.0,5
hybrid,fault_free,detector_memory_count,std,0.4472135954999579,5
hybrid,fault_free,detector_memory_count,p95,159.8,5
hybrid,fault_free,detector_memory_count,min,159.0,5
hybrid,fault_free,detector_memory_count,max,160.0,5
hybrid,fault_free,detector_memory_max,count,5,5
hybrid,fault_free,detector_memory_max,mean,292475699.2,5
hybrid,fault_free,detector_memory_max,median,290631680.0,5
hybrid,fault_free,detector_memory_max,std,4780816.739012195,5
hybrid,fault_free,detector_memory_max,p95,299049779.2,5
hybrid,fault_free,detector_memory_max,min,289447936.0,5
hybrid,fault_free,detector_memory_max,max,300863488.0,5
hybrid,fault_free,detector_memory_mean,count,5,5
hybrid,fault_free,detector_memory_mean,mean,290816351.7987421,5
hybrid,fault_free,detector_memory_mean,median,288516675.6226415,5
hybrid,fault_free,detector_memory_mean,std,5165063.383237748,5
hybrid,fault_free,detector_memory_mean,p95,297749699.9446541,5
hybrid,fault_free,detector_memory_mean,min,288472984.9559748,5
hybrid,fault_free,detector_memory_mean,max,300055828.9308176,5
hybrid,fault_free,detector_memory_median,count,5,5
hybrid,fault_free,detector_memory_median,mean,290802892.8,5
hybrid,fault_free,detector_memory_median,median,288501760.0,5
hybrid,fault_free,detector_memory_median,std,5168404.150022635,5
hybrid,fault_free,detector_memory_median,p95,297739059.2,5
hybrid,fault_free,detector_memory_median,min,288468992.0,5
hybrid,fault_free,detector_memory_median,max,300048384.0,5
hybrid,fault_free,detector_memory_min,count,5,5
hybrid,fault_free,detector_memory_min,mean,290566144.0,5
hybrid,fault_free,detector_memory_min,median,288260096.0,5
hybrid,fault_free,detector_memory_min,std,5165669.064330002,5
hybrid,fault_free,detector_memory_min,p95,297501491.2,5
hybrid,fault_free,detector_memory_min,min,288231424.0,5
hybrid,fault_free,detector_memory_min,max,299806720.0,5
hybrid,fault_free,detector_memory_p95,count,5,5
hybrid,fault_free,detector_memory_p95,mean,291000074.24,5
hybrid,fault_free,detector_memory_p95,median,288703283.2,5
hybrid,fault_free,detector_memory_p95,std,5157348.385371527,5
hybrid,fault_free,detector_memory_p95,p95,297923543.04,5
hybrid,fault_free,detector_memory_p95,min,288658227.2,5
hybrid,fault_free,detector_memory_p95,max,300225740.8,5
hybrid,fault_free,detector_memory_std,count,5,5
hybrid,fault_free,detector_memory_std,mean,173472.66958994296,5
hybrid,fault_free,detector_memory_std,median,135511.57702259268,5
hybrid,fault_free,detector_memory_std,std,67823.69699716319,5
hybrid,fault_free,detector_memory_std,p95,264976.8146656833,5
hybrid,fault_free,detector_memory_std,min,123902.21559482021,5
hybrid,fault_free,detector_memory_std,max,281208.3301112804,5
hybrid,fault_free,diagnosis_latency_ms_count,count,5,5
hybrid,fault_free,diagnosis_latency_ms_count,mean,0.0,5
hybrid,fault_free,diagnosis_latency_ms_count,median,0.0,5
hybrid,fault_free,diagnosis_latency_ms_count,std,0.0,5
hybrid,fault_free,diagnosis_latency_ms_count,p95,0.0,5
hybrid,fault_free,diagnosis_latency_ms_count,min,0.0,5
hybrid,fault_free,diagnosis_latency_ms_count,max,0.0,5
hybrid,fault_free,diagnosis_processing_ms_count,count,5,5
hybrid,fault_free,diagnosis_processing_ms_count,mean,0.0,5
hybrid,fault_free,diagnosis_processing_ms_count,median,0.0,5
hybrid,fault_free,diagnosis_processing_ms_count,std,0.0,5
hybrid,fault_free,diagnosis_processing_ms_count,p95,0.0,5
hybrid,fault_free,diagnosis_processing_ms_count,min,0.0,5
hybrid,fault_free,diagnosis_processing_ms_count,max,0.0,5
hybrid,fault_free,diagnosis_requests,count,5,5
hybrid,fault_free,diagnosis_requests,mean,0.0,5
hybrid,fault_free,diagnosis_requests,median,0.0,5
hybrid,fault_free,diagnosis_requests,std,0.0,5
hybrid,fault_free,diagnosis_requests,p95,0.0,5
hybrid,fault_free,diagnosis_requests,min,0.0,5
hybrid,fault_free,diagnosis_requests,max,0.0,5
hybrid,fault_free,e2e_latency_ms_count,count,5,5
hybrid,fault_free,e2e_latency_ms_count,mean,0.0,5
hybrid,fault_free,e2e_latency_ms_count,median,0.0,5
hybrid,fault_free,e2e_latency_ms_count,std,0.0,5
hybrid,fault_free,e2e_latency_ms_count,p95,0.0,5
hybrid,fault_free,e2e_latency_ms_count,min,0.0,5
hybrid,fault_free,e2e_latency_ms_count,max,0.0,5
hybrid,fault_free,estimated_cloud_data_bytes,count,5,5
hybrid,fault_free,estimated_cloud_data_bytes,mean,0.0,5
hybrid,fault_free,estimated_cloud_data_bytes,median,0.0,5
hybrid,fault_free,estimated_cloud_data_bytes,std,0.0,5
hybrid,fault_free,estimated_cloud_data_bytes,p95,0.0,5
hybrid,fault_free,estimated_cloud_data_bytes,min,0.0,5
hybrid,fault_free,estimated_cloud_data_bytes,max,0.0,5
hybrid,fault_free,estimated_cloud_data_bytes_per_minute,count,5,5
hybrid,fault_free,estimated_cloud_data_bytes_per_minute,mean,0.0,5
hybrid,fault_free,estimated_cloud_data_bytes_per_minute,median,0.0,5
hybrid,fault_free,estimated_cloud_data_bytes_per_minute,std,0.0,5
hybrid,fault_free,estimated_cloud_data_bytes_per_minute,p95,0.0,5
hybrid,fault_free,estimated_cloud_data_bytes_per_minute,min,0.0,5
hybrid,fault_free,estimated_cloud_data_bytes_per_minute,max,0.0,5
hybrid,fault_sustained,anomaly_events,count,5,5
hybrid,fault_sustained,anomaly_events,mean,2215.8,5
hybrid,fault_sustained,anomaly_events,median,2216.0,5
hybrid,fault_sustained,anomaly_events,std,2.9495762407505253,5
hybrid,fault_sustained,anomaly_events,p95,2218.6,5
hybrid,fault_sustained,anomaly_events,min,2211.0,5
hybrid,fault_sustained,anomaly_events,max,2219.0,5
hybrid,fault_sustained,anomaly_ratio_count,count,5,5
hybrid,fault_sustained,anomaly_ratio_count,mean,31.6,5
hybrid,fault_sustained,anomaly_ratio_count,median,32.0,5
hybrid,fault_sustained,anomaly_ratio_count,std,0.5477225575051661,5
hybrid,fault_sustained,anomaly_ratio_count,p95,32.0,5
hybrid,fault_sustained,anomaly_ratio_count,min,31.0,5
hybrid,fault_sustained,anomaly_ratio_count,max,32.0,5
hybrid,fault_sustained,anomaly_ratio_max,count,5,5
hybrid,fault_sustained,anomaly_ratio_max,mean,1.0,5
hybrid,fault_sustained,anomaly_ratio_max,median,1.0,5
hybrid,fault_sustained,anomaly_ratio_max,std,0.0,5
hybrid,fault_sustained,anomaly_ratio_max,p95,1.0,5
hybrid,fault_sustained,anomaly_ratio_max,min,1.0,5
hybrid,fault_sustained,anomaly_ratio_max,max,1.0,5
hybrid,fault_sustained,anomaly_ratio_mean,count,5,5
hybrid,fault_sustained,anomaly_ratio_mean,mean,0.6871834677419355,5
hybrid,fault_sustained,anomaly_ratio_mean,median,0.6890322580645162,5
hybrid,fault_sustained,anomaly_ratio_mean,std,0.004434565062459273,5
hybrid,fault_sustained,anomaly_ratio_mean,p95,0.690070564516129,5
hybrid,fault_sustained,anomaly_ratio_mean,min,0.679375,5
hybrid,fault_sustained,anomaly_ratio_mean,max,0.6903225806451613,5
hybrid,fault_sustained,anomaly_ratio_median,count,5,5
hybrid,fault_sustained,anomaly_ratio_median,mean,0.927,5
hybrid,fault_sustained,anomaly_ratio_median,median,0.9299999999999999,5
hybrid,fault_sustained,anomaly_ratio_median,std,0.004472135954999565,5
hybrid,fault_sustained,anomaly_ratio_median,p95,0.93,5
hybrid,fault_sustained,anomaly_ratio_median,min,0.92,5
hybrid,fault_sustained,anomaly_ratio_median,max,0.93,5
hybrid,fault_sustained,anomaly_ratio_min,count,5,5
hybrid,fault_sustained,anomaly_ratio_min,mean,0.0,5
hybrid,fault_sustained,anomaly_ratio_min,median,0.0,5
hybrid,fault_sustained,anomaly_ratio_min,std,0.0,5
hybrid,fault_sustained,anomaly_ratio_min,p95,0.0,5
hybrid,fault_sustained,anomaly_ratio_min,min,0.0,5
hybrid,fault_sustained,anomaly_ratio_min,max,0.0,5
hybrid,fault_sustained,anomaly_ratio_p95,count,5,5
hybrid,fault_sustained,anomaly_ratio_p95,mean,0.9969,5
hybrid,fault_sustained,anomaly_ratio_p95,median,1.0,5
hybrid,fault_sustained,anomaly_ratio_p95,std,0.0045332107826572664,5
hybrid,fault_sustained,anomaly_ratio_p95,p95,1.0,5
hybrid,fault_sustained,anomaly_ratio_p95,min,0.99,5
hybrid,fault_sustained,anomaly_ratio_p95,max,1.0,5
hybrid,fault_sustained,anomaly_ratio_std,count,5,5
hybrid,fault_sustained,anomaly_ratio_std,mean,0.41460083084171584,5
hybrid,fault_sustained,anomaly_ratio_std,median,0.41607177963237496,5
hybrid,fault_sustained,anomaly_ratio_std,std,0.0030235946668480825,5
hybrid,fault_sustained,anomaly_ratio_std,p95,0.4174575924571602,5
hybrid,fault_sustained,anomaly_ratio_std,min,0.41120091137560605,5
hybrid,fault_sustained,anomaly_ratio_std,max,0.4176879526709522,5
hybrid,fault_sustained,classifier_cpu_count,count,5,5
hybrid,fault_sustained,classifier_cpu_count,mean,157.8,5
hybrid,fault_sustained,classifier_cpu_count,median,158.0,5
hybrid,fault_sustained,classifier_cpu_count,std,0.4472135954999579,5
hybrid,fault_sustained,classifier_cpu_count,p95,158.0,5
hybrid,fault_sustained,classifier_cpu_count,min,157.0,5
hybrid,fault_sustained,classifier_cpu_count,max,158.0,5
hybrid,fault_sustained,classifier_cpu_max,count,5,5
hybrid,fault_sustained,classifier_cpu_max,mean,2.2359336542303168,5
hybrid,fault_sustained,classifier_cpu_max,median,2.067576847406485,5
hybrid,fault_sustained,classifier_cpu_max,std,0.2680722852336982,5
hybrid,fault_sustained,classifier_cpu_max,p95,2.600182163940356,5
hybrid,fault_sustained,classifier_cpu_max,min,2.0498863376255536,5
hybrid,fault_sustained,classifier_cpu_max,max,2.667945299434889,5
hybrid,fault_sustained,classifier_cpu_mean,count,5,5
hybrid,fault_sustained,classifier_cpu_mean,mean,0.5263048961187482,5
hybrid,fault_sustained,classifier_cpu_mean,median,0.5237655527401154,5
hybrid,fault_sustained,classifier_cpu_mean,std,0.008676158715163872,5
hybrid,fault_sustained,classifier_cpu_mean,p95,0.5369903781277622,5
hybrid,fault_sustained,classifier_cpu_mean,min,0.517041016003533,5
hybrid,fault_sustained,classifier_cpu_mean,max,0.538236692906639,5
hybrid,fault_sustained,classifier_cpu_median,count,5,5
hybrid,fault_sustained,classifier_cpu_median,mean,0.10554874748040918,5
hybrid,fault_sustained,classifier_cpu_median,median,0.10524498049790643,5
hybrid,fault_sustained,classifier_cpu_median,std,0.00058597836603189,5
hybrid,fault_sustained,classifier_cpu_median,p95,0.10624718523492871,5
hybrid,fault_sustained,classifier_cpu_median,min,0.10496897896616511,5
hybrid,fault_sustained,classifier_cpu_median,max,0.10629623505659709,5
hybrid,fault_sustained,classifier_cpu_min,count,5,5
hybrid,fault_sustained,classifier_cpu_min,mean,0.09088934004247538,5
hybrid,fault_sustained,classifier_cpu_min,median,0.09071567588353191,5
hybrid,fault_sustained,classifier_cpu_min,std,0.0009562821397191004,5
hybrid,fault_sustained,classifier_cpu_min,p95,0.09215324007934213,5
hybrid,fault_sustained,classifier_cpu_min,min,0.08991650349245855,5
hybrid,fault_sustained,classifier_cpu_min,max,0.09246294255055207,5
hybrid,fault_sustained,classifier_cpu_p95,count,5,5
hybrid,fault_sustained,classifier_cpu_p95,mean,2.0370798361419813,5
hybrid,fault_sustained,classifier_cpu_p95,median,2.0315619214915666,5
hybrid,fault_sustained,classifier_cpu_p95,std,0.02317956797212209,5
hybrid,fault_sustained,classifier_cpu_p95,p95,2.0671167495241383,5
hybrid,fault_sustained,classifier_cpu_p95,min,2.0109868399039503,5
hybrid,fault_sustained,classifier_cpu_p95,max,2.074418852457189,5
hybrid,fault_sustained,classifier_cpu_std,count,5,5
hybrid,fault_sustained,classifier_cpu_std,mean,0.756421858960543,5
hybrid,fault_sustained,classifier_cpu_std,median,0.7460488084486545,5
hybrid,fault_sustained,classifier_cpu_std,std,0.025479180269545737,5
hybrid,fault_sustained,classifier_cpu_std,p95,0.7912319696882971,5
hybrid,fault_sustained,classifier_cpu_std,min,0.7349787790495489,5
hybrid,fault_sustained,classifier_cpu_std,max,0.7993388233303083,5
hybrid,fault_sustained,classifier_memory_count,count,5,5
hybrid,fault_sustained,classifier_memory_count,mean,158.8,5
hybrid,fault_sustained,classifier_memory_count,median,159.0,5
hybrid,fault_sustained,classifier_memory_count,std,0.4472135954999579,5
hybrid,fault_sustained,classifier_memory_count,p95,159.0,5
hybrid,fault_sustained,classifier_memory_count,min,158.0,5
hybrid,fault_sustained,classifier_memory_count,max,159.0,5
hybrid,fault_sustained,classifier_memory_max,count,5,5
hybrid,fault_sustained,classifier_memory_max,mean,247852236.8,5
hybrid,fault_sustained,classifier_memory_max,median,248295424.0,5
hybrid,fault_sustained,classifier_memory_max,std,3067164.826306405,5
hybrid,fault_sustained,classifier_memory_max,p95,251120844.8,5
hybrid,fault_sustained,classifier_memory_max,min,244133888.0,5
hybrid,fault_sustained,classifier_memory_max,max,251379712.0,5
hybrid,fault_sustained,classifier_memory_mean,count,5,5
hybrid,fault_sustained,classifier_memory_mean,mean,243733117.95990765,5
hybrid,fault_sustained,classifier_memory_mean,median,243970151.04402515,5
hybrid,fault_sustained,classifier_memory_mean,std,717050.5934364425,5
hybrid,fault_sustained,classifier_memory_mean,p95,244205283.55283815,5
hybrid,fault_sustained,classifier_memory_mean,min,242482993.9119497,5
hybrid,fault_sustained,classifier_memory_mean,max,244210986.12658226,5
hybrid,fault_sustained,classifier_memory_median,count,5,5
hybrid,fault_sustained,classifier_memory_median,mean,243903692.8,5
hybrid,fault_sustained,classifier_memory_median,median,243965952.0,5
hybrid,fault_sustained,classifier_memory_median,std,300175.60522334254,5
hybrid,fault_sustained,classifier_memory_median,p95,244155187.2,5
hybrid,fault_sustained,classifier_memory_median,min,243425280.0,5
hybrid,fault_sustained,classifier_memory_median,max,244158464.0,5
hybrid,fault_sustained,classifier_memory_min,count,5,5
hybrid,fault_sustained,classifier_memory_min,mean,242928025.6,5
hybrid,fault_sustained,classifier_memory_min,median,243724288.0,5
hybrid,fault_sustained,classifier_memory_min,std,1870384.9287878685,5
hybrid,fault_sustained,classifier_memory_min,p95,243899596.8,5
hybrid,fault_sustained,classifier_memory_min,min,239591424.0,5
hybrid,fault_sustained,classifier_memory_min,max,243908608.0,5
hybrid,fault_sustained,classifier_memory_p95,count,5,5
hybrid,fault_sustained,classifier_memory_p95,mean,244165959.68,5
hybrid,fault_sustained,classifier_memory_p95,median,244137984.0,5
hybrid,fault_sustained,classifier_memory_p95,std,237903.0178482667,5
hybrid,fault_sustained,classifier_memory_p95,p95,244406804.48,5
hybrid,fault_sustained,classifier_memory_p95,min,243867648.0,5
hybrid,fault_sustained,classifier_memory_p95,max,244408320.0,5
hybrid,fault_sustained,classifier_memory_std,count,5,5
hybrid,fault_sustained,classifier_memory_std,mean,622073.357247855,5
hybrid,fault_sustained,classifier_memory_std,median,489110.087760912,5
hybrid,fault_sustained,classifier_memory_std,std,655854.6827251017,5
hybrid,fault_sustained,classifier_memory_std,p95,1509321.7014619512,5
hybrid,fault_sustained,classifier_memory_std,min,126755.3407593623,5
hybrid,fault_sustained,classifier_memory_std,max,1738873.03873633,5
hybrid,fault_sustained,cloud_escalations,count,5,5
hybrid,fault_sustained,cloud_escalations,mean,23.4,5
hybrid,fault_sustained,cloud_escalations,median,23.0,5
hybrid,fault_sustained,cloud_escalations,std,0.5477225575051661,5
hybrid,fault_sustained,cloud_escalations,p95,24.0,5
hybrid,fault_sustained,cloud_escalations,min,23.0,5
hybrid,fault_sustained,cloud_escalations,max,24.0,5
hybrid,fault_sustained,detection_latency_ms_count,count,5,5
hybrid,fault_sustained,detection_latency_ms_count,mean,2215.8,5
hybrid,fault_sustained,detection_latency_ms_count,median,2216.0,5
hybrid,fault_sustained,detection_latency_ms_count,std,2.9495762407505253,5
hybrid,fault_sustained,detection_latency_ms_count,p95,2218.6,5
hybrid,fault_sustained,detection_latency_ms_count,min,2211.0,5
hybrid,fault_sustained,detection_latency_ms_count,max,2219.0,5
hybrid,fault_sustained,detection_latency_ms_max,count,5,5
hybrid,fault_sustained,detection_latency_ms_max,mean,23.06375503540039,5
hybrid,fault_sustained,detection_latency_ms_max,median,20.844459533691406,5
hybrid,fault_sustained,detection_latency_ms_max,std,6.977912540203695,5
hybrid,fault_sustained,detection_latency_ms_max,p95,31.87885284423828,5
hybrid,fault_sustained,detection_latency_ms_max,min,15.768051147460938,5
hybrid,fault_sustained,detection_latency_ms_max,max,33.08391571044922,5
hybrid,fault_sustained,detection_latency_ms_mean,count,5,5
hybrid,fault_sustained,detection_latency_ms_mean,mean,4.103734406095185,5
hybrid,fault_sustained,detection_latency_ms_mean,median,4.096919214902777,5
hybrid,fault_sustained,detection_latency_ms_mean,std,0.025875612106402684,5
hybrid,fault_sustained,detection_latency_ms_mean,p95,4.131264698692694,5
hybrid,fault_sustained,detection_latency_ms_mean,min,4.0779774369745905,5
hybrid,fault_sustained,detection_latency_ms_mean,max,4.131444920678313,5
hybrid,fault_sustained,detection_latency_ms_median,count,5,5
hybrid,fault_sustained,detection_latency_ms_median,mean,3.9769887924194336,5
hybrid,fault_sustained,detection_latency_ms_median,median,3.9739608764648438,5
hybrid,fault_sustained,detection_latency_ms_median,std,0.008767192879341973,5
hybrid,fault_sustained,detection_latency_ms_median,p95,3.9868593215942383,5
hybrid,fault_sustained,detection_latency_ms_median,min,3.9658546447753906,5
hybrid,fault_sustained,detection_latency_ms_median,max,3.987550735473633,5
hybrid,fault_sustained,detection_latency_ms_min,count,5,5
hybrid,fault_sustained,detection_latency_ms_min,mean,3.6744117736816406,5
hybrid,fault_sustained,detection_latency_ms_min,median,3.6773681640625,5
hybrid,fault_sustained,detection_latency_ms_min,std,0.017207975530887043,5
hybrid,fault_sustained,detection_latency_ms_min,p95,3.6931514739990234,5
hybrid,fault_sustained,detection_latency_ms_min,min,3.6499500274658203,5
hybrid,fault_sustained,detection_latency_ms_min,max,3.695964813232422,5
hybrid,fault_sustained,detection_latency_ms_p95,count,5,5
hybrid,fault_sustained,detection_latency_ms_p95,mean,4.354264736175537,5
hybrid,fault_sustained,detection_latency_ms_p95,median,4.346942901611328,5
hybrid,fault_sustained,detection_latency_ms_p95,std,0.044197504771099023,5
hybrid,fault_sustained,detection_latency_ms_p95,p95,4.407322406768799,5
hybrid,fault_sustained,detection_latency_ms_p95,min,4.311537742614746,5
hybrid,fault_sustained,detection_latency_ms_p95,max,4.41288948059082,5
hybrid,fault_sustained,detection_latency_ms_std,count,5,5
hybrid,fault_sustained,detection_latency_ms_std,mean,0.9076819916770056,5
hybrid,fault_sustained,detection_latency_ms_std,median,0.8592840356449047,5
hybrid,fault_sustained,detection_latency_ms_std,std,0.2224592251915459,5
hybrid,fault_sustained,detection_latency_ms_std,p95,1.1589212570241012,5
hybrid,fault_sustained,detection_latency_ms_std,min,0.6850060903099263,5
hybrid,fault_sustained,detection_latency_ms_std,max,1.1721528563015973,5
hybrid,fault_sustained,detector_cpu_count,count,5,5
hybrid,fault_sustained,detector_cpu_count,mean,157.8,5
hybrid,fault_sustained,detector_cpu_count,median,158.0,5
hybrid,fault_sustained,detector_cpu_count,std,0.4472135954999579,5
hybrid,fault_sustained,detector_cpu_count,p95,158.0,5
hybrid,fault_sustained,detector_cpu_count,min,157.0,5
hybrid,fault_sustained,detector_cpu_count,max,158.0,5
hybrid,fault_sustained,detector_cpu_max,count,5,5
hybrid,fault_sustained,detector_cpu_max,mean,7.126054246891632,5
hybrid,fault_sustained,detector_cpu_max,median,7.140838530877962,5
hybrid,fault_sustained,detector_cpu_max,std,0.06342687975406806,5
hybrid,fault_sustained,detector_cpu_max,p95,7.196707685547743,5
hybrid,fault_sustained,detector_cpu_max,min,7.06034513447414,5
hybrid,fault_sustained,detector_cpu_max,max,7.205722150984582,5
hybrid,fault_sustained,detector_cpu_mean,count,5,5
hybrid,fault_sustained,detector_cpu_mean,mean,4.809997286050981,5
hybrid,fault_sustained,detector_cpu_mean,median,4.810417596714175,5
hybrid,fault_sustained,detector_cpu_mean,std,0.02077625810800822,5
hybrid,fault_sustained,detector_cpu_mean,p95,4.834388871719696,5
hybrid,fault_sustained,detector_cpu_mean,min,4.783359719947403,5
hybrid,fault_sustained,detector_cpu_mean,max,4.838041703547621,5
hybrid,fault_sustained,detector_cpu_median,count,5,5
hybrid,fault_sustained,detector_cpu_median,mean,4.615684623309323,5
hybrid,fault_sustained,detector_cpu_median,median,4.611787040791514,5
hybrid,fault_sustained,detector_cpu_median,std,0.02198112152791143,5
hybrid,fault_sustained,detector_cpu_median,p95,4.6443051560168644,5
hybrid,fault_sustained,detector_cpu_median,min,4.592951090222305,5
hybrid,fault_sustained,detector_cpu_median,max,4.649901740226352,5
hybrid,fault_sustained,detector_cpu_min,count,5,5
hybrid,fault_sustained,detector_cpu_min,mean,2.554740887939845,5
hybrid,fault_sustained,detector_cpu_min,median,2.0897559533935843,5
hybrid,fault_sustained,detector_cpu_min,std,0.860927223006151,5
hybrid,fault_sustained,detector_cpu_min,p95,3.5007124336199262,5
hybrid,fault_sustained,detector_cpu_min,min,1.7278011060273453,5
hybrid,fault_sustained,detector_cpu_min,max,3.5101246756105806,5
hybrid,fault_sustained,detector_cpu_p95,count,5,5
hybrid,fault_sustained,detector_cpu_p95,mean,6.843795128019066,5
hybrid,fault_sustained,detector_cpu_p95,median,6.858713489013928,5
hybrid,fault_sustained,detector_cpu_p95,std,0.04676858093688818,5
hybrid,fault_sustained,detector_cpu_p95,p95,6.887140245448938,5
hybrid,fault_sustained,detector_cpu_p95,min,6.783377877964336,5
hybrid,fault_sustained,detector_cpu_p95,max,6.888355329584857,5
hybrid,fault_sustained,detector_cpu_std,count,5,5
hybrid,fault_sustained,detector_cpu_std,mean,0.9788950150280533,5
hybrid,fault_sustained,detector_cpu_std,median,0.9957957913162252,5
hybrid,fault_sustained,detector_cpu_std,std,0.04008699387184882,5
hybrid,fault_sustained,detector_cpu_std,p95,1.0127247601787952,5
hybrid,fault_sustained,detector_cpu_std,min,0.9199173256818959,5
hybrid,fault_sustained,detector_cpu_std,max,1.0135596945552559,5
hybrid,fault_sustained,detector_memory_count,count,5,5
hybrid,fault_sustained,detector_memory_count,mean,158.8,5
hybrid,fault_sustained,detector_memory_count,median,159.0,5
hybrid,fault_sustained,detector_memory_count,std,0.4472135954999579,5
hybrid,fault_sustained,detector_memory_count,p95,159.0,5
hybrid,fault_sustained,detector_memory_count,min,158.0,5
hybrid,fault_sustained,detector_memory_count,max,159.0,5
hybrid,fault_sustained,detector_memory_max,count,5,5
hybrid,fault_sustained,detector_memory_max,mean,301096140.8,5
hybrid,fault_sustained,detector_memory_max,median,300920832.0,5
hybrid,fault_sustained,detector_memory_max,std,828619.8888774032,5
hybrid,fault_sustained,detector_memory_max,p95,302177484.8,5
hybrid,fault_sustained,detector_memory_max,min,300339200.0,5
hybrid,fault_sustained,detector_memory_max,max,302370816.0,5
hybrid,fault_sustained,detector_memory_mean,count,5,5
hybrid,fault_sustained,detector_memory_mean,mean,300172075.3086538,5
hybrid,fault_sustained,detector_memory_mean,median,300172732.3773585,5
hybrid,fault_sustained,detector_memory_mean,std,15105.768457732083,5
hybrid,fault_sustained,detector_memory_mean,p95,300188482.65660375,5
hybrid,fault_sustained,detector_memory_mean,min,300150990.0880503,5
hybrid,fault_sustained,detector_memory_mean,max,300190249.8616352,5
hybrid,fault_sustained,detector_memory_median,count,5,5
hybrid,fault_sustained,detector_memory_median,mean,300187238.4,5
hybrid,fault_sustained,detector_memory_median,median,300185600.0,5
hybrid,fault_sustained,detector_memory_median,std,9204.615190218437,5
hybrid,fault_sustained,detector_memory_median,p95,300198297.6,5
hybrid,fault_sustained,detector_memory_median,min,300175360.0,5
hybrid,fault_sustained,detector_memory_median,max,300199936.0,5
hybrid,fault_sustained,detector_memory_min,count,5,5
hybrid,fault_sustained,detector_memory_min,mean,299850137.6,5
hybrid,fault_sustained,detector_memory_min,median,299851776.0,5
hybrid,fault_sustained,detector_memory_min,std,15757.626623321166,5
hybrid,fault_sustained,detector_memory_min,p95,299868979.2,5
hybrid,fault_sustained,detector_memory_min,min,299831296.0,5
hybrid,fault_sustained,detector_memory_min,max,299872256.0,5
hybrid,fault_sustained,detector_memory_p95,count,5,5
hybrid,fault_sustained,detector_memory_p95,mean,300323880.96000004,5
hybrid,fault_sustained,detector_memory_p95,median,300326912.0,5
hybrid,fault_sustained,detector_memory_p95,std,10461.251357645035,5
hybrid,fault_sustained,detector_memory_p95,p95,300333547.52,5
hybrid,fault_sustained,detector_memory_p95,min,300306841.6,5
hybrid,fault_sustained,detector_memory_p95,max,300335104.0,5
hybrid,fault_sustained,detector_memory_std,count,5,5
hybrid,fault_sustained,detector_memory_std,mean,145385.52223618972,5
hybrid,fault_sustained,detector_memory_std,median,132683.80017213398,5
hybrid,fault_sustained,detector_memory_std,std,40250.29661268484,5
hybrid,fault_sustained,detector_memory_std,p95,199534.07373969,5
hybrid,fault_sustained,detector_memory_std,min,110284.16655879495,5
hybrid,fault_sustained,detector_memory_std,max,210679.89833077166,5
hybrid,fault_sustained,diagnosis_latency_ms_count,count,5,5
hybrid,fault_sustained,diagnosis_latency_ms_count,mean,23.4,5
hybrid,fault_sustained,diagnosis_latency_ms_count,median,23.0,5
hybrid,fault_sustained,diagnosis_latency_ms_count,std,0.5477225575051661,5
hybrid,fault_sustained,diagnosis_latency_ms_count,p95,24.0,5
hybrid,fault_sustained,diagnosis_latency_ms_count,min,23.0,5
hybrid,fault_sustained,diagnosis_latency_ms_count,max,24.0,5
hybrid,fault_sustained,diagnosis_latency_ms_max,count,5,5
hybrid,fault_sustained,diagnosis_latency_ms_max,mean,21.8996524810791,5
hybrid,fault_sustained,diagnosis_latency_ms_max,median,20.311832427978516,5
hybrid,fault_sustained,diagnosis_latency_ms_max,std,4.724999029403847,5
hybrid,fault_sustained,diagnosis_latency_ms_max,p95,28.30209732055664,5
hybrid,fault_sustained,diagnosis_latency_ms_max,min,18.96190643310547,5
hybrid,fault_sustained,diagnosis_latency_ms_max,max,30.289411544799805,5
hybrid,fault_sustained,diagnosis_latency_ms_mean,count,5,5
hybrid,fault_sustained,diagnosis_latency_ms_mean,mean,16.617481172948644,5
hybrid,fault_sustained,diagnosis_latency_ms_mean,median,16.586593959642492,5
hybrid,fault_sustained,diagnosis_latency_ms_mean,std,0.32704814881182026,5
hybrid,fault_sustained,diagnosis_latency_ms_mean,p95,17.048873935920607,5
hybrid,fault_sustained,diagnosis_latency_ms_mean,min,16.310006380081177,5
hybrid,fault_sustained,diagnosis_latency_ms_mean,max,17.151905142742656,5
hybrid,fault_sustained,diagnosis_latency_ms_median,count,5,5
hybrid,fault_sustained,diagnosis_latency_ms_median,mean,16.59703254699707,5
hybrid,fault_sustained,diagnosis_latency_ms_median,median,16.599178314208984,5
hybrid,fault_sustained,diagnosis_latency_ms_median,std,0.1357034277378019,5
hybrid,fault_sustained,diagnosis_latency_ms_median,p95,16.758108139038086,5
hybrid,fault_sustained,diagnosis_latency_ms_median,min,16.414165496826172,5
hybrid,fault_sustained,diagnosis_latency_ms_median,max,16.793012619018555,5
hybrid,fault_sustained,diagnosis_latency_ms_min,count,5,5
hybrid,fault_sustained,diagnosis_latency_ms_min,mean,13.842105865478516,5
hybrid,fault_sustained,diagnosis_latency_ms_min,median,14.165163040161133,5
hybrid,fault_sustained,diagnosis_latency_ms_min,std,0.5442624107139494,5
hybrid,fault_sustained,diagnosis_latency_ms_min,p95,14.296197891235352,5
hybrid,fault_sustained,diagnosis_latency_ms_min,min,13.206958770751953,5
hybrid,fault_sustained,diagnosis_latency_ms_min,max,14.311552047729492,5
hybrid,fault_sustained,diagnosis_latency_ms_p95,count,5,5
hybrid,fault_sustained,diagnosis_latency_ms_p95,mean,18.22366952896118,5
hybrid,fault_sustained,diagnosis_latency_ms_p95,median,18.613553047180176,5
hybrid,fault_sustained,diagnosis_latency_ms_p95,std,0.9397286080033032,5
hybrid,fault_sustained,diagnosis_latency_ms_p95,p95,19.189906120300293,5
hybrid,fault_sustained,diagnosis_latency_ms_p95,min,17.111635208129883,5
hybrid,fault_sustained,diagnosis_latency_ms_p95,max,19.30927038192749,5
hybrid,fault_sustained,diagnosis_latency_ms_std,count,5,5
hybrid,fault_sustained,diagnosis_latency_ms_std,mean,1.6377796101468387,5
hybrid,fault_sustained,diagnosis_latency_ms_std,median,1.3244465449872453,5
hybrid,fault_sustained,diagnosis_latency_ms_std,std,0.81076431293169,5
hybrid,fault_sustained,diagnosis_latency_ms_std,p95,2.7472304123974896,5
hybrid,fault_sustained,diagnosis_latency_ms_std,min,0.9741975078643038,5
hybrid,fault_sustained,diagnosis_latency_ms_std,max,3.0230110417294025,5
hybrid,fault_sustained,diagnosis_processing_ms_count,count,5,5
hybrid,fault_sustained,diagnosis_processing_ms_count,mean,23.4,5
hybrid,fault_sustained,diagnosis_processing_ms_count,median,23.0,5
hybrid,fault_sustained,diagnosis_processing_ms_count,std,0.5477225575051661,5
hybrid,fault_sustained,diagnosis_processing_ms_count,p95,24.0,5
hybrid,fault_sustained,diagnosis_processing_ms_count,min,23.0,5
hybrid,fault_sustained,diagnosis_processing_ms_count,max,24.0,5
hybrid,fault_sustained,diagnosis_processing_ms_max,count,5,5
hybrid,fault_sustained,diagnosis_processing_ms_max,mean,6.952714920043945,5
hybrid,fault_sustained,diagnosis_processing_ms_max,median,4.728555679321289,5
hybrid,fault_sustained,diagnosis_processing_ms_max,std,4.837162066550709,5
hybrid,fault_sustained,diagnosis_processing_ms_max,p95,13.492441177368162,5
hybrid,fault_sustained,diagnosis_processing_ms_max,min,4.656791687011719,5
hybrid,fault_sustained,diagnosis_processing_ms_max,max,15.601158142089844,5
hybrid,fault_sustained,diagnosis_processing_ms_mean,count,5,5
hybrid,fault_sustained,diagnosis_processing_ms_mean,mean,4.5061881127564805,5
hybrid,fault_sustained,diagnosis_processing_ms_mean,median,4.4335489687712295,5
hybrid,fault_sustained,diagnosis_processing_ms_mean,std,0.19071145601277878,5
hybrid,fault_sustained,diagnosis_processing_ms_mean,p95,4.765391004258308,5
hybrid,fault_sustained,diagnosis_processing_ms_mean,min,4.383852084477742,5
hybrid,fault_sustained,diagnosis_processing_ms_mean,max,4.844655161318571,5
hybrid,fault_sustained,diagnosis_processing_ms_median,count,5,5
hybrid,fault_sustained,diagnosis_processing_ms_median,mean,4.427647590637207,5
hybrid,fault_sustained,diagnosis_processing_ms_median,median,4.443883895874023,5
hybrid,fault_sustained,diagnosis_processing_ms_median,std,0.034520342760670945,5
hybrid,fault_sustained,diagnosis_processing_ms_median,p95,4.462337493896484,5
hybrid,fault_sustained,diagnosis_processing_ms_median,min,4.389762878417969,5
hybrid,fault_sustained,diagnosis_processing_ms_median,max,4.466533660888672,5
hybrid,fault_sustained,diagnosis_processing_ms_min,count,5,5
hybrid,fault_sustained,diagnosis_processing_ms_min,mean,4.000759124755859,5
hybrid,fault_sustained,diagnosis_processing_ms_min,median,3.9815902709960938,5
hybrid,fault_sustained,diagnosis_processing_ms_min,std,0.08111797553701955,5
hybrid,fault_sustained,diagnosis_processing_ms_min,p95,4.110288619995117,5
hybrid,fault_sustained,diagnosis_processing_ms_min,min,3.9336681365966797,5
hybrid,fault_sustained,diagnosis_processing_ms_min,max,4.135847091674805,5
hybrid,fault_sustained,diagnosis_processing_ms_p95,count,5,5
hybrid,fault_sustained,diagnosis_processing_ms_p95,mean,4.646577835083008,5
hybrid,fault_sustained,diagnosis_processing_ms_p95,median,4.662001132965088,5
hybrid,fault_sustained,diagnosis_processing_ms_p95,std,0.05733810031575112,5
hybrid,fault_sustained,diagnosis_processing_ms_p95,p95,4.706897735595703,5
hybrid,fault_sustained,diagnosis_processing_ms_p95,min,4.566431045532227,5
hybrid,fault_sustained,diagnosis_processing_ms_p95,max,4.7148942947387695,5
hybrid,fault_sustained,diagnosis_processing_ms_std,count,5,5
hybrid,fault_sustained,diagnosis_processing_ms_std,mean,0.6297358488600235,5
hybrid,fault_sustained,diagnosis_processing_ms_std,median,0.22330242982923135,5
hybrid,fault_sustained,diagnosis_processing_ms_std,std,0.9614407681807552,5
hybrid,fault_sustained,diagnosis_processing_ms_std,p95,1.9252039284815075,5
hybrid,fault_sustained,diagnosis_processing_ms_std,min,0.14928784129706957,5
hybrid,fault_sustained,diagnosis_processing_ms_std,max,2.3486557961735057,5
hybrid,fault_sustained,diagnosis_requests,count,5,5
hybrid,fault_sustained,diagnosis_requests,mean,23.4,5
hybrid,fault_sustained,diagnosis_requests,median,23.0,5
hybrid,fault_sustained,diagnosis_requests,std,0.5477225575051661,5
hybrid,fault_sustained,diagnosis_requests,p95,24.0,5
hybrid,fault_sustained,diagnosis_requests,min,23.0,5
hybrid,fault_sustained,diagnosis_requests,max,24.0,5
hybrid,fault_sustained,e2e_latency_ms_count,count,5,5
hybrid,fault_sustained,e2e_latency_ms_count,mean,23.4,5
hybrid,fault_sustained,e2e_latency_ms_count,median,23.0,5
hybrid,fault_sustained,e2e_latency_ms_count,std,0.5477225575051661,5
hybrid,fault_sustained,e2e_latency_ms_count,p95,24.0,5
hybrid,fault_sustained,e2e_latency_ms_count,min,23.0,5
hybrid,fault_sustained,e2e_latency_ms_count,max,24.0,5
hybrid,fault_sustained,e2e_latency_ms_max,count,5,5
hybrid,fault_sustained,e2e_latency_ms_max,mean,10056.77227973938,5
hybrid,fault_sustained,e2e_latency_ms_max,median,10056.490182876587,5
hybrid,fault_sustained,e2e_latency_ms_max,std,3.792256170711587,5
hybrid,fault_sustained,e2e_latency_ms_max,p95,10061.658716201782,5
hybrid,fault_sustained,e2e_latency_ms_max,min,10052.627325057983,5
hybrid,fault_sustained,e2e_latency_ms_max,max,10062.75749206543,5
hybrid,fault_sustained,e2e_latency_ms_mean,count,5,5
hybrid,fault_sustained,e2e_latency_ms_mean,mean,9935.438360856928,5
hybrid,fault_sustained,e2e_latency_ms_mean,median,9968.876123428345,5
hybrid,fault_sustained,e2e_latency_ms_mean,std,76.64714979921318,5
hybrid,fault_sustained,e2e_latency_ms_mean,p95,10005.287842128588,5
hybrid,fault_sustained,e2e_latency_ms_mean,min,9847.49667843183,5
hybrid,fault_sustained,e2e_latency_ms_mean,max,10008.046948391458,5
hybrid,fault_sustained,e2e_latency_ms_median,count,5,5
hybrid,fault_sustained,e2e_latency_ms_median,mean,9999.808835983276,5
hybrid,fault_sustained,e2e_latency_ms_median,median,10003.329396247864,5
hybrid,fault_sustained,e2e_latency_ms_median,std,8.950914286686151,5
hybrid,fault_sustained,e2e_latency_ms_median,p95,10007.41708278656,5
hybrid,fault_sustained,e2e_latency_ms_median,min,9985.231876373291,5
hybrid,fault_sustained,e2e_latency_ms_median,max,10008.140802383423,5
hybrid,fault_sustained,e2e_latency_ms_min,count,5,5
hybrid,fault_sustained,e2e_latency_ms_min,mean,8473.58627319336,5
hybrid,fault_sustained,e2e_latency_ms_min,median,9624.173164367676,5
hybrid,fault_sustained,e2e_latency_ms_min,std,1863.1882052073936,5
hybrid,fault_sustained,e2e_latency_ms_min,p95,9948.79937171936,5
hybrid,fault_sustained,e2e_latency_ms_min,min,6286.46993637085,5
hybrid,fault_sustained,e2e_latency_ms_min,max,9960.631132125854,5
hybrid,fault_sustained,e2e_latency_ms_p95,count,5,5
hybrid,fault_sustained,e2e_latency_ms_p95,mean,10047.652311325073,5
hybrid,fault_sustained,e2e_latency_ms_p95,median,10049.859356880188,5
hybrid,fault_sustained,e2e_latency_ms_p95,std,6.20222800128325,5
hybrid,fault_sustained,e2e_latency_ms_p95,p95,10054.07220363617,5
hybrid,fault_sustained,e2e_latency_ms_p95,min,10040.57879447937,5
hybrid,fault_sustained,e2e_latency_ms_p95,max,10054.758834838867,5
hybrid,fault_sustained,e2e_latency_ms_std,count,5,5
hybrid,fault_sustained,e2e_latency_ms_std,mean,324.0256309641002,5
hybrid,fault_sustained,e2e_latency_ms_std,median,92.83921868936982,5
hybrid,fault_sustained,e2e_latency_ms_std,std,370.02496261893975,5
hybrid,fault_sustained,e2e_latency_ms_std,p95,746.8483315739197,5
hybrid,fault_sustained,e2e_latency_ms_std,min,30.024257242016567,5
hybrid,fault_sustained,e2e_latency_ms_std,max,759.5527558376489,5
hybrid,fault_sustained,escalation_rate,count,5,5
hybrid,fault_sustained,escalation_rate,mean,1.0,5
hybrid,fault_sustained,escalation_rate,median,1.0,5
hybrid,fault_sustained,escalation_rate,std,0.0,5
hybrid,fault_sustained,escalation_rate,p95,1.0,5
hybrid,fault_sustained,escalation_rate,min,1.0,5
hybrid,fault_sustained,escalation_rate,max,1.0,5
hybrid,fault_sustained,estimated_cloud_data_bytes,count,5,5
hybrid,fault_sustained,estimated_cloud_data_bytes,mean,2114355.722,5
hybrid,fault_sustained,estimated_cloud_data_bytes,median,2091486.2000000002,5
hybrid,fault_sustained,estimated_cloud_data_bytes,std,34056.83047295021,5
hybrid,fault_sustained,estimated_cloud_data_bytes,p95,2152471.592,5
hybrid,fault_sustained,estimated_cloud_data_bytes,min,2086599.55,5
hybrid,fault_sustained,estimated_cloud_data_bytes,max,2153057.99,5
hybrid,fault_sustained,estimated_cloud_data_bytes_per_minute,count,5,5
hybrid,fault_sustained,estimated_cloud_data_bytes_per_minute,mean,423233.2191672587,5
hybrid,fault_sustained,estimated_cloud_data_bytes_per_minute,median,418858.3706712749,5
hybrid,fault_sustained,estimated_cloud_data_bytes_per_minute,std,6686.57897751659,5
hybrid,fault_sustained,estimated_cloud_data_bytes_per_minute,p95,430575.56277819106,5
hybrid,fault_sustained,estimated_cloud_data_bytes_per_minute,min,417489.6516034088,5
hybrid,fault_sustained,estimated_cloud_data_bytes_per_minute,max,430603.2356903317,5
